id,vehicle_model,owner_name,owner_phone_number,vehicle_id,service_date,service_type,description,mileage,cost,next_service_date,mechanic_name
af56f1ad-4e1b-4541-8d3e-b2ac61717ca6,Mahindra XUV300,Rahul Gupta,+91 7606012556,mahindra_xuv300_3292,2023-04-13T12:00:00,Wheel Alignment & Balancing,Steering pull corrected by wheel alignment.,91273,1799.98,2023-11-16T12:00:00,Sameer
345ee0bf-f63a-4336-8341-e1a049483ef7,Maruti Baleno,Arjun Verma,+91 9949036452,maruti_baleno_3186,2023-11-05T12:00:00,Engine Repair,Timing belt replaced and engine tuned.,122359,19074.93,2025-05-09T12:00:00,Kiran
4b253134-add6-47fc-a262-18b3362d1b26,Hyundai Creta,Praveen Patel,+91 7479060215,hyundai_creta_1966,2023-06-09T12:00:00,General Service,"Periodic service, fluids checked and topped up.",64686,4424.67,2024-01-12T12:00:00,Kiran
8f7b17fb-2fc4-4c24-a270-4a12967d67f2,Maruti Swift,Varsha Naik,+91 8101943382,maruti_swift_6204,2025-08-04T12:00:00,Engine Repair,Engine overhaul and major internal components serviced.,5531,13923.25,2027-01-26T12:00:00,Sameer
5c1a14b8-379f-4e43-b434-0b62f3446d29,Tata Nexon,Varsha Mehta,+91 8335610235,tata_nexon_2840,2024-03-09T12:00:00,AC Repair,AC vents cleaned and cabin filter replaced.,35764,2505.67,2024-10-05T12:00:00,Kiran
31e295f2-d2d0-414c-bfa5-a0e041ff33bf,Honda City,Arjun Patel,+91 7643162980,honda_city_3287,2024-02-14T12:00:00,Clutch Overhaul,"Clutch slip issue fixed, release bearing replaced.",77596,16409.16,2025-08-09T12:00:00,Manoj
1bfbb66c-ac46-444a-b526-9f42a5883f76,Honda City,Shreya Mehta,+91 8144980933,honda_city_7537,2024-05-29T12:00:00,General Service,Standard service with air filter cleaning and washing.,101693,6795.57,2024-12-03T12:00:00,Sameer
3de34485-9564-4e51-99c5-98bfb0fadbc0,Tata Nexon,Shreya Verma,+91 9985778465,tata_nexon_8536,2024-07-27T12:00:00,Brake Service,Front brake pads and discs inspected and replaced.,145483,4501.73,2025-02-16T12:00:00,Kiran
63dab212-cc48-4c13-85b9-8c58f2055d59,Hyundai i20,Rohan Verma,+91 9826746085,hyundai_i20_6317,2024-08-05T12:00:00,Wheel Alignment & Balancing,4-wheel alignment and balancing done.,172168,1813.21,2024-12-24T12:00:00,Shiva
5efe5dfa-5647-4c95-9af4-1041152d7cdb,Maruti Baleno,Sneha Gupta,+91 8497462956,maruti_baleno_3142,2023-12-22T12:00:00,General Service,"Periodic service, fluids checked and topped up.",132250,3749.12,2024-07-24T12:00:00,Manoj
dcedadae-e7c7-4a18-b37d-096c03f0884f,Maruti Baleno,Nisha Gupta,+91 7225795393,maruti_baleno_4080,2025-12-03T12:00:00,General Service,"Periodic service, fluids checked and topped up.",30474,3462.8,2026-04-25T12:00:00,Ramesh
b3300bda-5951-4584-914e-f3949bfb98fa,Mahindra XUV300,Nisha Kumar,+91 8570347641,mahindra_xuv300_7516,2025-03-21T12:00:00,Wheel Alignment & Balancing,Steering pull corrected by wheel alignment.,42918,865.62,2025-09-01T12:00:00,Deepak
190a3be5-2a3b-4aaf-a040-7ab1f75a6360,Maruti Baleno,Rahul Naik,+91 9585608724,maruti_baleno_7555,2024-07-29T12:00:00,Wheel Alignment & Balancing,Tyre rotation and balancing performed.,79677,1252.54,2025-01-12T12:00:00,Anil
12195f58-3f9a-4c5c-b1f0-175aaab6556f,Tata Nexon,Arjun Patel,+91 9722626568,tata_nexon_6754,2023-09-11T12:00:00,Clutch Overhaul,"Clutch slip issue fixed, release bearing replaced.",57271,14707.1,2024-07-03T12:00:00,Deepak
f786c3b5-d2ff-4cc2-adfc-9483927d755c,Maruti Swift,Rahul Verma,+91 8661717450,maruti_swift_5142,2023-05-17T12:00:00,AC Repair,AC vents cleaned and cabin filter replaced.,76724,4279.86,2024-01-07T12:00:00,Ramesh
489f7d15-0b7f-40a7-b2b3-08c04d311b6d,Maruti Baleno,Amit Reddy,+91 9648040106,maruti_baleno_8147,2025-01-08T12:00:00,General Service,Standard service with air filter cleaning and washing.,11141,4672.05,2025-07-20T12:00:00,Anil
66935232-f489-4a91-8a28-29957a02b30a,Hyundai Creta,Arjun Kumar,+91 8212543067,hyundai_creta_2529,2025-02-12T12:00:00,General Service,"Periodic service, fluids checked and topped up.",94184,5243.0,2025-08-12T12:00:00,Ramesh
fed3745e-6935-4a26-9ac7-7ab33668afb2,Honda City,Amit Shetty,+91 8440141829,honda_city_4353,2023-09-29T12:00:00,Brake Service,Rear brake pads replaced and brake fluid topped up.,114412,5334.03,2024-05-27T12:00:00,Sameer
7d7aecb5-3680-4e2f-8753-8bb319ab1606,Hyundai i20,Shreya Sharma,+91 9757664305,hyundai_i20_4582,2025-10-15T12:00:00,AC Repair,"Cooling issue fixed, condenser cleaned.",158342,5071.43,2026-06-04T12:00:00,Kiran
117c7062-20eb-41fd-b346-e2913c7e92da,Tata Nexon,Varsha Kumar,+91 9727524337,tata_nexon_4454,2023-12-27T12:00:00,Wheel Alignment & Balancing,Steering pull corrected by wheel alignment.,173368,1177.99,2024-07-27T12:00:00,Kiran
5ffb80bd-0bc2-4b75-80d4-b2ccf89c8ad8,Kia Seltos,Rohan Reddy,+91 8718028377,kia_seltos_1733,2023-05-23T12:00:00,Clutch Overhaul,Full clutch kit replaced.,12491,11259.4,2024-08-12T12:00:00,Ramesh
a661a5f8-e8b2-4584-b3aa-294202eccc7f,Mahindra XUV300,Nisha Sharma,+91 8892989029,mahindra_xuv300_3406,2025-10-05T12:00:00,General Service,"Periodic service, fluids checked and topped up.",133740,4046.73,2026-05-10T12:00:00,Anil
9bcaae07-5023-4535-803c-5f0df8a2d29e,Hyundai Creta,Rohan Naik,+91 9027149308,hyundai_creta_2984,2024-02-17T12:00:00,General Service,"Periodic service, fluids checked and topped up.",57069,5156.24,2024-07-17T12:00:00,Ramesh
fb6e632b-e1d7-4b3b-b470-56cb671b2239,Mahindra XUV300,Arjun Kumar,+91 8568879516,mahindra_xuv300_4004,2024-03-14T12:00:00,AC Repair,AC gas refilled and compressor checked.,55807,3717.17,2024-07-28T12:00:00,Manoj
1d152dd7-4b57-4ba5-896e-8bc916c442a1,Kia Seltos,Rahul Mehta,+91 8991296153,kia_seltos_9385,2024-10-13T12:00:00,General Service,"Engine oil and oil filter changed, general inspection done.",24967,4531.28,2025-05-14T12:00:00,Shiva
2e387a3e-1732-4027-bd89-d1dd9ff1600a,Hyundai i20,Varsha Rao,+91 9830173397,hyundai_i20_8820,2025-08-09T12:00:00,General Service,Standard service with air filter cleaning and washing.,12283,4605.11,2026-03-12T12:00:00,Deepak
47ef0ad8-89a3-4e6f-97bb-705585fa369b,Hyundai i20,Rahul Patel,+91 9185210223,hyundai_i20_4325,2023-05-31T12:00:00,General Service,"Periodic service, fluids checked and topped up.",77514,3667.75,2023-12-16T12:00:00,Shiva
9d4d09e1-a42b-4c48-99ed-a06868d8abbc,Hyundai i20,Amit Patel,+91 9627403913,hyundai_i20_2465,2025-09-14T12:00:00,Brake Service,Rear brake pads replaced and brake fluid topped up.,153967,4316.18,2026-03-10T12:00:00,Kiran
d72cdfe8-7a90-44c0-96f6-eea9d91a512c,Maruti Baleno,Rahul Naik,+91 7010159629,maruti_baleno_4416,2024-08-01T12:00:00,Brake Service,Rear brake pads replaced and brake fluid topped up.,31996,2748.9,2025-01-29T12:00:00,Anil
0358fbd3-da56-4b1f-96f3-3039e3f97e57,Mahindra XUV300,Rohan Gupta,+91 9452192154,mahindra_xuv300_1466,2025-12-28T12:00:00,Engine Repair,"Misfiring issue fixed, spark plugs replaced.",71758,16521.79,2027-04-04T12:00:00,Sameer
2376924c-353c-468d-8741-b54314bc0526,Kia Seltos,Shreya Patel,+91 7104988322,kia_seltos_8923,2023-05-28T12:00:00,Wheel Alignment & Balancing,Tyre rotation and balancing performed.,65417,1266.68,2023-12-18T12:00:00,Manoj
1460dd90-4edc-449c-8a07-6f42784306a6,Hyundai Creta,Nisha Mehta,+91 9906853250,hyundai_creta_3720,2024-11-24T12:00:00,Wheel Alignment & Balancing,Steering pull corrected by wheel alignment.,16999,1464.4,2025-05-28T12:00:00,Ramesh
cd12cac9-876b-4830-b76d-5faa07760a50,Maruti Baleno,Varsha Reddy,+91 9721156014,maruti_baleno_8185,2024-12-22T12:00:00,Clutch Overhaul,"Clutch slip issue fixed, release bearing replaced.",49275,9128.48,2026-06-11T12:00:00,Irfan
2f28585a-01fe-426c-aaca-0c2faa9a4ba1,Hyundai i20,Rohan Kumar,+91 7018872349,hyundai_i20_4746,2024-03-23T12:00:00,Engine Repair,Engine overhaul and major internal components serviced.,137933,13219.67,2025-06-05T12:00:00,Deepak
3351cfb0-b2fc-45ef-af38-d5bd1bcf7080,Mahindra XUV300,Amit Sharma,+91 8281002822,mahindra_xuv300_5796,2024-12-21T12:00:00,General Service,Standard service with air filter cleaning and washing.,128831,4337.49,2025-06-10T12:00:00,Deepak
292fc4ff-d4c9-459d-8eef-d553f7766214,Hyundai Creta,Shreya Gupta,+91 7881708255,hyundai_creta_4505,2025-05-30T12:00:00,General Service,Standard service with air filter cleaning and washing.,47585,4622.01,2025-11-08T12:00:00,Irfan
941fe8d0-c8fe-4701-b5bf-d30df0d755bc,Maruti Swift,Karthik Patel,+91 9628939632,maruti_swift_9135,2025-04-29T12:00:00,Wheel Alignment & Balancing,Steering pull corrected by wheel alignment.,74906,773.69,2025-09-04T12:00:00,Ramesh
254e6ab5-2c08-4a60-bcfd-469bb29d4438,Maruti Swift,Praveen Sharma,+91 7487964643,maruti_swift_6403,2023-03-08T12:00:00,General Service,"Engine oil and oil filter changed, general inspection done.",55295,2519.73,2023-10-01T12:00:00,Sameer
ac6cd1e6-173e-4b96-8f4b-d6ddadb08da9,Honda City,Shreya Naik,+91 9960840263,honda_city_7240,2023-09-04T12:00:00,Clutch Overhaul,Full clutch kit replaced.,68402,13022.23,2024-10-12T12:00:00,Sameer
9982dfcd-5ab9-45d8-bdd9-46c7eb79f0b2,Hyundai i20,Sneha Naik,+91 7950110712,hyundai_i20_5455,2023-08-01T12:00:00,Clutch Overhaul,"Clutch slip issue fixed, release bearing replaced.",42371,8925.14,2025-01-23T12:00:00,Kiran
6d2956b9-e0a5-4001-91a8-20aa81d95855,Maruti Baleno,Nisha Verma,+91 7295445009,maruti_baleno_3351,2025-03-29T12:00:00,Battery Replacement,Battery terminals cleaned and new battery installed.,72143,7944.36,2026-01-08T12:00:00,Anil
f7b01cb1-99f3-4308-bdc3-462e98844b9e,Hyundai Creta,Rohan Reddy,+91 7523095942,hyundai_creta_4624,2024-03-20T12:00:00,Battery Replacement,No-start issue fixed with new battery.,22747,8203.34,2024-10-31T12:00:00,Deepak
b8c252dd-1505-4669-b50b-045547c9f30c,Kia Seltos,Arjun Kumar,+91 7896557319,kia_seltos_7684,2025-09-03T12:00:00,Brake Service,Rear brake pads replaced and brake fluid topped up.,178972,4988.18,2026-01-25T12:00:00,Irfan
5a191a0f-e5cf-4f3f-9715-dd1e10745787,Tata Nexon,Arjun Kumar,+91 8173307706,tata_nexon_1133,2025-12-07T12:00:00,Battery Replacement,Battery terminals cleaned and new battery installed.,12946,2942.45,2026-08-29T12:00:00,Sameer
247dd8c4-0e79-4314-8b46-1e46a1e6c093,Mahindra XUV300,Shreya Patel,+91 8801703604,mahindra_xuv300_6950,2025-11-17T12:00:00,Clutch Overhaul,"Clutch slip issue fixed, release bearing replaced.",122295,26396.74,2026-08-01T12:00:00,Deepak
547bec29-d88e-4151-9db5-5fa716015f94,Honda City,Varsha Shetty,+91 9243135169,honda_city_2510,2025-12-31T12:00:00,AC Repair,"Cooling issue fixed, condenser cleaned.",155354,5602.73,2026-04-27T12:00:00,Ramesh
7f215d95-fbca-4166-acd5-20bad6361cc5,Maruti Baleno,Karthik Reddy,+91 8557812660,maruti_baleno_8280,2025-09-14T12:00:00,AC Repair,AC gas refilled and compressor checked.,111235,3112.61,2026-01-18T12:00:00,Manoj
dd491fc6-aae0-40e8-8e23-9bcccffad9f2,Hyundai Creta,Nisha Reddy,+91 8030793754,hyundai_creta_2082,2025-11-11T12:00:00,Battery Replacement,No-start issue fixed with new battery.,145254,11257.95,2027-04-22T12:00:00,Irfan
eeab698f-90a2-4014-9d3d-51b438dd1cf8,Maruti Swift,Praveen Shetty,+91 7331098755,maruti_swift_8382,2023-02-14T12:00:00,General Service,Standard service with air filter cleaning and washing.,31403,4816.57,2023-07-20T12:00:00,Manoj
a7b22054-6f56-48c0-b7a9-1be279c26a50,Honda City,Rohan Patel,+91 8830897917,honda_city_8027,2023-06-06T12:00:00,AC Repair,"Cooling issue fixed, condenser cleaned.",133915,4860.0,2023-10-24T12:00:00,Deepak
b47ef41b-f3b3-45a3-9e49-42cf339fb67a,Kia Seltos,Rahul Sharma,+91 9378375932,kia_seltos_5365,2023-05-19T12:00:00,General Service,"Engine oil and oil filter changed, general inspection done.",110811,6092.13,2023-10-02T12:00:00,Sameer
e0b92b57-27b6-4f81-b645-3b725670e9ee,Maruti Swift,Rohan Mehta,+91 9904259850,maruti_swift_7664,2025-02-07T12:00:00,Wheel Alignment & Balancing,Tyre rotation and balancing performed.,83420,1512.46,2025-10-19T12:00:00,Anil
0f3fc39d-411e-437d-8d69-b1c8179d22c8,Maruti Swift,Varsha Reddy,+91 9010332667,maruti_swift_1639,2024-01-18T12:00:00,Battery Replacement,No-start issue fixed with new battery.,29192,7803.0,2025-03-25T12:00:00,Deepak
7b41b2f5-4066-428d-986e-9ef712f5be3e,Hyundai i20,Praveen Sharma,+91 8389077515,hyundai_i20_6491,2024-08-03T12:00:00,General Service,"Periodic service, fluids checked and topped up.",146278,3917.87,2025-02-03T12:00:00,Sameer
2616b68d-7590-4363-af4b-9d14a36270dc,Mahindra XUV300,Praveen Kumar,+91 7122222401,mahindra_xuv300_6324,2025-05-29T12:00:00,Clutch Overhaul,"Clutch slip issue fixed, release bearing replaced.",43852,9068.77,2026-09-18T12:00:00,Sameer
8cfb4c9f-4929-432d-8bb8-eef8f9e49421,Mahindra XUV300,Amit Sharma,+91 9006285313,mahindra_xuv300_3532,2023-11-27T12:00:00,General Service,"Engine oil and oil filter changed, general inspection done.",10942,4652.66,2024-06-18T12:00:00,Ramesh
28384bca-1235-4d9f-92de-20df0dc707d1,Kia Seltos,Praveen Reddy,+91 7345216591,kia_seltos_8219,2024-10-29T12:00:00,General Service,"Periodic service, fluids checked and topped up.",92782,4092.89,2025-05-29T12:00:00,Kiran
f3578efe-e6e5-4374-8487-9e6721b9610b,Maruti Swift,Amit Sharma,+91 9460470981,maruti_swift_7105,2023-01-22T12:00:00,General Service,Standard service with air filter cleaning and washing.,48759,4504.27,2023-08-26T12:00:00,Anil
01341962-0f0b-4a0f-8537-61d1461a747e,Kia Seltos,Amit Reddy,+91 8482292627,kia_seltos_8196,2025-03-17T12:00:00,Brake Service,Rear brake pads replaced and brake fluid topped up.,154979,5458.37,2025-08-23T12:00:00,Deepak
1a5517d0-4691-49c2-8a0e-710e08aecfce,Mahindra XUV300,Rohan Sharma,+91 8955071404,mahindra_xuv300_6939,2023-11-28T12:00:00,Brake Service,"Brake noise complaint resolved, pads adjusted.",103867,3725.97,2024-05-21T12:00:00,Ramesh
668b1bce-8d56-4e4c-91e4-d30b3925769d,Maruti Baleno,Rohan Patel,+91 8694410722,maruti_baleno_5385,2024-08-07T12:00:00,Brake Service,"Brake noise complaint resolved, pads adjusted.",160331,4438.64,2025-01-26T12:00:00,Deepak
a3700b18-8501-4485-9fa0-6ba06ee1c78d,Kia Seltos,Sneha Gupta,+91 8962448425,kia_seltos_7882,2023-04-04T12:00:00,General Service,"Periodic service, fluids checked and topped up.",85212,4118.12,2023-08-23T12:00:00,Anil
b0992287-250f-480a-9b0e-a48b5e9112a3,Kia Seltos,Shreya Verma,+91 9102420092,kia_seltos_5135,2025-07-12T12:00:00,General Service,"Periodic service, fluids checked and topped up.",89261,4952.48,2025-12-08T12:00:00,Manoj
e8edb3dc-1f13-4d3d-bd23-6e03a2d4b509,Honda City,Varsha Verma,+91 7393324440,honda_city_8586,2025-12-09T12:00:00,Wheel Alignment & Balancing,4-wheel alignment and balancing done.,62273,2006.99,2026-04-08T12:00:00,Shiva
88796e04-5783-4ac6-b483-c97b2e5c7b57,Honda City,Rohan Shetty,+91 9049471154,honda_city_5861,2024-08-03T12:00:00,AC Repair,AC gas refilled and compressor checked.,76183,5877.18,2024-11-30T12:00:00,Kiran
e642fc52-0a74-4ed8-8115-da6ca2b50c7f,Kia Seltos,Varsha Mehta,+91 9782807040,kia_seltos_4376,2025-04-13T12:00:00,General Service,"Engine oil and oil filter changed, general inspection done.",87206,4059.14,2025-11-14T12:00:00,Ramesh
a2ed5c53-030c-456a-829f-ba7688a5b5a1,Maruti Baleno,Amit Rao,+91 9448419600,maruti_baleno_9690,2024-01-05T12:00:00,AC Repair,AC gas refilled and compressor checked.,117496,3315.32,2024-07-03T12:00:00,Manoj
74e72d33-51a3-4aa9-aeea-8cebb9d9ab97,Honda City,Praveen Mehta,+91 8209105630,honda_city_9486,2025-10-22T12:00:00,Brake Service,"Brake noise complaint resolved, pads adjusted.",32682,3637.93,2026-04-03T12:00:00,Sameer
381fa78d-6ba5-4db6-b84c-a672d19b69f9,Tata Nexon,Karthik Reddy,+91 9082123363,tata_nexon_2069,2025-07-30T12:00:00,General Service,"Engine oil and oil filter changed, general inspection done.",105000,3263.0,2026-03-02T12:00:00,Kiran
8fdd7e9b-93f0-4c07-bd30-b3b05b1c84fa,Tata Nexon,Varsha Gupta,+91 7628081872,tata_nexon_3160,2024-08-09T12:00:00,Clutch Overhaul,Full clutch kit replaced.,18556,18862.72,2025-04-16T12:00:00,Shiva
816f8310-1328-45d8-a9ab-a77bbec12d59,Hyundai i20,Nisha Gupta,+91 8088178384,hyundai_i20_8052,2024-12-15T12:00:00,General Service,"Engine oil and oil filter changed, general inspection done.",101843,4273.89,2025-05-20T12:00:00,Deepak
98835580-8991-4d9e-a54a-bef2a3d28acf,Kia Seltos,Rahul Rao,+91 9425568517,kia_seltos_2262,2023-11-21T12:00:00,Wheel Alignment & Balancing,Tyre rotation and balancing performed.,6206,990.07,2024-05-28T12:00:00,Deepak
532e5f2e-4796-4ad5-bcec-209c5a20a110,Maruti Swift,Amit Mehta,+91 7174321588,maruti_swift_4240,2024-05-12T12:00:00,General Service,"Engine oil and oil filter changed, general inspection done.",157091,4526.71,2024-11-23T12:00:00,Kiran
0e4c901a-f75e-4834-a1a4-f0485f24e404,Maruti Swift,Varsha Shetty,+91 7664234833,maruti_swift_1257,2025-06-26T12:00:00,Brake Service,Rear brake pads replaced and brake fluid topped up.,139934,2060.7,2026-02-18T12:00:00,Manoj
6a0d70d7-496a-4edd-95a4-7367e8c94c0c,Maruti Swift,Arjun Gupta,+91 7428439508,maruti_swift_7880,2025-11-21T12:00:00,Wheel Alignment & Balancing,4-wheel alignment and balancing done.,72683,1867.16,2026-07-19T12:00:00,Irfan
87840f37-64cc-44df-8e1e-5fb18c82dde9,Kia Seltos,Rahul Patel,+91 9178858481,kia_seltos_8053,2025-02-21T12:00:00,General Service,"Engine oil and oil filter changed, general inspection done.",20564,4265.19,2025-09-25T12:00:00,Kiran
bedbf7c3-5f0d-4ce0-a41a-4b61c9526612,Maruti Swift,Sneha Naik,+91 9456223594,maruti_swift_1841,2024-09-13T12:00:00,Clutch Overhaul,"Clutch slip issue fixed, release bearing replaced.",111814,15480.5,2025-10-07T12:00:00,Shiva
2ef983ed-371a-42ff-a1b5-ecce7764ac07,Honda City,Nisha Patel,+91 9459011928,honda_city_6515,2023-08-13T12:00:00,AC Repair,AC vents cleaned and cabin filter replaced.,132991,4221.47,2024-03-10T12:00:00,Ramesh
876965bc-225f-4a99-aa50-104ab3d91162,Tata Nexon,Praveen Mehta,+91 8721697526,tata_nexon_3160,2024-11-07T12:00:00,AC Repair,"Cooling issue fixed, condenser cleaned.",61460,2933.62,2025-05-26T12:00:00,Manoj
8f39a1e5-7d79-47d5-b627-6024adfa8a24,Hyundai i20,Nisha Mehta,+91 9244618843,hyundai_i20_2951,2024-09-14T12:00:00,Brake Service,Front brake pads and discs inspected and replaced.,51985,2085.15,2025-03-07T12:00:00,Irfan
469a974a-cefd-4a9c-b8ce-6cbe0cb80c4c,Hyundai Creta,Praveen Rao,+91 9682997006,hyundai_creta_8169,2025-04-03T12:00:00,Wheel Alignment & Balancing,4-wheel alignment and balancing done.,154163,2471.98,2025-10-19T12:00:00,Deepak
e2a59ebb-6022-4bdf-aad5-9cd46e956b2f,Hyundai i20,Amit Kumar,+91 7976741813,hyundai_i20_8451,2024-02-14T12:00:00,General Service,"Periodic service, fluids checked and topped up.",147668,6567.63,2024-08-12T12:00:00,Anil
2c650c1c-706e-4979-bd09-940253d2cd07,Hyundai i20,Praveen Gupta,+91 7131116740,hyundai_i20_7841,2023-04-28T12:00:00,Wheel Alignment & Balancing,4-wheel alignment and balancing done.,95137,1200.76,2023-10-28T12:00:00,Deepak
83cbacda-62ec-46f4-a935-d7391cd3b914,Honda City,Shreya Kumar,+91 7840888649,honda_city_8827,2025-11-09T12:00:00,General Service,Standard service with air filter cleaning and washing.,130762,4226.54,2026-03-30T12:00:00,Ramesh
90710ab0-b44b-4573-bd29-700acb72ceb9,Hyundai i20,Karthik Patel,+91 8770802543,hyundai_i20_3059,2025-01-17T12:00:00,General Service,"Engine oil and oil filter changed, general inspection done.",174065,3881.09,2025-07-02T12:00:00,Kiran
9e09fd10-d976-47b6-9c6d-454cdab3fb23,Kia Seltos,Amit Gupta,+91 8254080203,kia_seltos_6227,2024-08-14T12:00:00,General Service,"Periodic service, fluids checked and topped up.",115922,4722.83,2025-03-08T12:00:00,Anil
159d9fc9-c099-4cc4-827a-cd9012e17c5b,Maruti Swift,Rohan Naik,+91 9962422456,maruti_swift_2789,2024-10-24T12:00:00,Wheel Alignment & Balancing,4-wheel alignment and balancing done.,109637,1496.54,2025-03-25T12:00:00,Anil
47edcff7-304e-48eb-bd90-bb8d65c0d5b0,Maruti Baleno,Karthik Shetty,+91 7170496583,maruti_baleno_5252,2023-05-07T12:00:00,Battery Replacement,Old battery replaced with new 60Ah unit.,77237,6103.07,2024-01-03T12:00:00,Manoj
7c744757-3874-4006-a020-2512ada10eac,Maruti Baleno,Amit Sharma,+91 7821914750,maruti_baleno_6425,2024-02-18T12:00:00,Wheel Alignment & Balancing,4-wheel alignment and balancing done.,33623,1348.73,2024-06-23T12:00:00,Manoj
7e84daa3-967c-4949-94ce-f12ce788c7e1,Maruti Swift,Sneha Mehta,+91 8746468479,maruti_swift_6830,2025-08-06T12:00:00,Brake Service,Front brake pads and discs inspected and replaced.,12741,2910.31,2026-01-02T12:00:00,Anil
e15b9996-353c-4f20-85df-0707847d88e8,Honda City,Karthik Kumar,+91 8911305952,honda_city_6233,2025-02-25T12:00:00,Brake Service,Rear brake pads replaced and brake fluid topped up.,102063,3170.29,2025-09-30T12:00:00,Kiran
f4a32cf5-45b3-4313-b6fe-dc46fa6a19e2,Honda City,Arjun Sharma,+91 7915841779,honda_city_4055,2024-12-16T12:00:00,General Service,Standard service with air filter cleaning and washing.,75745,2838.77,2025-05-05T12:00:00,Sameer
c1a23712-c96d-4c4e-8bb6-2c279719d2a4,Honda City,Praveen Naik,+91 7581059009,honda_city_4234,2024-05-15T12:00:00,Brake Service,"Brake noise complaint resolved, pads adjusted.",47610,3430.14,2024-09-28T12:00:00,Kiran
e566116f-0bf8-4992-9684-43ba330ee10a,Tata Nexon,Karthik Shetty,+91 9881621843,tata_nexon_3264,2025-02-13T12:00:00,Engine Repair,Engine overhaul and major internal components serviced.,90635,18698.55,2026-06-06T12:00:00,Kiran
889b3936-be33-43d7-bdb5-d3379aa81e7e,Mahindra XUV300,Shreya Sharma,+91 7809381380,mahindra_xuv300_4726,2024-08-12T12:00:00,General Service,"Engine oil and oil filter changed, general inspection done.",84498,4803.17,2025-03-08T12:00:00,Irfan
ea8b6804-be6e-4ba8-bdc0-5a8936b9ceca,Hyundai i20,Rahul Gupta,+91 8024947832,hyundai_i20_8305,2025-04-11T12:00:00,General Service,"Periodic service, fluids checked and topped up.",46222,5028.86,2025-08-31T12:00:00,Irfan
1e092f0e-5008-4af2-8e86-d625ae7c5773,Kia Seltos,Arjun Patel,+91 8351840308,kia_seltos_1943,2025-09-18T12:00:00,General Service,Standard service with air filter cleaning and washing.,17932,3505.44,2026-04-02T12:00:00,Anil
93aed68b-9e88-4f44-8d73-8e1d90446aa4,Tata Nexon,Amit Sharma,+91 8628206793,tata_nexon_8518,2024-11-09T12:00:00,AC Repair,AC gas refilled and compressor checked.,72093,3344.92,2025-07-06T12:00:00,Kiran
182ca0fd-1ed3-4369-82d5-10d68e663893,Maruti Baleno,Sneha Sharma,+91 8166306113,maruti_baleno_8313,2025-10-31T12:00:00,General Service,Standard service with air filter cleaning and washing.,53780,3767.99,2026-06-04T12:00:00,Ramesh
cc6405bb-8752-48f2-a36a-f2397663896f,Maruti Swift,Amit Verma,+91 7355379974,maruti_swift_7156,2023-02-27T12:00:00,General Service,"Engine oil and oil filter changed, general inspection done.",153115,5850.64,2023-08-19T12:00:00,Manoj
8b62fa15-92c0-4dfc-89f7-e10a6d08de3a,Maruti Baleno,Rohan Reddy,+91 9587386387,maruti_baleno_1745,2023-12-29T12:00:00,AC Repair,AC gas refilled and compressor checked.,53063,1987.87,2024-09-03T12:00:00,Manoj
640c48b2-ddbd-48ee-a66a-0a946c7c2cfa,Hyundai i20,Varsha Patel,+91 9317645515,hyundai_i20_7543,2023-03-22T12:00:00,General Service,"Engine oil and oil filter changed, general inspection done.",132983,5212.28,2023-10-07T12:00:00,Manoj
1748b30e-4b14-42b7-b326-e45390eb6493,Maruti Baleno,Nisha Kumar,+91 8382227088,maruti_baleno_4448,2024-05-26T12:00:00,AC Repair,AC vents cleaned and cabin filter replaced.,39435,2724.41,2025-01-22T12:00:00,Deepak
50593aba-7491-4ad1-93b2-ebac1f6f26a0,Kia Seltos,Shreya Kumar,+91 8022672079,kia_seltos_3446,2024-08-04T12:00:00,AC Repair,AC vents cleaned and cabin filter replaced.,136393,6153.94,2025-03-11T12:00:00,Shiva
d0d4f3e9-a6ed-45cd-9637-321fcad93aa4,Hyundai i20,Nisha Mehta,+91 9065964427,hyundai_i20_6972,2023-08-01T12:00:00,Wheel Alignment & Balancing,Steering pull corrected by wheel alignment.,118721,1346.91,2024-04-12T12:00:00,Deepak
086a8e21-79a3-4ad3-9c1d-bec009ee1d78,Honda City,Karthik Rao,+91 8114992288,honda_city_5451,2025-02-28T12:00:00,Engine Repair,Timing belt replaced and engine tuned.,138362,30031.86,2026-06-18T12:00:00,Manoj
23163949-5cc4-41c4-8920-8ceb5c1661f3,Honda City,Rohan Naik,+91 9191442405,honda_city_7329,2023-03-30T12:00:00,Wheel Alignment & Balancing,Steering pull corrected by wheel alignment.,110777,1174.62,2023-09-18T12:00:00,Deepak
39955224-be30-4374-8c2f-f524ed8d9f60,Hyundai i20,Sneha Shetty,+91 8736447533,hyundai_i20_5191,2024-05-29T12:00:00,Wheel Alignment & Balancing,Steering pull corrected by wheel alignment.,136507,1961.68,2024-11-05T12:00:00,Deepak
583d2980-f0e5-4e23-9c99-d0437314347c,Hyundai Creta,Praveen Patel,+91 8550301639,hyundai_creta_9312,2025-09-21T12:00:00,General Service,"Periodic service, fluids checked and topped up.",178344,7830.26,2026-02-09T12:00:00,Shiva
5d93535c-81bc-4918-9dc2-7ed84ea9f1ab,Kia Seltos,Rohan Gupta,+91 7145542031,kia_seltos_2170,2025-05-19T12:00:00,General Service,"Engine oil and oil filter changed, general inspection done.",177922,9587.51,2025-12-15T12:00:00,Shiva
72a4464a-2a02-4bf0-85d3-95452efcc444,Kia Seltos,Nisha Sharma,+91 9629105720,kia_seltos_7935,2025-02-12T12:00:00,General Service,Standard service with air filter cleaning and washing.,74172,4163.86,2025-07-27T12:00:00,Shiva
e08db6e8-2395-49cf-8293-18154783dac3,Hyundai Creta,Amit Shetty,+91 8358761490,hyundai_creta_7201,2026-01-04T12:00:00,Brake Service,"Brake noise complaint resolved, pads adjusted.",122346,3258.84,2026-08-06T12:00:00,Ramesh
5ed8f934-9170-449c-9a52-01254af03104,Hyundai i20,Shreya Naik,+91 9885258469,hyundai_i20_9731,2023-03-16T12:00:00,Clutch Overhaul,Clutch plate and pressure plate changed.,77080,15445.19,2024-07-25T12:00:00,Irfan
1cf65b64-2534-4450-a7a1-08da4c05358a,Honda City,Rahul Kumar,+91 9914095571,honda_city_7984,2023-08-05T12:00:00,Brake Service,Rear brake pads replaced and brake fluid topped up.,122277,3692.86,2023-12-09T12:00:00,Kiran
2973b9b0-0c6b-46db-8c4f-fe9f768845b7,Maruti Baleno,Arjun Naik,+91 9319455665,maruti_baleno_9169,2024-01-22T12:00:00,Battery Replacement,No-start issue fixed with new battery.,167475,12554.43,2025-04-01T12:00:00,Anil
60c66c0d-cb7b-4ace-9f48-4fbe0a838090,Tata Nexon,Varsha Naik,+91 9970103681,tata_nexon_9832,2025-08-21T12:00:00,Wheel Alignment & Balancing,4-wheel alignment and balancing done.,128749,1139.84,2026-03-15T12:00:00,Anil
3d690c7f-0528-4af7-b6e5-b3c4ee556d5f,Tata Nexon,Shreya Patel,+91 8172482014,tata_nexon_7818,2025-12-01T12:00:00,Wheel Alignment & Balancing,Steering pull corrected by wheel alignment.,108644,944.41,2026-05-21T12:00:00,Irfan
e04a85e4-cb84-4aea-81b4-787496b834d3,Kia Seltos,Rohan Rao,+91 8797966814,kia_seltos_9829,2025-10-03T12:00:00,General Service,Standard service with air filter cleaning and washing.,77574,4782.0,2026-03-27T12:00:00,Sameer
5eef51f7-eb80-455e-907b-533e8f674551,Tata Nexon,Sneha Shetty,+91 9007304242,tata_nexon_3398,2024-08-08T12:00:00,AC Repair,"Cooling issue fixed, condenser cleaned.",150956,6261.67,2024-11-22T12:00:00,Kiran
341efca5-c380-4b78-a393-3dc08abab567,Maruti Baleno,Nisha Verma,+91 8192394738,maruti_baleno_1287,2024-05-11T12:00:00,Brake Service,Front brake pads and discs inspected and replaced.,19884,1902.67,2024-10-13T12:00:00,Deepak
58d87f21-45da-45be-b520-910b9a6c8f00,Mahindra XUV300,Rahul Kumar,+91 7400968223,mahindra_xuv300_7308,2024-02-18T12:00:00,Brake Service,Rear brake pads replaced and brake fluid topped up.,63137,4825.06,2024-06-22T12:00:00,Shiva
4a76af07-397a-44d5-a2a4-9a8699772503,Maruti Baleno,Rohan Sharma,+91 9691336509,maruti_baleno_3165,2023-04-01T12:00:00,Wheel Alignment & Balancing,Tyre rotation and balancing performed.,176411,1120.62,2023-11-21T12:00:00,Kiran
5a88d884-0481-4f8f-b691-ba6f90a2258d,Tata Nexon,Rohan Reddy,+91 7138972583,tata_nexon_7558,2024-11-10T12:00:00,General Service,Standard service with air filter cleaning and washing.,102974,5978.64,2025-04-14T12:00:00,Manoj
93b5c43b-d04d-442c-b5b1-5e97f9ccd0b9,Hyundai i20,Praveen Naik,+91 9354898127,hyundai_i20_2977,2024-02-04T12:00:00,AC Repair,"Cooling issue fixed, condenser cleaned.",78885,3471.09,2024-06-13T12:00:00,Anil
d0a47541-1933-4be7-a0f9-c2b28c0ed699,Kia Seltos,Karthik Verma,+91 8944043053,kia_seltos_1967,2024-02-16T12:00:00,General Service,"Periodic service, fluids checked and topped up.",160961,8704.18,2024-07-29T12:00:00,Sameer
f05b939f-c478-492a-947e-8020dd1e07d4,Maruti Swift,Amit Reddy,+91 8882483769,maruti_swift_3592,2025-05-04T12:00:00,General Service,Standard service with air filter cleaning and washing.,94826,2942.99,2025-11-12T12:00:00,Sameer
768dd8ea-f147-4c2d-88ea-2b39ceb43caf,Mahindra XUV300,Amit Kumar,+91 9683159815,mahindra_xuv300_4630,2025-11-22T12:00:00,Brake Service,"Brake noise complaint resolved, pads adjusted.",8718,2145.62,2026-05-13T12:00:00,Ramesh
c3098ef0-1b2f-4403-896b-17e04b401c96,Hyundai i20,Arjun Kumar,+91 9246476247,hyundai_i20_8098,2025-08-03T12:00:00,General Service,"Engine oil and oil filter changed, general inspection done.",53867,4175.5,2026-02-08T12:00:00,Irfan
03ea6aae-f690-4e50-91cb-f782d0a4f8ad,Maruti Baleno,Sneha Rao,+91 9063266308,maruti_baleno_9049,2025-06-11T12:00:00,General Service,"Engine oil and oil filter changed, general inspection done.",103452,3896.36,2026-01-14T12:00:00,Shiva
b2c8b6e1-6e09-4be4-81d6-620b792e1e16,Mahindra XUV300,Varsha Shetty,+91 9128299883,mahindra_xuv300_2677,2024-01-28T12:00:00,Clutch Overhaul,Clutch plate and pressure plate changed.,73256,13456.25,2024-11-05T12:00:00,Shiva
13986f8a-0009-444b-afa7-9bd04e8aa7f2,Tata Nexon,Rohan Patel,+91 8451409655,tata_nexon_8436,2023-11-12T12:00:00,General Service,"Periodic service, fluids checked and topped up.",129939,3736.71,2024-03-28T12:00:00,Deepak
26c5f467-5446-40e1-b514-7f380943a261,Tata Nexon,Amit Verma,+91 7998779489,tata_nexon_6228,2023-01-20T12:00:00,General Service,Standard service with air filter cleaning and washing.,109518,4744.84,2023-06-07T12:00:00,Shiva
efc84654-88d7-40c5-8ec8-fa17e2b2d3ab,Maruti Baleno,Rahul Reddy,+91 8504984211,maruti_baleno_9360,2023-07-23T12:00:00,AC Repair,AC vents cleaned and cabin filter replaced.,19256,2018.94,2023-11-19T12:00:00,Shiva
eea08f2f-a131-480c-a0f6-84ff4508119a,Tata Nexon,Amit Gupta,+91 8713570891,tata_nexon_1463,2024-04-02T12:00:00,Clutch Overhaul,Clutch plate and pressure plate changed.,123761,20507.75,2025-02-03T12:00:00,Kiran
56686611-c240-4a47-9af6-80a9650728be,Tata Nexon,Praveen Patel,+91 8233074648,tata_nexon_8733,2025-11-22T12:00:00,Wheel Alignment & Balancing,Tyre rotation and balancing performed.,94626,2215.46,2026-07-14T12:00:00,Shiva
4f6703df-ab21-4820-be41-ee0a020a820b,Maruti Swift,Sneha Verma,+91 8488328444,maruti_swift_8444,2026-01-13T12:00:00,Brake Service,"Brake noise complaint resolved, pads adjusted.",36176,3259.83,2026-08-26T12:00:00,Irfan
805255aa-a31f-4b77-861a-e31bb2f2a0af,Hyundai i20,Nisha Mehta,+91 9187658823,hyundai_i20_5124,2025-01-07T12:00:00,Brake Service,Rear brake pads replaced and brake fluid topped up.,168018,5626.84,2025-06-03T12:00:00,Deepak
207ddc04-52b2-4402-8828-1fa4101af25e,Maruti Swift,Karthik Shetty,+91 9375883106,maruti_swift_1602,2023-09-29T12:00:00,Wheel Alignment & Balancing,Tyre rotation and balancing performed.,35197,801.05,2024-01-18T12:00:00,Kiran
4f68c81a-49f8-4c84-b087-6e693d009ae8,Mahindra XUV300,Sneha Kumar,+91 7773342177,mahindra_xuv300_5239,2024-04-03T12:00:00,Clutch Overhaul,Full clutch kit replaced.,85703,15984.48,2025-05-04T12:00:00,Ramesh
63d36ade-9db5-4ab5-a01d-3d73ff274ad9,Maruti Swift,Rohan Shetty,+91 7234293079,maruti_swift_5747,2024-09-09T12:00:00,General Service,"Periodic service, fluids checked and topped up.",165450,5297.28,2025-02-03T12:00:00,Sameer
73d722bf-f376-48d8-8268-3f72188778b7,Hyundai Creta,Sneha Shetty,+91 8640820870,hyundai_creta_6116,2023-06-19T12:00:00,Brake Service,Rear brake pads replaced and brake fluid topped up.,15517,1867.0,2023-11-08T12:00:00,Kiran
368cee77-05f2-4586-a0e8-4c087b067e88,Hyundai i20,Shreya Rao,+91 7212030344,hyundai_i20_7950,2023-03-08T12:00:00,General Service,"Periodic service, fluids checked and topped up.",50242,2256.1,2023-10-04T12:00:00,Irfan
d22ea828-90e9-412e-9e34-9d76c69a8b11,Maruti Baleno,Rohan Patel,+91 8986439003,maruti_baleno_3334,2023-05-19T12:00:00,General Service,"Engine oil and oil filter changed, general inspection done.",114318,6615.32,2023-10-24T12:00:00,Shiva
a2a66c2c-4dfd-40fc-b2a0-562bba5de86e,Maruti Baleno,Rahul Patel,+91 9415767571,maruti_baleno_8035,2023-09-18T12:00:00,AC Repair,AC gas refilled and compressor checked.,41801,1995.75,2024-03-15T12:00:00,Anil
18c7c18d-3cb6-4ff3-8bd1-f7912389fd1e,Hyundai i20,Praveen Verma,+91 7848840870,hyundai_i20_1752,2026-01-11T12:00:00,General Service,Standard service with air filter cleaning and washing.,169825,4839.58,2026-07-19T12:00:00,Kiran
5e47d97a-2634-490d-bb7f-06f1f62b3e98,Maruti Baleno,Rahul Naik,+91 8152953471,maruti_baleno_5689,2024-01-05T12:00:00,Brake Service,Rear brake pads replaced and brake fluid topped up.,85491,2062.78,2024-09-06T12:00:00,Anil
1df58b5c-2e0f-47ce-8c9c-b6d568d6bc65,Tata Nexon,Praveen Shetty,+91 8788903885,tata_nexon_6765,2025-05-27T12:00:00,General Service,"Engine oil and oil filter changed, general inspection done.",121003,7133.55,2025-10-22T12:00:00,Sameer
ad529422-4b5f-45da-a630-d4e475c57558,Tata Nexon,Sneha Rao,+91 7967128144,tata_nexon_2852,2025-05-29T12:00:00,Brake Service,Front brake pads and discs inspected and replaced.,104176,2587.17,2025-10-20T12:00:00,Anil
804eddcc-49dc-4d15-aa68-f49839dbd51c,Honda City,Arjun Naik,+91 7256085874,honda_city_1300,2026-01-09T12:00:00,Wheel Alignment & Balancing,Steering pull corrected by wheel alignment.,24898,1137.86,2026-05-19T12:00:00,Sameer
cb6391a5-022a-40c0-b210-f221b0c2eead,Kia Seltos,Sneha Shetty,+91 8564653075,kia_seltos_1138,2023-02-18T12:00:00,Engine Repair,Timing belt replaced and engine tuned.,139112,29911.94,2023-11-13T12:00:00,Manoj
af1f377e-dd8d-4cc0-a8cb-a0a5e1954c0d,Hyundai i20,Sneha Patel,+91 9817923789,hyundai_i20_4986,2025-08-19T12:00:00,General Service,Standard service with air filter cleaning and washing.,137305,4390.29,2026-02-17T12:00:00,Kiran
e22ab851-f466-41cf-be57-93bb4e85cc5b,Maruti Swift,Varsha Naik,+91 7851965191,maruti_swift_1200,2023-08-01T12:00:00,Clutch Overhaul,Full clutch kit replaced.,158001,11060.88,2024-10-26T12:00:00,Ramesh
50d0186c-ffc8-4558-bd31-86600efab4f9,Hyundai i20,Varsha Mehta,+91 9692371608,hyundai_i20_6718,2023-10-07T12:00:00,General Service,"Engine oil and oil filter changed, general inspection done.",12922,2633.79,2024-03-07T12:00:00,Manoj
356ffa77-8eca-4f4f-9fd0-ddc2c313a15d,Hyundai i20,Arjun Patel,+91 7171580691,hyundai_i20_8840,2024-04-05T12:00:00,General Service,"Periodic service, fluids checked and topped up.",140448,6487.01,2024-10-13T12:00:00,Shiva
c7966fb3-207e-46ab-9d2f-f1d34615c751,Honda City,Varsha Reddy,+91 7216269188,honda_city_6665,2023-10-19T12:00:00,General Service,"Engine oil and oil filter changed, general inspection done.",163672,6154.45,2024-04-01T12:00:00,Shiva
a9c4f956-2f6a-4300-9313-71645442c5e3,Hyundai i20,Rahul Verma,+91 8001701532,hyundai_i20_4529,2025-04-30T12:00:00,Clutch Overhaul,Clutch plate and pressure plate changed.,115649,21262.59,2026-07-10T12:00:00,Shiva
b5528eff-1da5-48c0-847b-162905641f88,Hyundai i20,Shreya Sharma,+91 7468566507,hyundai_i20_5861,2024-04-27T12:00:00,Clutch Overhaul,Full clutch kit replaced.,104858,17682.38,2025-03-20T12:00:00,Shiva
2808b7e6-3818-4103-93c6-894eb86e2fd8,Kia Seltos,Karthik Reddy,+91 9412220888,kia_seltos_7207,2023-12-08T12:00:00,General Service,Standard service with air filter cleaning and washing.,90377,5374.23,2024-07-17T12:00:00,Ramesh
ad1488c7-1f75-42de-a770-19bf35b9d9fb,Tata Nexon,Rohan Sharma,+91 8041551828,tata_nexon_1183,2024-03-01T12:00:00,General Service,Standard service with air filter cleaning and washing.,106429,5746.68,2024-10-08T12:00:00,Shiva
f07c5957-f145-4443-b459-99d88c62301c,Maruti Swift,Arjun Naik,+91 7095221281,maruti_swift_9211,2024-02-22T12:00:00,Clutch Overhaul,Clutch plate and pressure plate changed.,164812,27562.08,2025-04-08T12:00:00,Manoj
49429bc6-4562-4ee7-96da-cc154bce3f33,Mahindra XUV300,Varsha Sharma,+91 8224621891,mahindra_xuv300_5829,2023-08-11T12:00:00,Battery Replacement,No-start issue fixed with new battery.,52260,3444.33,2024-07-09T12:00:00,Deepak
0b6d9beb-5d68-45e3-9c49-b5cde574f275,Kia Seltos,Karthik Shetty,+91 8368793731,kia_seltos_4012,2024-09-29T12:00:00,AC Repair,"Cooling issue fixed, condenser cleaned.",154607,3619.11,2025-02-28T12:00:00,Ramesh
7da7d172-9ff5-48b2-a2d6-e4140eb38273,Honda City,Nisha Reddy,+91 8352550283,honda_city_9606,2023-11-19T12:00:00,General Service,Standard service with air filter cleaning and washing.,158997,4808.01,2024-06-14T12:00:00,Shiva
9dbf04ad-a639-4b07-831b-970253df7808,Hyundai i20,Nisha Patel,+91 9970157651,hyundai_i20_2665,2024-10-18T12:00:00,General Service,"Engine oil and oil filter changed, general inspection done.",70804,4318.46,2025-03-18T12:00:00,Manoj
7fc42d54-3f08-4e5b-847f-2b03f019f3a1,Maruti Swift,Rahul Naik,+91 7746756084,maruti_swift_7161,2025-10-18T12:00:00,Battery Replacement,Old battery replaced with new 60Ah unit.,51809,6031.86,2027-04-17T12:00:00,Manoj
4e37065f-0b25-4b71-a12f-5dec82d36c06,Hyundai Creta,Nisha Gupta,+91 7813105846,hyundai_creta_3912,2025-09-25T12:00:00,Engine Repair,Timing belt replaced and engine tuned.,98084,24759.26,2026-06-18T12:00:00,Anil
083812ca-e74b-4c6d-b2f0-e675bfe2f483,Tata Nexon,Sneha Sharma,+91 7099086119,tata_nexon_4511,2023-09-14T12:00:00,Wheel Alignment & Balancing,4-wheel alignment and balancing done.,8869,1359.51,2023-12-31T12:00:00,Anil
40e56283-bf59-4d84-9923-40b27b28154c,Maruti Swift,Praveen Shetty,+91 9477590345,maruti_swift_3150,2023-03-20T12:00:00,General Service,"Periodic service, fluids checked and topped up.",73414,3423.91,2023-08-20T12:00:00,Sameer
169460d5-da78-4571-b5e2-ba2b0d152cdb,Kia Seltos,Praveen Shetty,+91 7894784461,kia_seltos_7840,2025-09-13T12:00:00,Engine Repair,Engine overhaul and major internal components serviced.,90191,22936.92,2026-05-03T12:00:00,Irfan
b4b910ce-cf58-4b58-848a-5ca41f34c5f2,Maruti Swift,Praveen Patel,+91 7248335803,maruti_swift_6232,2024-07-15T12:00:00,General Service,Standard service with air filter cleaning and washing.,70302,2262.81,2025-02-05T12:00:00,Anil
cf022f22-994f-45f5-8a45-9d1a52b95fe1,Hyundai i20,Varsha Verma,+91 8159032193,hyundai_i20_5572,2025-07-22T12:00:00,Wheel Alignment & Balancing,Tyre rotation and balancing performed.,14484,768.84,2025-12-14T12:00:00,Ramesh
e0b9193d-c880-4d42-8a15-2797c0204865,Hyundai i20,Arjun Patel,+91 8849557262,hyundai_i20_8516,2025-02-10T12:00:00,General Service,Standard service with air filter cleaning and washing.,49095,3350.89,2025-08-23T12:00:00,Anil
e9e0ebee-936b-457b-9a54-e7fe827dc105,Hyundai i20,Rahul Sharma,+91 8166957803,hyundai_i20_9299,2024-12-31T12:00:00,Brake Service,Front brake pads and discs inspected and replaced.,64648,4191.26,2025-08-01T12:00:00,Kiran
e85334d5-b70b-4c87-af9b-69e84ab97e51,Honda City,Varsha Gupta,+91 7618291179,honda_city_6176,2024-11-16T12:00:00,Clutch Overhaul,"Clutch slip issue fixed, release bearing replaced.",108257,19255.24,2026-04-19T12:00:00,Kiran
a0dc73c5-7be4-4158-9c93-39a2a7c29e68,Hyundai Creta,Praveen Reddy,+91 9437928483,hyundai_creta_6246,2025-02-26T12:00:00,Wheel Alignment & Balancing,4-wheel alignment and balancing done.,147505,1323.53,2025-08-28T12:00:00,Irfan
f29af5f5-5a5e-4b85-8045-e0b58ea2ebd0,Honda City,Karthik Sharma,+91 9465766393,honda_city_6377,2024-04-10T12:00:00,AC Repair,AC vents cleaned and cabin filter replaced.,135669,4228.55,2024-08-06T12:00:00,Ramesh
7c909644-add4-4d67-8812-cb3f9fbe5e0d,Hyundai Creta,Nisha Sharma,+91 9820122447,hyundai_creta_2871,2025-04-01T12:00:00,General Service,Standard service with air filter cleaning and washing.,141717,6617.88,2025-09-15T12:00:00,Deepak
986953b5-7f3f-422c-8c9a-0aaa020b023d,Maruti Baleno,Rohan Mehta,+91 7178305146,maruti_baleno_1222,2025-12-01T12:00:00,General Service,Standard service with air filter cleaning and washing.,133339,6553.48,2026-05-04T12:00:00,Ramesh
760fd2e2-cf04-4c11-bb36-6f748edb0e2d,Hyundai i20,Rohan Verma,+91 9391217043,hyundai_i20_3332,2023-10-30T12:00:00,Wheel Alignment & Balancing,4-wheel alignment and balancing done.,163006,2536.59,2024-06-11T12:00:00,Shiva
d27f0778-421d-4dc4-8210-500466d55012,Tata Nexon,Karthik Patel,+91 8707131643,tata_nexon_7349,2025-08-25T12:00:00,General Service,"Engine oil and oil filter changed, general inspection done.",175948,5981.02,2026-01-09T12:00:00,Ramesh
03e430d6-9b5e-4052-a7bc-d78e0d7dbf38,Maruti Swift,Karthik Reddy,+91 8593280006,maruti_swift_2475,2023-03-12T12:00:00,AC Repair,AC gas refilled and compressor checked.,24819,3422.15,2023-07-25T12:00:00,Anil
3c2a77c3-9544-43ad-8dab-00406f96c65b,Maruti Baleno,Rohan Gupta,+91 7146230577,maruti_baleno_3168,2025-09-16T12:00:00,AC Repair,AC gas refilled and compressor checked.,51040,2592.67,2026-05-14T12:00:00,Deepak
285d7da6-0937-471e-8a06-230719057da9,Hyundai Creta,Sneha Naik,+91 8918105869,hyundai_creta_4812,2024-06-17T12:00:00,Brake Service,Front brake pads and discs inspected and replaced.,168099,6829.34,2025-02-19T12:00:00,Sameer
9c2b3bee-ce74-4296-884f-d2fad955d27b,Honda City,Rohan Naik,+91 7194415746,honda_city_7986,2024-11-24T12:00:00,General Service,Standard service with air filter cleaning and washing.,102641,3026.26,2025-06-07T12:00:00,Shiva
c8fb63f4-c0f0-4988-844f-f1c62032939d,Mahindra XUV300,Amit Verma,+91 7716719147,mahindra_xuv300_6278,2023-09-18T12:00:00,Clutch Overhaul,Clutch plate and pressure plate changed.,41950,20987.58,2024-06-01T12:00:00,Deepak
7237dde1-0b1e-4ff5-a0af-c941a2d9c463,Tata Nexon,Rohan Sharma,+91 9929072258,tata_nexon_6094,2024-10-21T12:00:00,General Service,Standard service with air filter cleaning and washing.,41706,4917.75,2025-04-27T12:00:00,Sameer
7b526714-b253-4f00-92ff-f95aed975fcd,Mahindra XUV300,Rohan Rao,+91 9358634380,mahindra_xuv300_5221,2023-11-25T12:00:00,AC Repair,"Cooling issue fixed, condenser cleaned.",62430,4443.62,2024-05-19T12:00:00,Kiran
c48a6c9f-6ad9-4cf9-8294-eff25c5e647a,Hyundai Creta,Amit Shetty,+91 8913076047,hyundai_creta_1684,2025-03-10T12:00:00,AC Repair,AC gas refilled and compressor checked.,116772,3921.03,2025-08-04T12:00:00,Sameer
efe27ba4-0f07-4336-8b96-0dc33a5e97fe,Hyundai i20,Praveen Naik,+91 9321401072,hyundai_i20_2749,2023-09-19T12:00:00,Brake Service,Rear brake pads replaced and brake fluid topped up.,28896,3165.54,2024-03-17T12:00:00,Manoj
37c9414b-afc9-4bb1-87c1-58a7261677e3,Maruti Swift,Sneha Naik,+91 9528172394,maruti_swift_6127,2024-09-29T12:00:00,General Service,Standard service with air filter cleaning and washing.,159403,5889.38,2025-02-28T12:00:00,Ramesh
9abaee06-8ace-457e-9f4e-0897374004d9,Maruti Baleno,Varsha Kumar,+91 7919594487,maruti_baleno_7283,2025-02-19T12:00:00,Clutch Overhaul,Clutch plate and pressure plate changed.,55348,11983.16,2025-12-03T12:00:00,Ramesh
2b6041d8-5271-436d-a25a-1cd24e79d7e9,Maruti Swift,Amit Reddy,+91 8649322980,maruti_swift_1079,2024-03-06T12:00:00,General Service,Standard service with air filter cleaning and washing.,127538,3505.44,2024-09-17T12:00:00,Ramesh
ac266d6b-2971-4e20-8158-a345213726ed,Maruti Swift,Nisha Mehta,+91 9902581127,maruti_swift_2102,2023-04-28T12:00:00,Clutch Overhaul,Clutch plate and pressure plate changed.,30703,12939.3,2024-05-20T12:00:00,Kiran
ed75f0fb-27da-4b02-b5d0-ffdf2ec6cb1b,Hyundai i20,Shreya Sharma,+91 8543448739,hyundai_i20_6569,2023-05-18T12:00:00,General Service,Standard service with air filter cleaning and washing.,57856,4574.16,2023-11-04T12:00:00,Deepak
da1d47ec-5027-4ecc-87f2-6bcd059f3ad5,Kia Seltos,Rohan Gupta,+91 8364384599,kia_seltos_9516,2023-06-13T12:00:00,Engine Repair,"Misfiring issue fixed, spark plugs replaced.",104152,16039.68,2024-11-08T12:00:00,Shiva
93d88bd7-38b0-46b3-9e59-cf3756449ed5,Tata Nexon,Sneha Verma,+91 7363638310,tata_nexon_9567,2024-02-19T12:00:00,Brake Service,"Brake noise complaint resolved, pads adjusted.",99110,3376.35,2024-10-21T12:00:00,Manoj
6ebe85ae-4ba1-4f38-9eca-a6685cee23ae,Hyundai Creta,Rohan Reddy,+91 8212512527,hyundai_creta_6562,2025-11-05T12:00:00,Wheel Alignment & Balancing,4-wheel alignment and balancing done.,136950,1200.17,2026-06-19T12:00:00,Manoj
afbecf75-9aa8-456f-a49f-7615e1f8cfea,Tata Nexon,Sneha Patel,+91 9721593597,tata_nexon_8937,2025-01-19T12:00:00,Brake Service,"Brake noise complaint resolved, pads adjusted.",31618,2664.01,2025-05-29T12:00:00,Ramesh
69e1c8ff-66d3-4332-853b-64b9889f82eb,Hyundai Creta,Varsha Verma,+91 8410709165,hyundai_creta_2631,2024-09-29T12:00:00,General Service,Standard service with air filter cleaning and washing.,85841,4395.31,2025-04-12T12:00:00,Kiran
844a7944-347a-4ece-a3dc-bd1e82f4f1e5,Mahindra XUV300,Shreya Kumar,+91 8099973033,mahindra_xuv300_5401,2024-08-27T12:00:00,Brake Service,Front brake pads and discs inspected and replaced.,47859,3046.46,2024-12-22T12:00:00,Ramesh
1bf44b70-ca2b-4f27-91cb-d63c96f8bf44,Kia Seltos,Arjun Patel,+91 8144509982,kia_seltos_2955,2025-03-24T12:00:00,General Service,Standard service with air filter cleaning and washing.,46773,3669.29,2025-09-14T12:00:00,Ramesh
34c5c178-7034-4d7f-ae24-ca2ac5df08d3,Maruti Baleno,Arjun Patel,+91 9136306394,maruti_baleno_4576,2023-11-24T12:00:00,AC Repair,AC vents cleaned and cabin filter replaced.,5385,1825.23,2024-05-20T12:00:00,Shiva
b6c143bf-45cf-49a9-bff6-2a0c88644acb,Mahindra XUV300,Karthik Gupta,+91 9371379449,mahindra_xuv300_1683,2025-01-08T12:00:00,Clutch Overhaul,"Clutch slip issue fixed, release bearing replaced.",173970,21421.12,2026-07-17T12:00:00,Irfan
81f2fcfb-0157-423a-b179-4ebe3107319e,Hyundai Creta,Rahul Mehta,+91 8516875685,hyundai_creta_9773,2025-10-11T12:00:00,Brake Service,"Brake noise complaint resolved, pads adjusted.",131750,6395.85,2026-05-08T12:00:00,Irfan
6423349f-2573-439c-ba8b-fbd3c52cb269,Tata Nexon,Nisha Patel,+91 8355283092,tata_nexon_8075,2024-01-06T12:00:00,Brake Service,"Brake noise complaint resolved, pads adjusted.",13523,3345.66,2024-05-08T12:00:00,Kiran
75595830-537c-4985-bb6e-a2260974ccf8,Mahindra XUV300,Karthik Rao,+91 9381424133,mahindra_xuv300_7596,2023-08-14T12:00:00,General Service,"Engine oil and oil filter changed, general inspection done.",144746,5682.96,2024-03-10T12:00:00,Anil
1c2619ec-f86a-4acf-930c-8821bf170389,Mahindra XUV300,Praveen Verma,+91 8546899255,mahindra_xuv300_8189,2025-01-31T12:00:00,Battery Replacement,Battery terminals cleaned and new battery installed.,51656,7580.9,2026-05-15T12:00:00,Sameer
8aff3e93-94a4-443c-a899-beeb74e29881,Maruti Swift,Rahul Naik,+91 8491709175,maruti_swift_2314,2024-06-08T12:00:00,Brake Service,Rear brake pads replaced and brake fluid topped up.,159059,3363.29,2024-11-07T12:00:00,Shiva
743de64a-d70f-4ab4-8449-e72a9394f63a,Mahindra XUV300,Nisha Shetty,+91 9493105603,mahindra_xuv300_1392,2025-07-07T12:00:00,AC Repair,AC gas refilled and compressor checked.,19667,3198.35,2025-12-26T12:00:00,Irfan
2b931731-62f1-4d08-9363-0275d3e7ef11,Tata Nexon,Shreya Mehta,+91 7753097574,tata_nexon_2141,2023-02-11T12:00:00,Battery Replacement,Battery terminals cleaned and new battery installed.,28039,5680.79,2023-10-12T12:00:00,Deepak
79a4d82d-1400-4bc9-8494-7331188d7184,Honda City,Shreya Naik,+91 8485852715,honda_city_7655,2025-06-03T12:00:00,AC Repair,AC vents cleaned and cabin filter replaced.,87862,6017.89,2026-01-25T12:00:00,Sameer
694ad4c8-c6f2-4d2b-8e22-6bec3837c725,Honda City,Sneha Kumar,+91 9971917332,honda_city_7462,2025-02-02T12:00:00,Clutch Overhaul,Full clutch kit replaced.,46532,15551.87,2026-05-19T12:00:00,Kiran
f9fd772f-15f5-4616-bcaa-7718a6594fab,Mahindra XUV300,Praveen Verma,+91 9749375377,mahindra_xuv300_3641,2024-03-10T12:00:00,General Service,Standard service with air filter cleaning and washing.,87899,6113.53,2024-10-08T12:00:00,Kiran
198c6121-0343-402a-804c-3d0239039772,Kia Seltos,Sneha Mehta,+91 7070466659,kia_seltos_9331,2023-12-22T12:00:00,AC Repair,AC vents cleaned and cabin filter replaced.,53537,2288.5,2024-08-25T12:00:00,Irfan
47b8fdc3-df01-4227-b262-3a79bb872eb2,Mahindra XUV300,Shreya Kumar,+91 7020239706,mahindra_xuv300_8344,2023-01-17T12:00:00,General Service,Standard service with air filter cleaning and washing.,141289,6517.43,2023-06-08T12:00:00,Deepak
1bb2dc8b-542b-4c67-829f-c92a5e2b026b,Honda City,Varsha Gupta,+91 9284577616,honda_city_2867,2023-12-08T12:00:00,General Service,"Engine oil and oil filter changed, general inspection done.",124471,4401.43,2024-07-07T12:00:00,Ramesh
2de1ac3a-752f-4f64-ba70-38163333aeda,Maruti Baleno,Karthik Shetty,+91 8366978790,maruti_baleno_8408,2024-07-27T12:00:00,General Service,"Engine oil and oil filter changed, general inspection done.",27430,4207.01,2025-01-08T12:00:00,Manoj
ebd6e20e-42d7-4df8-8c8f-b64a8fcd17b3,Honda City,Rahul Naik,+91 9815082849,honda_city_8340,2025-12-21T12:00:00,Engine Repair,Engine overhaul and major internal components serviced.,73617,21169.32,2027-03-18T12:00:00,Deepak
242f9912-d47d-4a21-a673-5959ebbc6a01,Tata Nexon,Amit Verma,+91 8510672489,tata_nexon_7722,2024-01-03T12:00:00,Battery Replacement,Battery terminals cleaned and new battery installed.,55733,4484.46,2024-12-13T12:00:00,Manoj
64184899-3079-4ef1-8e5d-6afcf2aee36c,Hyundai Creta,Karthik Sharma,+91 9937658831,hyundai_creta_8860,2025-02-10T12:00:00,General Service,"Engine oil and oil filter changed, general inspection done.",12277,2888.86,2025-09-19T12:00:00,Ramesh
8c981da7-b1e1-45ae-b02c-a2c3a692f73e,Honda City,Sneha Patel,+91 8840482853,honda_city_7425,2025-04-02T12:00:00,General Service,"Periodic service, fluids checked and topped up.",60785,3218.48,2025-10-28T12:00:00,Sameer
dc669e80-283d-416e-96b4-fee511fc6868,Kia Seltos,Nisha Shetty,+91 9705662499,kia_seltos_3781,2023-11-20T12:00:00,General Service,"Periodic service, fluids checked and topped up.",124795,3972.54,2024-04-08T12:00:00,Shiva
63ac8ae5-562a-4a70-97d2-aac97b2c5bd7,Mahindra XUV300,Nisha Shetty,+91 9584161819,mahindra_xuv300_1784,2024-01-21T12:00:00,General Service,"Engine oil and oil filter changed, general inspection done.",169362,3538.63,2024-08-20T12:00:00,Kiran
ad39d986-3430-49cf-b221-42b67cd81d05,Maruti Baleno,Rohan Gupta,+91 7006736335,maruti_baleno_2161,2025-11-14T12:00:00,AC Repair,AC gas refilled and compressor checked.,32231,2433.29,2026-03-13T12:00:00,Kiran
814e6f7f-64c3-411f-822c-554430c2be7d,Honda City,Sneha Shetty,+91 9111666723,honda_city_5675,2024-04-13T12:00:00,Brake Service,"Brake noise complaint resolved, pads adjusted.",64577,2483.53,2024-12-12T12:00:00,Manoj
e0856223-443c-4bd4-b0b8-3243037ddf1c,Mahindra XUV300,Rohan Kumar,+91 9384147731,mahindra_xuv300_8315,2024-03-21T12:00:00,General Service,"Periodic service, fluids checked and topped up.",23093,4115.13,2024-09-11T12:00:00,Shiva
3fa7ba45-b11c-4472-9e83-bbb603df2e56,Tata Nexon,Rahul Gupta,+91 8310849478,tata_nexon_4927,2023-06-21T12:00:00,General Service,Standard service with air filter cleaning and washing.,149054,7995.09,2023-11-05T12:00:00,Anil
353b6f2b-53b0-42de-a485-432b564d4883,Hyundai i20,Rohan Kumar,+91 9708796304,hyundai_i20_8436,2023-10-08T12:00:00,Brake Service,"Brake noise complaint resolved, pads adjusted.",18656,2337.76,2024-03-14T12:00:00,Manoj
d38da9c4-9ac5-4bbb-8454-b317e40fba49,Hyundai Creta,Karthik Verma,+91 9431060930,hyundai_creta_2871,2023-03-16T12:00:00,Battery Replacement,No-start issue fixed with new battery.,79885,6662.4,2024-07-12T12:00:00,Manoj
2d9b0cb6-e3a8-40a8-b82d-d5961f7156c2,Honda City,Shreya Mehta,+91 7864520339,honda_city_1919,2025-07-11T12:00:00,General Service,Standard service with air filter cleaning and washing.,174957,5568.76,2026-01-30T12:00:00,Ramesh
8d6d7a78-752a-4565-a88d-d59cd831d508,Tata Nexon,Rohan Mehta,+91 7272587144,tata_nexon_8476,2023-03-05T12:00:00,Brake Service,Front brake pads and discs inspected and replaced.,113895,4034.46,2023-07-05T12:00:00,Ramesh
69a38a57-eace-4117-b016-ae6671dbd1f6,Maruti Swift,Amit Shetty,+91 9051429387,maruti_swift_2339,2023-10-04T12:00:00,Brake Service,"Brake noise complaint resolved, pads adjusted.",50357,2710.48,2024-03-29T12:00:00,Deepak
3ee73af0-2797-4747-8eb2-2b20b381d0ce,Hyundai i20,Shreya Reddy,+91 9763843841,hyundai_i20_1396,2023-07-03T12:00:00,Engine Repair,Engine overhaul and major internal components serviced.,146479,27589.71,2024-07-10T12:00:00,Sameer
feaabfe5-8aac-411c-8dd3-53d4e7dc9be8,Honda City,Nisha Naik,+91 9761774106,honda_city_2209,2023-10-04T12:00:00,Wheel Alignment & Balancing,Steering pull corrected by wheel alignment.,14957,771.51,2024-04-28T12:00:00,Manoj
e2857d1c-5471-411a-b736-32262134a60d,Kia Seltos,Karthik Naik,+91 8109438443,kia_seltos_7443,2023-12-30T12:00:00,General Service,Standard service with air filter cleaning and washing.,53342,5457.23,2024-07-19T12:00:00,Ramesh
2ac5bc30-334c-435f-b402-11256066f262,Mahindra XUV300,Shreya Reddy,+91 9307764103,mahindra_xuv300_6364,2025-08-17T12:00:00,General Service,"Periodic service, fluids checked and topped up.",160730,5615.57,2026-01-24T12:00:00,Deepak
370c97d0-c38f-43f2-81b8-1ff83f732a8a,Maruti Swift,Karthik Reddy,+91 9654904761,maruti_swift_2749,2025-04-27T12:00:00,General Service,"Periodic service, fluids checked and topped up.",51900,4631.08,2025-10-26T12:00:00,Ramesh
400a9cea-f4aa-4336-b1b2-4ccc366e6d10,Hyundai Creta,Praveen Shetty,+91 7317423744,hyundai_creta_8380,2025-02-01T12:00:00,Brake Service,Rear brake pads replaced and brake fluid topped up.,68152,4160.68,2025-06-05T12:00:00,Manoj
1f21808c-d62b-466e-b6ef-ea380d7b3de5,Honda City,Sneha Reddy,+91 9540877782,honda_city_9130,2024-07-17T12:00:00,General Service,"Engine oil and oil filter changed, general inspection done.",54984,5166.54,2024-12-09T12:00:00,Anil
1b11521d-7d50-42a9-873d-60f242cf69ef,Honda City,Shreya Naik,+91 7654672828,honda_city_4658,2023-12-04T12:00:00,AC Repair,AC gas refilled and compressor checked.,99032,4673.5,2024-07-20T12:00:00,Ramesh
8fd23252-b270-4167-ac6b-9e1496e0e61c,Maruti Baleno,Rahul Mehta,+91 7511021428,maruti_baleno_9589,2023-04-24T12:00:00,Wheel Alignment & Balancing,Tyre rotation and balancing performed.,24930,1209.08,2023-10-28T12:00:00,Anil
03641366-fa72-438b-9b3d-d18bcc46b61d,Hyundai i20,Arjun Mehta,+91 9281115845,hyundai_i20_8441,2025-11-06T12:00:00,General Service,"Periodic service, fluids checked and topped up.",132616,6224.68,2026-06-03T12:00:00,Ramesh
2eac6072-9757-41db-9326-35a8177532ae,Maruti Swift,Shreya Gupta,+91 8359585484,maruti_swift_7071,2025-05-12T12:00:00,Brake Service,Rear brake pads replaced and brake fluid topped up.,103660,3035.46,2025-09-07T12:00:00,Kiran
9efd3659-7e29-4c50-9ec1-1a5eeec0f732,Kia Seltos,Sneha Verma,+91 8915023190,kia_seltos_5344,2025-02-28T12:00:00,Brake Service,Front brake pads and discs inspected and replaced.,26917,2269.21,2025-06-19T12:00:00,Sameer
75e08d6f-42f1-440d-b8a8-1727ab444765,Maruti Baleno,Arjun Rao,+91 7169106392,maruti_baleno_2146,2024-09-20T12:00:00,Brake Service,"Brake noise complaint resolved, pads adjusted.",69053,4277.08,2025-03-29T12:00:00,Deepak
f9472b09-83e4-4e06-aa4a-f5dae6ea25c8,Maruti Baleno,Praveen Sharma,+91 8792733975,maruti_baleno_7350,2023-03-22T12:00:00,Brake Service,Front brake pads and discs inspected and replaced.,115074,4096.92,2023-11-21T12:00:00,Shiva
d1077056-49b4-436e-883f-c08b1d3f9058,Maruti Swift,Nisha Mehta,+91 8644213691,maruti_swift_8662,2023-11-06T12:00:00,Clutch Overhaul,"Clutch slip issue fixed, release bearing replaced.",10327,13337.11,2024-07-18T12:00:00,Anil
065f39da-dc78-4653-b645-cd34032601b9,Maruti Baleno,Rahul Gupta,+91 7353777204,maruti_baleno_1253,2025-06-23T12:00:00,Brake Service,"Brake noise complaint resolved, pads adjusted.",109792,5175.04,2025-11-16T12:00:00,Sameer
e8ec7870-5b0d-40e4-a98f-bf872546d8f2,Mahindra XUV300,Rohan Rao,+91 9410735059,mahindra_xuv300_6418,2024-05-20T12:00:00,General Service,Standard service with air filter cleaning and washing.,96741,6835.28,2024-10-27T12:00:00,Manoj
27cb1f71-54c0-4b89-a8ad-ed0bf69b7e13,Hyundai Creta,Shreya Gupta,+91 8555383999,hyundai_creta_7534,2024-06-10T12:00:00,General Service,"Periodic service, fluids checked and topped up.",23519,2861.37,2024-12-26T12:00:00,Ramesh
14365e1e-3593-4e9d-a7e3-4bc6cbc31ea0,Maruti Swift,Sneha Shetty,+91 9970835744,maruti_swift_2128,2024-11-10T12:00:00,General Service,Standard service with air filter cleaning and washing.,150151,4036.83,2025-03-30T12:00:00,Manoj
ce75eb62-5b87-4d87-b8a0-7da662fe989b,Maruti Swift,Nisha Gupta,+91 7791826976,maruti_swift_1228,2023-01-28T12:00:00,General Service,Standard service with air filter cleaning and washing.,96283,5019.68,2023-07-12T12:00:00,Irfan
4f468e50-db4d-48a8-b0c0-c062bc869677,Honda City,Rahul Kumar,+91 9622748487,honda_city_8053,2023-03-20T12:00:00,General Service,"Periodic service, fluids checked and topped up.",37005,3377.73,2023-10-10T12:00:00,Anil
452f96dd-c844-4b8b-8bba-92f405b2df05,Mahindra XUV300,Praveen Verma,+91 9669435657,mahindra_xuv300_5590,2025-01-30T12:00:00,General Service,Standard service with air filter cleaning and washing.,49566,3698.28,2025-08-24T12:00:00,Ramesh
fb9fbf7c-9157-4c1e-b052-0bff9e7cdd56,Maruti Swift,Rahul Gupta,+91 9764824408,maruti_swift_1508,2023-02-15T12:00:00,AC Repair,AC vents cleaned and cabin filter replaced.,113940,4951.89,2023-07-25T12:00:00,Sameer
daa53517-fe59-4346-babe-643c1768a88a,Kia Seltos,Karthik Patel,+91 7472219412,kia_seltos_9705,2023-09-03T12:00:00,AC Repair,AC gas refilled and compressor checked.,46109,3560.11,2023-12-27T12:00:00,Anil
0d20f4c8-b439-4735-8f3b-88559aa7da3f,Tata Nexon,Nisha Shetty,+91 9376228245,tata_nexon_8039,2025-02-27T12:00:00,Brake Service,Front brake pads and discs inspected and replaced.,171636,3785.85,2025-07-05T12:00:00,Sameer
e1d7e223-0da2-48b3-b1a8-09d89a173b3b,Kia Seltos,Amit Sharma,+91 7127168424,kia_seltos_7160,2024-03-15T12:00:00,General Service,"Periodic service, fluids checked and topped up.",88499,5513.85,2024-10-20T12:00:00,Sameer
b8509378-48e7-4529-a02c-e1163e7c2aec,Honda City,Sneha Kumar,+91 8854125560,honda_city_3321,2025-01-07T12:00:00,General Service,"Engine oil and oil filter changed, general inspection done.",9248,2684.33,2025-05-28T12:00:00,Kiran
c3457a4f-6007-4246-8220-7a7e44de544e,Hyundai Creta,Arjun Rao,+91 9252317565,hyundai_creta_9549,2024-05-10T12:00:00,Brake Service,Front brake pads and discs inspected and replaced.,146144,5973.52,2025-01-14T12:00:00,Deepak
ca9b262b-a21b-46c4-9b4b-5cef5da47e9f,Tata Nexon,Praveen Naik,+91 8504085722,tata_nexon_7014,2025-05-19T12:00:00,General Service,Standard service with air filter cleaning and washing.,165881,4536.95,2025-10-15T12:00:00,Sameer
26913824-0039-4a37-a6fc-8a4d116f295b,Kia Seltos,Sneha Rao,+91 7489699459,kia_seltos_5221,2023-02-23T12:00:00,Clutch Overhaul,Clutch plate and pressure plate changed.,128708,18830.36,2024-05-25T12:00:00,Ramesh
99912890-8671-4383-9565-428e6c540614,Mahindra XUV300,Nisha Gupta,+91 8126009726,mahindra_xuv300_8960,2025-06-30T12:00:00,Brake Service,Front brake pads and discs inspected and replaced.,110665,2320.34,2025-11-09T12:00:00,Irfan
66965aa0-2e8f-4e1c-89a0-bc99638cf35e,Hyundai i20,Rahul Kumar,+91 9945345128,hyundai_i20_2823,2025-01-07T12:00:00,Brake Service,"Brake noise complaint resolved, pads adjusted.",141354,2332.44,2025-09-04T12:00:00,Ramesh
3ed0ff0c-8576-4165-a637-a3cfe8dc526f,Hyundai Creta,Shreya Patel,+91 9305120702,hyundai_creta_7417,2024-10-15T12:00:00,General Service,"Engine oil and oil filter changed, general inspection done.",155822,4393.2,2025-05-02T12:00:00,Kiran
939f2ed4-f7ec-49fe-b32f-0d03cc12fded,Tata Nexon,Varsha Mehta,+91 9444286102,tata_nexon_2540,2025-06-10T12:00:00,General Service,"Periodic service, fluids checked and topped up.",31843,4858.78,2025-12-20T12:00:00,Irfan
3c935840-52d9-4403-9d87-8820a968a45c,Kia Seltos,Arjun Reddy,+91 9295945290,kia_seltos_8412,2024-01-09T12:00:00,General Service,"Periodic service, fluids checked and topped up.",141115,6427.39,2024-08-01T12:00:00,Kiran
75bf7dd9-36f3-4dbe-8864-17b9f150fc04,Hyundai i20,Amit Patel,+91 7602134539,hyundai_i20_5986,2025-09-14T12:00:00,General Service,"Engine oil and oil filter changed, general inspection done.",24240,4590.13,2026-03-10T12:00:00,Kiran
a9cbc3c7-a504-4866-9774-ec99fbff9f0e,Tata Nexon,Praveen Mehta,+91 9827159371,tata_nexon_5917,2025-09-04T12:00:00,General Service,"Periodic service, fluids checked and topped up.",66256,4683.53,2026-03-27T12:00:00,Anil
9f45d60e-9502-4404-a15f-aafa7cb0132e,Hyundai i20,Praveen Shetty,+91 9552761193,hyundai_i20_5201,2025-11-29T12:00:00,General Service,Standard service with air filter cleaning and washing.,5107,2186.89,2026-04-21T12:00:00,Deepak
a3b7ec38-4c64-4596-a4e0-e6489b4aa74f,Maruti Baleno,Rohan Rao,+91 9514525339,maruti_baleno_3325,2024-05-01T12:00:00,Wheel Alignment & Balancing,Steering pull corrected by wheel alignment.,46062,1706.87,2024-11-10T12:00:00,Shiva
b9afe4ec-d734-478f-b5ca-eaf7a943b1d0,Kia Seltos,Arjun Kumar,+91 7504617066,kia_seltos_9316,2023-04-14T12:00:00,Brake Service,"Brake noise complaint resolved, pads adjusted.",7466,2373.25,2023-10-06T12:00:00,Manoj
a0752681-402e-473d-be1e-6f44e37072fc,Kia Seltos,Shreya Reddy,+91 7232905270,kia_seltos_5646,2024-10-13T12:00:00,Brake Service,Rear brake pads replaced and brake fluid topped up.,166274,4635.38,2025-02-10T12:00:00,Deepak
e3cdadb6-1bc5-4bab-91d2-31651482408c,Kia Seltos,Praveen Mehta,+91 7216621434,kia_seltos_1165,2024-10-21T12:00:00,General Service,Standard service with air filter cleaning and washing.,167829,6082.73,2025-04-04T12:00:00,Manoj
4d0e436f-5191-4f00-9255-3c8773d5089c,Hyundai Creta,Rohan Sharma,+91 7418239615,hyundai_creta_1328,2024-11-10T12:00:00,Brake Service,Rear brake pads replaced and brake fluid topped up.,131344,4458.3,2025-05-31T12:00:00,Shiva
980468f7-c0ef-443a-8b6b-1e5734318d23,Hyundai i20,Karthik Verma,+91 7416318484,hyundai_i20_9463,2024-02-05T12:00:00,AC Repair,AC gas refilled and compressor checked.,94281,4405.03,2024-08-06T12:00:00,Irfan
84ad27aa-bf9f-4ee6-bc69-0f8406558dff,Hyundai Creta,Shreya Reddy,+91 7754826798,hyundai_creta_9603,2024-01-25T12:00:00,Battery Replacement,No-start issue fixed with new battery.,162654,6470.93,2024-10-01T12:00:00,Sameer
ef794247-156b-4c2f-89da-928770a04eae,Mahindra XUV300,Rohan Patel,+91 8800405527,mahindra_xuv300_5639,2023-07-26T12:00:00,General Service,"Engine oil and oil filter changed, general inspection done.",94238,4663.25,2023-12-21T12:00:00,Anil
c6295434-0b04-48c1-859a-717c3069f2ca,Hyundai Creta,Rahul Mehta,+91 8500345249,hyundai_creta_9521,2023-07-22T12:00:00,General Service,Standard service with air filter cleaning and washing.,104792,5174.95,2024-03-03T12:00:00,Kiran
a44b7807-4f02-4510-a5a6-d00252f7d447,Hyundai Creta,Rohan Patel,+91 8066475568,hyundai_creta_7177,2023-04-07T12:00:00,Brake Service,"Brake noise complaint resolved, pads adjusted.",80738,4428.49,2023-12-03T12:00:00,Shiva
461c8d49-be69-4c31-8442-cc71c7ec7ce8,Kia Seltos,Arjun Naik,+91 7521104301,kia_seltos_6524,2025-04-10T12:00:00,Brake Service,Front brake pads and discs inspected and replaced.,173856,3989.21,2025-10-11T12:00:00,Manoj
9a5c15d1-573e-472a-9195-08edc4e7ccbf,Mahindra XUV300,Shreya Gupta,+91 9004776049,mahindra_xuv300_2138,2024-11-02T12:00:00,General Service,"Engine oil and oil filter changed, general inspection done.",9923,3787.35,2025-03-31T12:00:00,Anil
7f940681-0779-40e5-9273-745bcacc9fd9,Kia Seltos,Rahul Reddy,+91 7851529746,kia_seltos_1233,2024-12-27T12:00:00,Engine Repair,Engine overhaul and major internal components serviced.,69344,20129.92,2026-04-12T12:00:00,Sameer
b5c25de7-dae7-4c4f-a804-a1f6e26b6360,Mahindra XUV300,Amit Sharma,+91 7095479465,mahindra_xuv300_2808,2023-07-20T12:00:00,Brake Service,Front brake pads and discs inspected and replaced.,66143,2947.74,2024-01-26T12:00:00,Ramesh
a95dbcb8-0120-4291-b210-9131e45bc437,Kia Seltos,Sneha Patel,+91 7443893886,kia_seltos_6615,2025-04-26T12:00:00,General Service,"Periodic service, fluids checked and topped up.",36202,2824.43,2025-09-28T12:00:00,Shiva
b8739aee-3e31-43f6-bf63-cee1b05a9854,Hyundai i20,Rohan Gupta,+91 8365880142,hyundai_i20_5277,2023-10-19T12:00:00,General Service,"Engine oil and oil filter changed, general inspection done.",88658,6631.89,2024-03-17T12:00:00,Kiran
969967b4-01b8-4a62-9317-2656182ffbda,Hyundai Creta,Shreya Gupta,+91 8561119859,hyundai_creta_9968,2024-12-09T12:00:00,Wheel Alignment & Balancing,Tyre rotation and balancing performed.,142764,2355.18,2025-08-12T12:00:00,Irfan
3046fcf9-9ef1-4529-80a2-9c2eb8ee7006,Kia Seltos,Shreya Verma,+91 9370303967,kia_seltos_6072,2024-05-30T12:00:00,General Service,"Engine oil and oil filter changed, general inspection done.",17457,3350.06,2024-10-23T12:00:00,Shiva
7ae86621-affe-462d-9452-6f17e696172b,Mahindra XUV300,Nisha Reddy,+91 8084908872,mahindra_xuv300_4686,2023-07-07T12:00:00,General Service,"Engine oil and oil filter changed, general inspection done.",80941,5310.53,2023-11-23T12:00:00,Sameer
9cd4e2f7-c11c-4474-8753-808ed64b37c9,Maruti Baleno,Sneha Rao,+91 7535507389,maruti_baleno_5767,2024-06-03T12:00:00,Brake Service,Front brake pads and discs inspected and replaced.,70417,2073.66,2024-10-21T12:00:00,Ramesh
8b8c69d0-b2b6-46e5-a7e7-e0147f97c9de,Hyundai i20,Praveen Gupta,+91 9557358590,hyundai_i20_6754,2024-10-18T12:00:00,Brake Service,"Brake noise complaint resolved, pads adjusted.",138598,5432.33,2025-05-24T12:00:00,Kiran
04a770a2-00f3-454a-8698-1408fd53c8b1,Maruti Swift,Nisha Gupta,+91 8358434438,maruti_swift_1979,2025-08-25T12:00:00,General Service,Standard service with air filter cleaning and washing.,130247,6977.97,2026-03-27T12:00:00,Anil
a9011916-a2a1-4c82-900b-99649aaed646,Tata Nexon,Karthik Kumar,+91 9800476699,tata_nexon_1086,2024-01-18T12:00:00,AC Repair,"Cooling issue fixed, condenser cleaned.",56295,3238.0,2024-08-15T12:00:00,Irfan
682067e3-542a-46b6-842d-94e069b906f5,Maruti Swift,Arjun Kumar,+91 8181524592,maruti_swift_6404,2025-05-26T12:00:00,Clutch Overhaul,Clutch plate and pressure plate changed.,151420,15395.57,2026-10-01T12:00:00,Anil
a46da7a1-bee1-4939-9e40-c94f0e74baa0,Maruti Swift,Praveen Sharma,+91 8558654060,maruti_swift_2648,2023-08-02T12:00:00,Wheel Alignment & Balancing,Tyre rotation and balancing performed.,161888,2021.16,2024-03-13T12:00:00,Shiva
a7521efc-463c-455f-a95f-1d12dc4e9218,Hyundai Creta,Varsha Sharma,+91 7410568473,hyundai_creta_2934,2023-03-21T12:00:00,General Service,Standard service with air filter cleaning and washing.,11414,2748.31,2023-09-02T12:00:00,Kiran
8eeeddd8-09f1-4cd0-89ef-7a5d05f7a3a7,Honda City,Nisha Kumar,+91 7013237968,honda_city_5782,2023-10-30T12:00:00,Brake Service,"Brake noise complaint resolved, pads adjusted.",63504,3075.65,2024-04-25T12:00:00,Anil
6e8d7a3a-6ee0-41a9-b6bf-2cf2c86224ae,Mahindra XUV300,Rohan Sharma,+91 8138531716,mahindra_xuv300_8450,2023-10-14T12:00:00,Brake Service,"Brake noise complaint resolved, pads adjusted.",173421,5166.82,2024-06-09T12:00:00,Deepak
71567b0e-a283-408d-813d-07e1ed947fad,Maruti Swift,Rohan Patel,+91 8173055767,maruti_swift_1369,2024-10-24T12:00:00,AC Repair,"Cooling issue fixed, condenser cleaned.",39105,2032.22,2025-02-09T12:00:00,Shiva
85b55c5c-3faa-4dc5-8c6c-375ff00ddc71,Honda City,Rohan Gupta,+91 9436206163,honda_city_9739,2024-10-12T12:00:00,Brake Service,"Brake noise complaint resolved, pads adjusted.",100544,2927.78,2025-04-21T12:00:00,Irfan
6e3da6b4-3d9d-41f2-9b16-6f9d53041400,Mahindra XUV300,Arjun Shetty,+91 7104345087,mahindra_xuv300_4499,2025-12-08T12:00:00,Wheel Alignment & Balancing,Steering pull corrected by wheel alignment.,177087,2970.37,2026-07-11T12:00:00,Shiva
e35a4ff8-1996-4464-acae-b6b16ccd7d15,Honda City,Sneha Kumar,+91 8529995655,honda_city_5748,2025-06-06T12:00:00,Wheel Alignment & Balancing,4-wheel alignment and balancing done.,77050,1657.92,2025-11-18T12:00:00,Ramesh
892a61d1-15e2-4401-b564-854a27f32348,Kia Seltos,Rahul Sharma,+91 7375326350,kia_seltos_2139,2023-07-17T12:00:00,General Service,"Periodic service, fluids checked and topped up.",20698,2579.03,2023-12-04T12:00:00,Ramesh
e169d1df-aa05-4d98-a4b7-1f133d139e99,Hyundai Creta,Praveen Shetty,+91 7283262847,hyundai_creta_2651,2024-02-27T12:00:00,Wheel Alignment & Balancing,Tyre rotation and balancing performed.,62393,2275.48,2024-08-11T12:00:00,Sameer
4e6dc0c5-d4b5-42dd-834e-31b9865e4bc9,Mahindra XUV300,Arjun Reddy,+91 7732508537,mahindra_xuv300_1869,2024-06-17T12:00:00,Brake Service,Rear brake pads replaced and brake fluid topped up.,66831,4114.32,2025-01-12T12:00:00,Irfan
be59cf42-05df-4db9-a84a-7debac5dec96,Tata Nexon,Sneha Mehta,+91 7741848926,tata_nexon_5720,2023-07-12T12:00:00,Wheel Alignment & Balancing,4-wheel alignment and balancing done.,13252,870.38,2024-03-02T12:00:00,Manoj
aac2e50a-f075-496c-9d55-4152936ce808,Kia Seltos,Nisha Mehta,+91 8934923938,kia_seltos_9681,2024-02-16T12:00:00,Battery Replacement,Battery terminals cleaned and new battery installed.,30129,7439.86,2025-03-16T12:00:00,Sameer
b54c53af-bed2-45bd-998a-c974277ffa98,Hyundai i20,Arjun Gupta,+91 8118187313,hyundai_i20_8263,2024-05-18T12:00:00,Engine Repair,Engine overhaul and major internal components serviced.,44822,12606.58,2025-09-25T12:00:00,Manoj
77e1bfb6-347d-49f1-ad07-eda5023cc37d,Hyundai i20,Varsha Gupta,+91 9435587029,hyundai_i20_5435,2024-12-18T12:00:00,General Service,Standard service with air filter cleaning and washing.,25080,3644.11,2025-05-27T12:00:00,Kiran
d96b7dfe-cd2b-4d8c-bc93-aaf296024ceb,Kia Seltos,Shreya Gupta,+91 7612723464,kia_seltos_8410,2024-11-10T12:00:00,Clutch Overhaul,"Clutch slip issue fixed, release bearing replaced.",68721,16254.83,2025-07-20T12:00:00,Ramesh
244c9de2-6eec-46bf-84c7-ad7e127c2332,Maruti Baleno,Rohan Patel,+91 8126656239,maruti_baleno_4890,2024-05-23T12:00:00,General Service,"Engine oil and oil filter changed, general inspection done.",7418,4268.56,2024-10-19T12:00:00,Kiran
db3ff52e-b8cb-4436-a3c7-dcef7fffc3bc,Maruti Swift,Shreya Verma,+91 9203588015,maruti_swift_4130,2025-07-29T12:00:00,Battery Replacement,Battery terminals cleaned and new battery installed.,117277,10561.67,2026-07-03T12:00:00,Anil
3225844c-0390-4647-bc89-43485251bbe2,Maruti Baleno,Shreya Shetty,+91 8130385235,maruti_baleno_2858,2024-09-23T12:00:00,Engine Repair,Timing belt replaced and engine tuned.,136352,15921.81,2026-03-31T12:00:00,Anil
388036e5-de6f-4a72-8934-7e8372565531,Hyundai Creta,Shreya Sharma,+91 9037861142,hyundai_creta_5175,2024-02-02T12:00:00,AC Repair,"Cooling issue fixed, condenser cleaned.",23719,4546.37,2024-07-29T12:00:00,Shiva
a3406d35-59c8-48c9-9e8c-2b28149f020e,Tata Nexon,Sneha Sharma,+91 7659155059,tata_nexon_2768,2023-03-06T12:00:00,Brake Service,Front brake pads and discs inspected and replaced.,93098,2766.66,2023-09-13T12:00:00,Manoj
a98742fd-c860-4068-a752-3d6c503be239,Hyundai Creta,Arjun Rao,+91 8985721293,hyundai_creta_8116,2024-05-18T12:00:00,AC Repair,"Cooling issue fixed, condenser cleaned.",108834,5430.65,2024-12-04T12:00:00,Manoj
6b988bcb-cd90-40d6-aa5c-1c373c688cba,Mahindra XUV300,Sneha Reddy,+91 7134352254,mahindra_xuv300_8588,2025-11-26T12:00:00,Engine Repair,Timing belt replaced and engine tuned.,112611,20880.31,2026-11-06T12:00:00,Shiva
4234ee3c-2f39-41a5-aecc-237c8c708a7d,Hyundai i20,Rahul Reddy,+91 9974965765,hyundai_i20_9828,2023-01-23T12:00:00,General Service,Standard service with air filter cleaning and washing.,73347,4286.97,2023-06-13T12:00:00,Sameer
99004a53-5c6d-4940-9570-de4bbc8d87ba,Mahindra XUV300,Rohan Gupta,+91 7489797324,mahindra_xuv300_2155,2025-05-09T12:00:00,Clutch Overhaul,Clutch plate and pressure plate changed.,175065,25172.34,2026-10-25T12:00:00,Kiran
1a4cbeec-33b5-46ff-82f1-b909a2e4690b,Mahindra XUV300,Praveen Patel,+91 9615751578,mahindra_xuv300_1465,2025-10-08T12:00:00,Engine Repair,Engine overhaul and major internal components serviced.,16741,13755.39,2026-08-26T12:00:00,Deepak
7ea67f6c-06a3-43b2-b6bc-3d2190e832a3,Maruti Swift,Praveen Gupta,+91 7289409255,maruti_swift_4288,2025-06-12T12:00:00,Clutch Overhaul,Clutch plate and pressure plate changed.,8846,13292.91,2026-06-25T12:00:00,Manoj
dd5d0558-d8e8-4106-a0ff-061f8da42fa3,Hyundai i20,Amit Patel,+91 9666087096,hyundai_i20_8491,2024-01-10T12:00:00,Engine Repair,Timing belt replaced and engine tuned.,45935,7789.75,2025-04-15T12:00:00,Manoj
b675f555-af81-4f2e-a631-2ae679fd719a,Honda City,Rohan Patel,+91 9908955967,honda_city_9556,2024-05-18T12:00:00,General Service,"Engine oil and oil filter changed, general inspection done.",179825,5483.9,2024-10-06T12:00:00,Shiva
c39e9e82-6602-45f2-bdcc-8e4999f46927,Maruti Baleno,Shreya Reddy,+91 9821648451,maruti_baleno_7828,2023-04-12T12:00:00,General Service,"Engine oil and oil filter changed, general inspection done.",155993,6079.98,2023-11-23T12:00:00,Manoj
64d7d82b-ffe0-430f-8ab5-95f468a2e86b,Hyundai Creta,Praveen Mehta,+91 8460498128,hyundai_creta_1185,2025-02-17T12:00:00,General Service,Standard service with air filter cleaning and washing.,60005,3249.36,2025-07-21T12:00:00,Shiva
9aebffd6-9459-4824-8477-fabcb56bbb1b,Hyundai i20,Nisha Mehta,+91 9248668092,hyundai_i20_5767,2024-08-15T12:00:00,General Service,"Engine oil and oil filter changed, general inspection done.",39910,2276.59,2025-03-17T12:00:00,Manoj
11caec72-be0e-4c8b-9832-ca3bed3a6242,Tata Nexon,Rahul Verma,+91 9218548955,tata_nexon_3679,2025-05-12T12:00:00,AC Repair,AC gas refilled and compressor checked.,17067,3649.32,2025-11-09T12:00:00,Deepak
43cc78f3-8374-496c-816d-4237c5d686c2,Maruti Baleno,Amit Kumar,+91 7047572224,maruti_baleno_9406,2025-01-22T12:00:00,AC Repair,"Cooling issue fixed, condenser cleaned.",105926,3029.36,2025-06-01T12:00:00,Irfan
7d35f6c7-5777-4ef7-bdcf-e6f5053e42ab,Hyundai i20,Karthik Verma,+91 8421565335,hyundai_i20_9323,2025-03-20T12:00:00,Clutch Overhaul,"Clutch slip issue fixed, release bearing replaced.",129490,27706.27,2026-09-09T12:00:00,Sameer
bc403ab0-05d9-41c5-8ee1-1bec63270e14,Mahindra XUV300,Sneha Reddy,+91 8954905089,mahindra_xuv300_3650,2025-01-07T12:00:00,General Service,"Engine oil and oil filter changed, general inspection done.",33224,2797.14,2025-08-20T12:00:00,Kiran
4c1d6c4d-e5e3-4ca3-b9bf-b5bafd45b235,Honda City,Varsha Rao,+91 7163540564,honda_city_2313,2024-07-05T12:00:00,Engine Repair,Timing belt replaced and engine tuned.,77736,21924.77,2025-07-11T12:00:00,Anil
f4e1a392-e2d0-4bcb-96b4-03897c079ad1,Maruti Swift,Karthik Patel,+91 7819869669,maruti_swift_2822,2024-07-25T12:00:00,Brake Service,Front brake pads and discs inspected and replaced.,102098,2040.11,2025-02-05T12:00:00,Shiva
07a10686-f174-4a43-a6a1-820c2074804a,Maruti Baleno,Varsha Kumar,+91 9378412939,maruti_baleno_6262,2024-12-08T12:00:00,General Service,"Engine oil and oil filter changed, general inspection done.",145801,5121.75,2025-05-09T12:00:00,Anil
b07bbbee-f4e6-4da3-9d7e-9d5153d5d62e,Maruti Baleno,Praveen Gupta,+91 7342171326,maruti_baleno_1971,2023-02-05T12:00:00,Brake Service,Front brake pads and discs inspected and replaced.,105474,3338.29,2023-07-23T12:00:00,Irfan
802c5f7d-016b-4bc4-b0ee-5b6c79aa5680,Kia Seltos,Rahul Rao,+91 9331281293,kia_seltos_7639,2023-11-14T12:00:00,Clutch Overhaul,"Clutch slip issue fixed, release bearing replaced.",140574,23695.04,2025-02-21T12:00:00,Kiran
384b7647-7d16-4257-a030-b069d198ff93,Hyundai Creta,Rohan Mehta,+91 7386266060,hyundai_creta_4938,2024-03-13T12:00:00,Wheel Alignment & Balancing,Tyre rotation and balancing performed.,31196,1154.7,2024-07-12T12:00:00,Deepak
d2135685-9ea5-4267-830d-bab30870261b,Honda City,Nisha Naik,+91 8518603225,honda_city_9839,2024-06-27T12:00:00,Clutch Overhaul,"Clutch slip issue fixed, release bearing replaced.",69880,19577.46,2025-05-03T12:00:00,Deepak
34d1d3e3-b2cb-4d46-a7a0-520cc1ded9df,Honda City,Rohan Verma,+91 7531547670,honda_city_5587,2025-08-25T12:00:00,General Service,Standard service with air filter cleaning and washing.,146211,5795.15,2026-02-10T12:00:00,Ramesh
4ba2eef2-9377-4bfe-b903-b14b8334f257,Hyundai Creta,Rahul Sharma,+91 9396901420,hyundai_creta_7296,2024-04-10T12:00:00,Brake Service,"Brake noise complaint resolved, pads adjusted.",104255,3390.55,2024-10-22T12:00:00,Sameer
6fce85a3-31f2-4322-b563-f28f72663bcc,Kia Seltos,Varsha Verma,+91 9738044256,kia_seltos_3558,2024-05-31T12:00:00,Brake Service,Rear brake pads replaced and brake fluid topped up.,139581,3991.54,2024-10-03T12:00:00,Manoj
6a615ca4-38c5-492c-bc19-6a58bdf9f7ef,Mahindra XUV300,Varsha Naik,+91 9046495383,mahindra_xuv300_3108,2024-02-07T12:00:00,Clutch Overhaul,Full clutch kit replaced.,100741,22876.59,2025-07-13T12:00:00,Anil
e2eb5d89-558c-4763-9da2-b85e0c441183,Hyundai i20,Arjun Verma,+91 9854885100,hyundai_i20_3062,2024-03-15T12:00:00,Clutch Overhaul,Full clutch kit replaced.,18916,11346.58,2024-11-14T12:00:00,Kiran
87cbfe6f-9003-4d10-8ed3-868f21a0c1d9,Tata Nexon,Praveen Reddy,+91 7582325254,tata_nexon_8324,2024-05-03T12:00:00,Wheel Alignment & Balancing,Tyre rotation and balancing performed.,90200,1338.5,2024-10-15T12:00:00,Manoj
5ffa81ff-0ad3-49f1-9427-1487dfda39f5,Kia Seltos,Varsha Mehta,+91 7848994719,kia_seltos_8746,2025-08-26T12:00:00,Brake Service,Rear brake pads replaced and brake fluid topped up.,161692,4977.9,2026-04-07T12:00:00,Ramesh
e9db1a57-bcef-420d-966a-9c407a0e69b6,Kia Seltos,Rahul Verma,+91 9613829720,kia_seltos_3680,2025-05-22T12:00:00,General Service,"Periodic service, fluids checked and topped up.",108197,7355.31,2025-12-09T12:00:00,Manoj
4a068d29-8270-43ea-a836-b840e5b80b15,Kia Seltos,Rohan Gupta,+91 7217718918,kia_seltos_7892,2023-12-15T12:00:00,Wheel Alignment & Balancing,4-wheel alignment and balancing done.,34630,1738.87,2024-08-14T12:00:00,Shiva
d3362043-94cb-4d72-b831-8f4983282938,Mahindra XUV300,Varsha Patel,+91 8358651557,mahindra_xuv300_5843,2025-09-01T12:00:00,AC Repair,AC gas refilled and compressor checked.,82515,3444.15,2026-05-08T12:00:00,Irfan
a48f8f99-ad91-4b13-aa5d-cc4cc030efab,Honda City,Praveen Rao,+91 7016517757,honda_city_4472,2025-02-01T12:00:00,AC Repair,AC gas refilled and compressor checked.,60026,4027.82,2025-07-01T12:00:00,Irfan
52e3771f-41ee-4a1c-bae6-802428139c6c,Maruti Baleno,Arjun Kumar,+91 8301452333,maruti_baleno_9719,2023-08-11T12:00:00,General Service,"Periodic service, fluids checked and topped up.",111569,6250.37,2024-02-06T12:00:00,Manoj
cca63e38-3c22-4536-b018-f96c8dc06f78,Mahindra XUV300,Sneha Gupta,+91 8635205778,mahindra_xuv300_9749,2023-07-24T12:00:00,Engine Repair,Engine overhaul and major internal components serviced.,139856,25049.36,2024-10-09T12:00:00,Kiran
b2623e92-beb3-4b5b-a26c-948755b990cb,Maruti Baleno,Rohan Verma,+91 8586222208,maruti_baleno_8936,2025-05-09T12:00:00,AC Repair,"Cooling issue fixed, condenser cleaned.",121352,4049.9,2025-10-12T12:00:00,Manoj
ff300afd-f086-45ac-abe9-d0876ad26b55,Hyundai i20,Karthik Naik,+91 8028974701,hyundai_i20_8008,2024-11-28T12:00:00,AC Repair,AC gas refilled and compressor checked.,52400,5060.58,2025-04-15T12:00:00,Ramesh
0e73246b-dc6b-41aa-b058-cedb45508b3f,Tata Nexon,Varsha Verma,+91 9644945968,tata_nexon_8417,2023-08-27T12:00:00,Brake Service,"Brake noise complaint resolved, pads adjusted.",85425,2381.66,2024-04-08T12:00:00,Anil
78a5333c-7e17-4d6b-bec1-9e9e229ffb25,Mahindra XUV300,Shreya Mehta,+91 8232047417,mahindra_xuv300_6006,2023-05-22T12:00:00,General Service,Standard service with air filter cleaning and washing.,55870,3989.68,2023-10-11T12:00:00,Manoj
23e7a114-5a07-4d72-82ad-c9ad2d662f93,Kia Seltos,Nisha Sharma,+91 8821480042,kia_seltos_7764,2023-10-30T12:00:00,Battery Replacement,Battery terminals cleaned and new battery installed.,116061,7140.91,2024-09-30T12:00:00,Deepak
6c3d7c45-60a4-459b-80f3-4e581d2a253f,Kia Seltos,Praveen Rao,+91 8751659250,kia_seltos_3787,2025-03-02T12:00:00,Clutch Overhaul,Full clutch kit replaced.,149618,17395.52,2026-02-10T12:00:00,Deepak
02b53bcc-4819-4913-9521-ef387cf48e9e,Maruti Swift,Karthik Sharma,+91 7212757360,maruti_swift_5752,2024-06-08T12:00:00,General Service,"Engine oil and oil filter changed, general inspection done.",19785,1969.59,2024-10-23T12:00:00,Sameer
44d3e236-99df-4da9-960a-08e47f1f4f1b,Maruti Swift,Nisha Verma,+91 9853428807,maruti_swift_1448,2025-08-04T12:00:00,Engine Repair,Timing belt replaced and engine tuned.,29675,11710.32,2027-01-26T12:00:00,Deepak
204d12bf-fd56-44bc-8dd0-fa74002580fe,Honda City,Varsha Shetty,+91 8788195859,honda_city_9039,2025-09-20T12:00:00,Brake Service,Rear brake pads replaced and brake fluid topped up.,121197,4919.91,2026-04-07T12:00:00,Deepak
effeb80a-4895-45c4-9890-72dd2aa8de34,Honda City,Karthik Mehta,+91 7921323789,honda_city_7487,2024-05-07T12:00:00,Battery Replacement,Battery terminals cleaned and new battery installed.,11852,8431.5,2025-03-13T12:00:00,Ramesh
5ed2bddf-ed26-40ae-9279-aa694e85f697,Hyundai Creta,Amit Gupta,+91 7640738988,hyundai_creta_5485,2025-09-21T12:00:00,AC Repair,"Cooling issue fixed, condenser cleaned.",25702,2738.04,2026-03-23T12:00:00,Anil
2f1b02d0-1f4d-45c2-8404-2fee05cf0230,Mahindra XUV300,Praveen Mehta,+91 9482102117,mahindra_xuv300_8171,2025-02-11T12:00:00,AC Repair,AC gas refilled and compressor checked.,111118,6221.09,2025-08-14T12:00:00,Sameer
556adbdb-ba49-4756-8aff-63a96715801d,Maruti Baleno,Rohan Gupta,+91 7686532677,maruti_baleno_9297,2023-05-08T12:00:00,Wheel Alignment & Balancing,Steering pull corrected by wheel alignment.,167144,1776.58,2023-12-08T12:00:00,Anil
dc89fd46-2eb8-41ed-bf43-1978deb4aa7e,Hyundai i20,Karthik Gupta,+91 9414097546,hyundai_i20_4937,2024-05-03T12:00:00,Wheel Alignment & Balancing,Tyre rotation and balancing performed.,114153,1668.19,2024-08-18T12:00:00,Irfan
2aa9164e-a115-404d-b6ba-24df87aeeb02,Maruti Baleno,Arjun Verma,+91 7798504037,maruti_baleno_2314,2024-01-04T12:00:00,Engine Repair,Timing belt replaced and engine tuned.,99888,24268.43,2025-01-20T12:00:00,Sameer
d45725e9-aa5f-47d4-84b9-371e1570bce3,Tata Nexon,Karthik Mehta,+91 9800051996,tata_nexon_1348,2025-05-25T12:00:00,General Service,Standard service with air filter cleaning and washing.,62147,3986.63,2025-10-30T12:00:00,Sameer
34070d61-c1a0-4aaf-bb17-117d73f40b9e,Honda City,Rohan Naik,+91 8517786371,honda_city_5183,2025-09-11T12:00:00,General Service,"Periodic service, fluids checked and topped up.",119067,5393.95,2026-04-06T12:00:00,Manoj
84be85b2-c146-43ae-b362-2e7791d7e6e3,Hyundai Creta,Nisha Patel,+91 9239159473,hyundai_creta_1912,2025-10-25T12:00:00,AC Repair,AC gas refilled and compressor checked.,82814,2783.64,2026-03-04T12:00:00,Sameer
4f069d86-951a-49a3-b01f-6841f24ac1d9,Hyundai Creta,Karthik Reddy,+91 8404660881,hyundai_creta_2588,2024-08-27T12:00:00,General Service,Standard service with air filter cleaning and washing.,7288,2803.38,2025-01-16T12:00:00,Shiva
ba0de06b-9de8-40e9-babe-55852707bb6a,Hyundai i20,Karthik Mehta,+91 7923422410,hyundai_i20_2881,2023-05-12T12:00:00,General Service,"Engine oil and oil filter changed, general inspection done.",126656,6194.64,2023-10-11T12:00:00,Irfan
e92f8c4f-7d6f-4628-8936-263ecbcdeb09,Kia Seltos,Rahul Shetty,+91 9797286393,kia_seltos_9167,2025-10-02T12:00:00,Engine Repair,Engine overhaul and major internal components serviced.,151585,29612.7,2026-08-12T12:00:00,Manoj
f8842210-e99a-4b91-9222-e0cafba9d010,Hyundai i20,Karthik Naik,+91 8262467937,hyundai_i20_9892,2026-01-10T12:00:00,General Service,"Periodic service, fluids checked and topped up.",72219,4275.8,2026-07-08T12:00:00,Shiva
cadb90e4-2fb5-48d9-8f22-99b5b8deb60d,Maruti Baleno,Shreya Kumar,+91 8511821023,maruti_baleno_6301,2025-11-25T12:00:00,General Service,"Engine oil and oil filter changed, general inspection done.",31451,2813.02,2026-04-30T12:00:00,Irfan
61d55f23-744e-40a8-ae56-676dcbddabaf,Hyundai i20,Praveen Reddy,+91 9474857603,hyundai_i20_2250,2023-05-03T12:00:00,Brake Service,Rear brake pads replaced and brake fluid topped up.,165083,5111.06,2023-08-28T12:00:00,Kiran
2a50c157-f1e6-4320-95a0-49987b766d47,Honda City,Sneha Rao,+91 7359313314,honda_city_9863,2024-11-04T12:00:00,Battery Replacement,Old battery replaced with new 60Ah unit.,161740,12009.92,2025-10-10T12:00:00,Anil
e04bf9ec-3ade-474e-ad7f-b23d0fdd73b3,Maruti Swift,Rohan Gupta,+91 7720156733,maruti_swift_2693,2023-12-08T12:00:00,Brake Service,Front brake pads and discs inspected and replaced.,169433,3312.93,2024-04-07T12:00:00,Shiva
61dd3caa-97e1-48e9-b5b5-0f1ac3a144ed,Maruti Baleno,Nisha Reddy,+91 8218294081,maruti_baleno_2818,2024-08-28T12:00:00,Brake Service,Rear brake pads replaced and brake fluid topped up.,144460,5655.48,2025-04-28T12:00:00,Irfan
cda6fec3-6117-4445-9889-a530b8459934,Tata Nexon,Sneha Sharma,+91 9086703951,tata_nexon_9963,2025-09-08T12:00:00,General Service,"Engine oil and oil filter changed, general inspection done.",9016,2619.49,2026-03-10T12:00:00,Kiran
326e610a-2c81-4566-a647-3d371b3c44d0,Hyundai Creta,Sneha Gupta,+91 9332888468,hyundai_creta_3793,2024-04-21T12:00:00,AC Repair,AC vents cleaned and cabin filter replaced.,131900,5452.46,2024-11-18T12:00:00,Kiran
3e4d54ad-b11f-4894-b01c-fffc84f6f04c,Hyundai Creta,Rohan Sharma,+91 8952314728,hyundai_creta_3888,2023-04-15T12:00:00,Brake Service,"Brake noise complaint resolved, pads adjusted.",173718,4135.84,2023-10-19T12:00:00,Ramesh
9a25df63-df29-4906-a361-1aa62d13239a,Kia Seltos,Karthik Verma,+91 8789154321,kia_seltos_2733,2023-07-14T12:00:00,AC Repair,"Cooling issue fixed, condenser cleaned.",154976,4999.33,2023-11-28T12:00:00,Manoj
fda5aa54-e712-447d-9d7e-36f021f9c809,Kia Seltos,Karthik Sharma,+91 9996165874,kia_seltos_2059,2025-08-28T12:00:00,General Service,"Engine oil and oil filter changed, general inspection done.",148973,5668.57,2026-03-07T12:00:00,Shiva
cf30ff3f-b220-43e6-9c43-00fa086d4997,Maruti Baleno,Amit Shetty,+91 9840025725,maruti_baleno_8762,2023-12-26T12:00:00,General Service,Standard service with air filter cleaning and washing.,29894,3952.72,2024-08-07T12:00:00,Sameer
43f16580-30be-4bc9-b738-0ac22b42e1d4,Maruti Swift,Sneha Verma,+91 9953087916,maruti_swift_3974,2023-10-15T12:00:00,Engine Repair,Timing belt replaced and engine tuned.,87610,12378.09,2024-09-25T12:00:00,Kiran
ed4d03a8-6886-4112-afc8-404f6f42089c,Maruti Baleno,Shreya Kumar,+91 9731886123,maruti_baleno_2652,2024-09-27T12:00:00,Clutch Overhaul,Clutch plate and pressure plate changed.,150083,19801.28,2025-05-12T12:00:00,Sameer
0fc4766b-6758-4465-967c-358427291587,Honda City,Nisha Mehta,+91 8664466983,honda_city_1067,2025-04-23T12:00:00,Brake Service,Rear brake pads replaced and brake fluid topped up.,163201,2813.45,2025-12-23T12:00:00,Anil
e410ea83-6601-4cab-8e1e-2c0fd59fc6c9,Hyundai i20,Amit Naik,+91 7683525064,hyundai_i20_3065,2026-01-04T12:00:00,Wheel Alignment & Balancing,Tyre rotation and balancing performed.,26155,867.86,2026-06-01T12:00:00,Sameer
a3b500a9-7bf2-4240-9845-0ac845fe54ce,Hyundai Creta,Rohan Gupta,+91 9792457644,hyundai_creta_3971,2025-12-18T12:00:00,Battery Replacement,Old battery replaced with new 60Ah unit.,171264,7026.6,2026-11-28T12:00:00,Deepak
aac41524-3383-4feb-881b-b68b37804b14,Mahindra XUV300,Sneha Mehta,+91 8964101932,mahindra_xuv300_1279,2025-02-05T12:00:00,General Service,"Periodic service, fluids checked and topped up.",12517,3343.66,2025-07-28T12:00:00,Deepak
877a3b7e-ee41-436c-9d86-bccd3954402d,Kia Seltos,Shreya Kumar,+91 8900025504,kia_seltos_4413,2023-09-03T12:00:00,Wheel Alignment & Balancing,Steering pull corrected by wheel alignment.,73019,2051.16,2024-02-29T12:00:00,Deepak
6c2a6657-2265-4421-9fc4-1ab889216960,Hyundai Creta,Varsha Verma,+91 7314404277,hyundai_creta_5225,2025-09-08T12:00:00,AC Repair,AC vents cleaned and cabin filter replaced.,62287,3479.97,2026-02-01T12:00:00,Manoj
ab3ffd74-d29c-47ff-9720-cbd46b979f19,Hyundai i20,Arjun Rao,+91 9047891906,hyundai_i20_5785,2025-06-10T12:00:00,General Service,"Engine oil and oil filter changed, general inspection done.",69082,2589.89,2025-12-26T12:00:00,Shiva
43d5cb2d-a593-4eb1-9906-8c6a5b3c8a88,Hyundai i20,Amit Verma,+91 8943325704,hyundai_i20_3419,2024-03-30T12:00:00,AC Repair,AC gas refilled and compressor checked.,126979,3877.99,2024-12-08T12:00:00,Sameer
ad93235d-ccfd-490d-a7e1-28ff240874d0,Maruti Swift,Arjun Rao,+91 9113402874,maruti_swift_1151,2023-12-16T12:00:00,General Service,Standard service with air filter cleaning and washing.,167878,5074.27,2024-05-15T12:00:00,Manoj
35bbfa03-8b86-458e-af50-c9bbe763750e,Honda City,Rahul Shetty,+91 8494590254,honda_city_1808,2025-12-24T12:00:00,Wheel Alignment & Balancing,Steering pull corrected by wheel alignment.,33724,1141.39,2026-08-31T12:00:00,Sameer
841a3bb6-13b5-4c0d-bfeb-3451055e1d77,Hyundai Creta,Amit Mehta,+91 9848824127,hyundai_creta_2903,2023-10-21T12:00:00,AC Repair,AC gas refilled and compressor checked.,41903,3259.32,2024-04-22T12:00:00,Anil
e6cb9abf-517f-4873-8c86-45de0d6d66b1,Mahindra XUV300,Rahul Patel,+91 8864612459,mahindra_xuv300_9419,2024-07-03T12:00:00,AC Repair,AC vents cleaned and cabin filter replaced.,26563,3757.14,2024-11-20T12:00:00,Deepak
b90e8beb-0a9b-4698-83bd-06f93459a85f,Maruti Swift,Sneha Naik,+91 7803388270,maruti_swift_9791,2025-01-19T12:00:00,General Service,Standard service with air filter cleaning and washing.,72913,5429.91,2025-06-14T12:00:00,Manoj
158e8be6-85ee-43f4-94c0-97bc92a66e6a,Honda City,Varsha Sharma,+91 7981199395,honda_city_3718,2023-05-03T12:00:00,General Service,"Engine oil and oil filter changed, general inspection done.",179064,3989.09,2023-12-02T12:00:00,Shiva
34fa9db1-4438-4ba7-b5b8-8567de366355,Hyundai Creta,Praveen Patel,+91 7724421169,hyundai_creta_9872,2025-08-02T12:00:00,Wheel Alignment & Balancing,Tyre rotation and balancing performed.,148748,2880.72,2026-02-11T12:00:00,Shiva
75dcb4e9-bc7a-4644-bbdd-23a9648cb989,Honda City,Nisha Patel,+91 7616733367,honda_city_6846,2025-02-14T12:00:00,Brake Service,"Brake noise complaint resolved, pads adjusted.",136892,4990.2,2025-08-25T12:00:00,Sameer
7f226e2a-992f-4f1f-83c3-20da2d8005a4,Maruti Baleno,Arjun Naik,+91 7349171806,maruti_baleno_4159,2024-07-21T12:00:00,General Service,"Periodic service, fluids checked and topped up.",177837,6297.06,2024-12-30T12:00:00,Kiran
0d4c7ada-6607-4337-a4e1-a3d92ddf413c,Honda City,Karthik Shetty,+91 7917376080,honda_city_3558,2024-09-25T12:00:00,Engine Repair,"Misfiring issue fixed, spark plugs replaced.",122346,27382.28,2025-12-29T12:00:00,Sameer
a08f1c7b-5eab-47bd-8d5d-530f1e0c492e,Maruti Baleno,Karthik Patel,+91 7448660467,maruti_baleno_9181,2025-11-17T12:00:00,Brake Service,"Brake noise complaint resolved, pads adjusted.",10539,2143.04,2026-03-30T12:00:00,Manoj
32d60adb-efaf-48be-8d0a-f122b2d927b0,Tata Nexon,Arjun Kumar,+91 8566681624,tata_nexon_7496,2025-10-21T12:00:00,General Service,"Periodic service, fluids checked and topped up.",23167,3329.8,2026-05-15T12:00:00,Manoj
920a0794-95fd-4fa0-aa6c-e69fb0cf92d9,Kia Seltos,Varsha Sharma,+91 7285693724,kia_seltos_5177,2024-10-21T12:00:00,Brake Service,"Brake noise complaint resolved, pads adjusted.",16307,2897.17,2025-05-01T12:00:00,Kiran
bb37997d-09fe-469e-a127-33f5c7e50bbd,Hyundai Creta,Arjun Shetty,+91 9328203543,hyundai_creta_9294,2023-08-30T12:00:00,Wheel Alignment & Balancing,Tyre rotation and balancing performed.,121261,2456.32,2024-02-01T12:00:00,Irfan
f7fe5dc6-6340-47f9-8ad3-f9504cc65dd1,Maruti Swift,Rohan Rao,+91 8326896213,maruti_swift_2449,2026-01-02T12:00:00,General Service,"Periodic service, fluids checked and topped up.",93996,4060.86,2026-07-22T12:00:00,Irfan
20407c39-e5bb-4bda-923d-a9b7b214ddd6,Tata Nexon,Praveen Naik,+91 8842098589,tata_nexon_4575,2025-09-09T12:00:00,General Service,Standard service with air filter cleaning and washing.,104775,5652.62,2026-03-23T12:00:00,Ramesh
ed15dda1-057e-4a94-9d77-b00c1e80aab4,Hyundai Creta,Rohan Kumar,+91 8458264529,hyundai_creta_8285,2024-04-11T12:00:00,General Service,"Engine oil and oil filter changed, general inspection done.",90054,4178.24,2024-09-11T12:00:00,Irfan
9893b70d-3490-475c-81fe-116ff77ff140,Maruti Swift,Praveen Naik,+91 7713802201,maruti_swift_4547,2024-01-23T12:00:00,Brake Service,Front brake pads and discs inspected and replaced.,172877,4174.09,2024-07-05T12:00:00,Sameer
7ba8820f-d4ee-4e75-939a-e0e6f0c8665c,Hyundai i20,Nisha Rao,+91 8305653646,hyundai_i20_1003,2024-10-20T12:00:00,Engine Repair,"Misfiring issue fixed, spark plugs replaced.",144682,31237.02,2025-06-23T12:00:00,Manoj
d98372f6-e24b-4240-b929-bb13081fccdc,Kia Seltos,Varsha Shetty,+91 8400444937,kia_seltos_3555,2023-12-12T12:00:00,Wheel Alignment & Balancing,4-wheel alignment and balancing done.,172550,2288.67,2024-06-07T12:00:00,Anil
1e9f1ffd-70fe-440c-9af2-1abd0d4a8a7e,Honda City,Karthik Naik,+91 9894509129,honda_city_7872,2023-02-17T12:00:00,General Service,"Periodic service, fluids checked and topped up.",62032,2622.91,2023-09-05T12:00:00,Shiva
0413f33e-f650-4efb-bf0c-06a8e672ffb1,Hyundai i20,Rahul Verma,+91 7865174948,hyundai_i20_8840,2023-07-22T12:00:00,General Service,"Engine oil and oil filter changed, general inspection done.",118990,2853.11,2023-12-14T12:00:00,Shiva
28d38206-17c8-44bd-a8ad-f247d976c8c5,Honda City,Rahul Sharma,+91 8452537886,honda_city_9270,2025-01-06T12:00:00,AC Repair,AC vents cleaned and cabin filter replaced.,73311,5429.84,2025-06-08T12:00:00,Ramesh
f300d166-fc6c-49dc-b94b-43207d2cba39,Hyundai Creta,Rahul Naik,+91 9429902913,hyundai_creta_3467,2023-07-22T12:00:00,General Service,"Periodic service, fluids checked and topped up.",18794,3873.52,2024-01-18T12:00:00,Kiran
f21feabc-ae8c-436f-8e43-350147e2acbe,Mahindra XUV300,Praveen Naik,+91 9194689784,mahindra_xuv300_5592,2025-06-28T12:00:00,AC Repair,"Cooling issue fixed, condenser cleaned.",121382,4189.77,2026-01-26T12:00:00,Ramesh
bc9fa9dd-b68a-4701-9232-840675ea6671,Maruti Baleno,Rahul Rao,+91 9667805478,maruti_baleno_1746,2025-06-29T12:00:00,Brake Service,"Brake noise complaint resolved, pads adjusted.",50446,3339.58,2026-01-30T12:00:00,Deepak
8d771bae-4f4a-486a-9796-6410183ce470,Kia Seltos,Amit Verma,+91 8042400835,kia_seltos_5453,2026-01-04T12:00:00,Wheel Alignment & Balancing,4-wheel alignment and balancing done.,20324,1558.01,2026-07-07T12:00:00,Shiva
96411d9b-d428-4582-a19d-d59150c1f5d5,Honda City,Arjun Naik,+91 7504959531,honda_city_1553,2023-03-27T12:00:00,Clutch Overhaul,"Clutch slip issue fixed, release bearing replaced.",55355,17239.09,2024-05-11T12:00:00,Shiva
3a0e35f6-572e-4d13-808f-49a2ba04140a,Hyundai Creta,Amit Verma,+91 8260855320,hyundai_creta_7074,2023-07-29T12:00:00,Engine Repair,Engine overhaul and major internal components serviced.,118142,35408.74,2024-10-18T12:00:00,Kiran
9b47af6a-6f9e-49c7-858e-49b82149829c,Mahindra XUV300,Arjun Naik,+91 7864192617,mahindra_xuv300_9073,2025-06-05T12:00:00,General Service,"Engine oil and oil filter changed, general inspection done.",7235,3648.74,2025-12-07T12:00:00,Ramesh
31c31588-cfde-4de6-abc9-5e28c0d63918,Maruti Swift,Amit Shetty,+91 8798250713,maruti_swift_1621,2025-04-13T12:00:00,Wheel Alignment & Balancing,Tyre rotation and balancing performed.,45695,2071.28,2025-12-05T12:00:00,Shiva
61f26af4-c31c-476a-a965-e7d2ad7196a3,Maruti Baleno,Rohan Naik,+91 7550516954,maruti_baleno_4603,2023-07-24T12:00:00,Wheel Alignment & Balancing,Tyre rotation and balancing performed.,35108,789.93,2024-03-18T12:00:00,Kiran
25cdc7e2-0501-44b0-b24f-a77a5492a175,Maruti Baleno,Amit Patel,+91 8421823034,maruti_baleno_2467,2023-04-19T12:00:00,AC Repair,AC vents cleaned and cabin filter replaced.,109699,4843.14,2023-09-11T12:00:00,Ramesh
e845af23-f8e6-48de-9e06-3e00a83701dd,Hyundai i20,Arjun Naik,+91 7891745201,hyundai_i20_9863,2024-03-10T12:00:00,General Service,"Periodic service, fluids checked and topped up.",22034,3906.84,2024-09-04T12:00:00,Anil
82d84671-d38a-4519-a9f4-fd3be1ad4097,Mahindra XUV300,Amit Patel,+91 9714504008,mahindra_xuv300_5458,2023-12-25T12:00:00,Clutch Overhaul,Clutch plate and pressure plate changed.,179183,17422.08,2024-12-17T12:00:00,Ramesh
f868fe40-f55f-44cb-bf01-5b979f584e3a,Honda City,Rohan Shetty,+91 9978449811,honda_city_8333,2024-08-23T12:00:00,General Service,"Periodic service, fluids checked and topped up.",23354,3113.38,2025-03-28T12:00:00,Kiran
caabfdd2-b582-4b1f-981c-ff5635b8a66c,Mahindra XUV300,Shreya Verma,+91 7846512636,mahindra_xuv300_3411,2024-02-06T12:00:00,Wheel Alignment & Balancing,Steering pull corrected by wheel alignment.,141057,1952.19,2024-07-06T12:00:00,Deepak
9f3dc80b-b914-4a38-8c1c-076ab2883887,Maruti Baleno,Karthik Naik,+91 7394814075,maruti_baleno_3194,2023-03-04T12:00:00,AC Repair,AC gas refilled and compressor checked.,81650,5321.78,2023-10-16T12:00:00,Manoj
f64b20e0-3474-432c-ad39-c3f5d6f39bdc,Mahindra XUV300,Amit Kumar,+91 8696405817,mahindra_xuv300_3225,2024-02-25T12:00:00,Clutch Overhaul,Full clutch kit replaced.,139083,18335.15,2025-04-19T12:00:00,Sameer
23a26f88-4b2d-466f-b3f7-401e881404f3,Maruti Baleno,Rohan Kumar,+91 9309475672,maruti_baleno_6251,2025-09-04T12:00:00,Brake Service,Front brake pads and discs inspected and replaced.,164253,4787.03,2026-02-02T12:00:00,Kiran
830db67b-eed9-47be-8b95-78e19e2985d3,Maruti Swift,Rohan Mehta,+91 7595807440,maruti_swift_7781,2024-09-16T12:00:00,General Service,Standard service with air filter cleaning and washing.,128376,4743.63,2025-03-12T12:00:00,Manoj
a677c6ae-f4d4-4403-8cc7-879c2e2d552d,Honda City,Praveen Patel,+91 7915009646,honda_city_5702,2023-08-30T12:00:00,Clutch Overhaul,Clutch plate and pressure plate changed.,103679,19307.91,2024-07-30T12:00:00,Shiva
e3163fb9-555e-41e5-93be-18c4a79d2fc2,Kia Seltos,Rahul Gupta,+91 9937045634,kia_seltos_7717,2023-06-11T12:00:00,AC Repair,AC gas refilled and compressor checked.,134146,5211.04,2023-11-11T12:00:00,Anil
944f8e72-bb34-474c-9495-4407a86576a3,Tata Nexon,Praveen Sharma,+91 9827615980,tata_nexon_2160,2024-07-01T12:00:00,General Service,"Engine oil and oil filter changed, general inspection done.",105854,4672.36,2024-12-18T12:00:00,Shiva
620e98dc-e8c5-49c4-a27f-156577288d33,Maruti Baleno,Karthik Kumar,+91 8911427014,maruti_baleno_9027,2023-11-16T12:00:00,Wheel Alignment & Balancing,4-wheel alignment and balancing done.,133477,2038.48,2024-04-15T12:00:00,Kiran
36088a38-9ca4-4c68-bf55-b26fad1556de,Honda City,Shreya Gupta,+91 7368058645,honda_city_7453,2024-05-26T12:00:00,Clutch Overhaul,"Clutch slip issue fixed, release bearing replaced.",132605,20382.76,2025-11-11T12:00:00,Shiva
f4b61236-5a83-4539-80ab-f922634d67fb,Hyundai Creta,Sneha Patel,+91 9677714121,hyundai_creta_5206,2025-10-01T12:00:00,Battery Replacement,Old battery replaced with new 60Ah unit.,138017,6850.39,2026-10-16T12:00:00,Ramesh
a20bea0b-a8c1-4ccb-b3cc-603bbca7b345,Hyundai i20,Rohan Kumar,+91 9615203054,hyundai_i20_1696,2025-09-07T12:00:00,AC Repair,AC gas refilled and compressor checked.,139263,3096.14,2026-03-08T12:00:00,Sameer
469c4429-6218-406a-b834-327aded89374,Maruti Swift,Amit Gupta,+91 9204841638,maruti_swift_5533,2023-10-20T12:00:00,Wheel Alignment & Balancing,Tyre rotation and balancing performed.,167805,2013.9,2024-04-13T12:00:00,Kiran
eae43236-aec2-4063-b232-4f10f3e9e34c,Hyundai Creta,Sneha Kumar,+91 8599708185,hyundai_creta_7374,2023-10-12T12:00:00,General Service,"Periodic service, fluids checked and topped up.",9859,4572.84,2024-03-07T12:00:00,Deepak
f053e959-895b-45eb-9cba-4ca3241b8f4d,Kia Seltos,Varsha Gupta,+91 7937690553,kia_seltos_4514,2023-05-21T12:00:00,Brake Service,Rear brake pads replaced and brake fluid topped up.,129852,3776.37,2023-10-20T12:00:00,Manoj
db237c87-64bd-4f87-8d7d-b93533ccd099,Tata Nexon,Rahul Verma,+91 7903808002,tata_nexon_4564,2023-06-28T12:00:00,Brake Service,Front brake pads and discs inspected and replaced.,51520,3373.26,2023-10-11T12:00:00,Ramesh
adf1b6c5-e82b-4c38-903b-0c5dfab744f9,Mahindra XUV300,Karthik Mehta,+91 7495470380,mahindra_xuv300_7866,2024-04-01T12:00:00,Wheel Alignment & Balancing,4-wheel alignment and balancing done.,143062,1370.0,2024-09-03T12:00:00,Sameer
ba58b3fa-8cc2-412a-98e4-74be4dab4544,Maruti Baleno,Amit Sharma,+91 7241080182,maruti_baleno_5931,2025-08-05T12:00:00,Engine Repair,Engine overhaul and major internal components serviced.,107169,14010.79,2026-06-01T12:00:00,Irfan
1362f538-b9cc-453f-aee8-56ceec830e18,Maruti Baleno,Rahul Verma,+91 9952190726,maruti_baleno_4128,2025-11-07T12:00:00,Wheel Alignment & Balancing,4-wheel alignment and balancing done.,41917,1766.44,2026-07-11T12:00:00,Kiran
524db7da-08f8-48b4-b2c1-4ad8b0b5b874,Hyundai i20,Karthik Verma,+91 8956085442,hyundai_i20_8707,2025-03-10T12:00:00,Wheel Alignment & Balancing,4-wheel alignment and balancing done.,19724,1097.07,2025-09-08T12:00:00,Kiran
904c29ca-3259-44a2-b2a2-19b4cd4ecc9d,Hyundai Creta,Shreya Kumar,+91 9158617876,hyundai_creta_8915,2025-04-12T12:00:00,Brake Service,Rear brake pads replaced and brake fluid topped up.,58192,2509.21,2025-08-23T12:00:00,Shiva
23095559-2032-47cf-b431-63bfb0f1bd70,Mahindra XUV300,Sneha Naik,+91 7478469348,mahindra_xuv300_5587,2024-10-07T12:00:00,Battery Replacement,No-start issue fixed with new battery.,173663,11667.4,2025-06-05T12:00:00,Deepak
ac10c126-9fc5-4281-9413-9455ea198d24,Hyundai Creta,Varsha Reddy,+91 8395547774,hyundai_creta_5980,2025-09-30T12:00:00,Clutch Overhaul,Full clutch kit replaced.,51580,15490.01,2026-06-20T12:00:00,Sameer
eacb2e46-a19b-4337-93f9-cd0736b4931b,Honda City,Praveen Shetty,+91 9608093440,honda_city_5759,2023-03-12T12:00:00,Brake Service,Rear brake pads replaced and brake fluid topped up.,167901,4156.45,2023-08-05T12:00:00,Anil
cbd94089-cd5a-4fb0-b204-2b7b07964d77,Tata Nexon,Rahul Shetty,+91 8303509480,tata_nexon_1602,2023-05-03T12:00:00,General Service,Standard service with air filter cleaning and washing.,24783,2719.85,2023-11-30T12:00:00,Deepak
ad42dcfe-bff5-4598-bd11-62e92761d555,Honda City,Sneha Rao,+91 9559028730,honda_city_5605,2024-06-24T12:00:00,Clutch Overhaul,"Clutch slip issue fixed, release bearing replaced.",110530,21310.77,2025-12-31T12:00:00,Manoj
9c60134f-488e-4ea3-9dc5-8765dd4b317b,Kia Seltos,Varsha Mehta,+91 8736432383,kia_seltos_4542,2023-01-26T12:00:00,Engine Repair,Timing belt replaced and engine tuned.,144527,31959.25,2024-03-05T12:00:00,Deepak
af990429-e364-4b92-9356-ae23d3673f49,Maruti Baleno,Sneha Gupta,+91 8755523059,maruti_baleno_3194,2023-07-09T12:00:00,AC Repair,"Cooling issue fixed, condenser cleaned.",154139,5087.66,2024-01-17T12:00:00,Deepak
504e8685-3ca4-457c-bce9-9103f482394f,Honda City,Praveen Mehta,+91 8628912008,honda_city_3276,2023-03-26T12:00:00,General Service,"Periodic service, fluids checked and topped up.",145655,6880.62,2023-09-06T12:00:00,Manoj
4e06ae22-88f4-4ce4-8f8d-3d94bc883b13,Maruti Baleno,Rohan Patel,+91 7108048376,maruti_baleno_4119,2025-03-05T12:00:00,Brake Service,"Brake noise complaint resolved, pads adjusted.",66848,3041.61,2025-11-04T12:00:00,Kiran
ae4dc75f-d5c4-4b1c-a72b-b1b6307721c3,Mahindra XUV300,Sneha Reddy,+91 9683961869,mahindra_xuv300_5938,2025-08-02T12:00:00,Brake Service,"Brake noise complaint resolved, pads adjusted.",76208,3074.02,2025-12-20T12:00:00,Deepak
2dec4aa2-6792-4558-bbde-c021698596e8,Honda City,Praveen Patel,+91 9812289798,honda_city_9367,2024-01-09T12:00:00,General Service,"Periodic service, fluids checked and topped up.",155564,3872.79,2024-08-05T12:00:00,Anil
e5a4b66f-071d-4bb9-80ab-48eabde626b6,Hyundai i20,Nisha Gupta,+91 8170361096,hyundai_i20_2455,2023-08-08T12:00:00,AC Repair,AC vents cleaned and cabin filter replaced.,105330,4496.01,2024-01-26T12:00:00,Deepak
cc40daa3-6549-43cf-a906-f47e7bf78775,Mahindra XUV300,Sneha Rao,+91 8771442272,mahindra_xuv300_1898,2025-06-11T12:00:00,AC Repair,"Cooling issue fixed, condenser cleaned.",35777,4099.94,2025-11-06T12:00:00,Irfan
bf2410fb-e0dd-4a46-b36c-df34ff3597fa,Tata Nexon,Praveen Kumar,+91 8765668635,tata_nexon_7190,2023-05-24T12:00:00,Wheel Alignment & Balancing,4-wheel alignment and balancing done.,63321,1856.7,2024-01-27T12:00:00,Ramesh
a7288570-6727-4980-8670-c95020ec5c1b,Honda City,Amit Reddy,+91 8856725023,honda_city_7304,2024-01-02T12:00:00,General Service,"Periodic service, fluids checked and topped up.",17424,4836.12,2024-06-20T12:00:00,Kiran
63ad8694-5c91-489f-a0d1-fc501ebf4336,Honda City,Shreya Rao,+91 7216957519,honda_city_1692,2024-08-07T12:00:00,General Service,"Engine oil and oil filter changed, general inspection done.",10514,4875.43,2025-02-26T12:00:00,Manoj
2bc0adbb-8487-4109-b09b-b17028a1c3b2,Mahindra XUV300,Arjun Patel,+91 9785423156,mahindra_xuv300_5019,2025-06-25T12:00:00,Wheel Alignment & Balancing,Tyre rotation and balancing performed.,61928,1184.6,2025-10-11T12:00:00,Deepak
fb869e5f-9dc0-4c63-8189-4f276308a0af,Hyundai Creta,Arjun Sharma,+91 8237750001,hyundai_creta_1744,2024-04-15T12:00:00,General Service,Standard service with air filter cleaning and washing.,129811,6720.46,2024-11-07T12:00:00,Ramesh
b34f0d08-b6fd-4fa9-aa97-6ae7cf600569,Tata Nexon,Sneha Mehta,+91 7258846781,tata_nexon_5450,2025-10-07T12:00:00,Brake Service,Rear brake pads replaced and brake fluid topped up.,153645,3563.45,2026-06-08T12:00:00,Sameer
2cb618c8-cea6-47b1-8fc0-eea97d8fb872,Tata Nexon,Arjun Reddy,+91 8559187906,tata_nexon_3742,2024-07-13T12:00:00,General Service,Standard service with air filter cleaning and washing.,59822,4402.19,2025-02-09T12:00:00,Anil
defbd61b-2e17-4a88-8352-5b862009097b,Mahindra XUV300,Rahul Shetty,+91 7393988184,mahindra_xuv300_2150,2025-01-06T12:00:00,General Service,"Periodic service, fluids checked and topped up.",61272,3035.63,2025-07-02T12:00:00,Kiran
23174b84-1a55-4975-9a0c-289f0061dbbe,Hyundai Creta,Karthik Mehta,+91 9548306462,hyundai_creta_8414,2025-08-18T12:00:00,General Service,"Engine oil and oil filter changed, general inspection done.",110579,5222.57,2026-03-19T12:00:00,Deepak
81b2e260-6f76-419f-92a5-6802a1e78579,Hyundai Creta,Sneha Sharma,+91 9484027161,hyundai_creta_6633,2024-12-24T12:00:00,Brake Service,"Brake noise complaint resolved, pads adjusted.",69907,4541.67,2025-05-01T12:00:00,Sameer
f14973cf-9b92-406d-b3b0-e7aac3199d98,Honda City,Varsha Shetty,+91 9709381999,honda_city_6363,2024-06-27T12:00:00,AC Repair,AC gas refilled and compressor checked.,163916,5032.9,2025-02-05T12:00:00,Manoj
70a6ace8-081e-45ff-8e9e-7420a22cf5d8,Hyundai Creta,Arjun Verma,+91 9629415744,hyundai_creta_1724,2023-01-21T12:00:00,Wheel Alignment & Balancing,4-wheel alignment and balancing done.,38302,1384.19,2023-08-15T12:00:00,Kiran
8559a74d-f3d0-454b-91c9-3400d8d7e25a,Maruti Swift,Karthik Rao,+91 7594353812,maruti_swift_1581,2023-11-15T12:00:00,General Service,Standard service with air filter cleaning and washing.,55880,4783.15,2024-05-23T12:00:00,Manoj
26e590cc-45ef-4fa0-beb9-f9f56e3a844d,Maruti Baleno,Praveen Naik,+91 7187970264,maruti_baleno_2597,2023-07-31T12:00:00,Wheel Alignment & Balancing,Tyre rotation and balancing performed.,75550,2143.23,2024-01-12T12:00:00,Anil
8741e127-0aa6-4e5e-9678-745fe53a6d95,Mahindra XUV300,Karthik Patel,+91 8244932118,mahindra_xuv300_1059,2024-06-09T12:00:00,General Service,Standard service with air filter cleaning and washing.,100596,4222.5,2025-01-12T12:00:00,Shiva
4e1f8c50-86af-481c-abaa-1c613e2fcb2c,Maruti Swift,Sneha Patel,+91 9346863018,maruti_swift_3379,2024-08-03T12:00:00,Battery Replacement,Old battery replaced with new 60Ah unit.,66146,5002.06,2026-01-13T12:00:00,Anil
982e824a-0e44-4b23-bdd2-fe683eb3d86c,Hyundai Creta,Shreya Shetty,+91 9385530169,hyundai_creta_7812,2025-02-23T12:00:00,Wheel Alignment & Balancing,Steering pull corrected by wheel alignment.,142819,1274.69,2025-08-25T12:00:00,Ramesh
24b0f945-2046-4db8-9dcc-22573b31dfdd,Maruti Baleno,Praveen Shetty,+91 7949006170,maruti_baleno_7811,2024-01-14T12:00:00,General Service,"Periodic service, fluids checked and topped up.",26915,2738.87,2024-06-19T12:00:00,Irfan
7d5d463a-2513-44b9-8032-ca890d2d5b5c,Hyundai Creta,Sneha Reddy,+91 9527038739,hyundai_creta_9582,2023-07-19T12:00:00,Engine Repair,Engine overhaul and major internal components serviced.,35275,16177.57,2024-12-25T12:00:00,Manoj
f7675053-edf4-44ad-a4d7-e46f4704d58c,Tata Nexon,Nisha Gupta,+91 8893493087,tata_nexon_8760,2024-11-24T12:00:00,General Service,"Periodic service, fluids checked and topped up.",34253,4567.88,2025-06-22T12:00:00,Sameer
b7eefa14-a443-424e-99c4-ce6f6d06594b,Kia Seltos,Rahul Sharma,+91 8156076545,kia_seltos_2825,2023-12-13T12:00:00,Brake Service,"Brake noise complaint resolved, pads adjusted.",41647,3727.08,2024-04-21T12:00:00,Manoj
554f71db-14f8-4285-bb78-00b7cb30914a,Maruti Swift,Shreya Reddy,+91 9739102452,maruti_swift_4635,2023-10-30T12:00:00,General Service,Standard service with air filter cleaning and washing.,155191,3659.87,2024-05-20T12:00:00,Shiva
68b9f6f1-1f0a-4f40-bbc4-ffa3b93ba9db,Hyundai Creta,Karthik Verma,+91 9958167412,hyundai_creta_7109,2023-06-05T12:00:00,General Service,"Engine oil and oil filter changed, general inspection done.",143045,5947.27,2023-12-21T12:00:00,Deepak
98819b8c-9ed4-4cef-adba-da68ac658f50,Hyundai Creta,Rohan Gupta,+91 8940561292,hyundai_creta_8937,2023-06-12T12:00:00,Wheel Alignment & Balancing,Steering pull corrected by wheel alignment.,116830,1468.71,2023-11-07T12:00:00,Shiva
9484807c-cf48-4ef0-bdbd-31afb71a5204,Hyundai Creta,Amit Mehta,+91 8111615162,hyundai_creta_3887,2023-11-04T12:00:00,Brake Service,Front brake pads and discs inspected and replaced.,125139,4512.73,2024-05-17T12:00:00,Anil
a1ce3af5-5982-4dd8-af63-5b01c6f1814c,Maruti Baleno,Nisha Shetty,+91 9403434845,maruti_baleno_2103,2024-03-18T12:00:00,Brake Service,Front brake pads and discs inspected and replaced.,72382,1816.62,2024-11-16T12:00:00,Irfan
d148b43a-7956-43bd-bdf1-65cc40c74131,Maruti Baleno,Nisha Kumar,+91 8625755161,maruti_baleno_5686,2023-03-02T12:00:00,General Service,"Periodic service, fluids checked and topped up.",62576,2672.87,2023-07-22T12:00:00,Ramesh
9066b760-bd90-4468-a16e-e8dfc0b84212,Maruti Swift,Praveen Verma,+91 8655990747,maruti_swift_2711,2024-01-25T12:00:00,Brake Service,"Brake noise complaint resolved, pads adjusted.",44688,3596.73,2024-08-03T12:00:00,Kiran
a0ef134f-cc3f-418e-9cac-938c46e7973b,Maruti Swift,Nisha Patel,+91 9591431898,maruti_swift_5329,2025-06-23T12:00:00,Wheel Alignment & Balancing,Steering pull corrected by wheel alignment.,46660,779.89,2025-10-26T12:00:00,Kiran
4d20b85c-ec94-41c7-931b-73d14d1f4482,Hyundai Creta,Arjun Naik,+91 9883104279,hyundai_creta_7569,2023-05-29T12:00:00,Engine Repair,"Misfiring issue fixed, spark plugs replaced.",174956,28813.77,2024-04-07T12:00:00,Shiva
a1a17855-a153-4542-8ccf-ab6feecf949f,Maruti Swift,Sneha Rao,+91 9439293189,maruti_swift_7557,2024-05-18T12:00:00,Wheel Alignment & Balancing,Tyre rotation and balancing performed.,61817,1406.79,2024-11-04T12:00:00,Shiva
88bd35e3-829b-412c-879c-964a4caed888,Maruti Swift,Rohan Reddy,+91 7005741009,maruti_swift_9338,2024-11-23T12:00:00,AC Repair,"Cooling issue fixed, condenser cleaned.",157883,4911.34,2025-07-18T12:00:00,Manoj
96968b10-f478-4893-9053-3ef44476b4dd,Hyundai i20,Praveen Kumar,+91 9151720326,hyundai_i20_6255,2023-03-27T12:00:00,General Service,Standard service with air filter cleaning and washing.,159821,6004.25,2023-11-03T12:00:00,Deepak
c853112f-8e6e-4c5e-9b74-f7de255953ae,Hyundai i20,Praveen Mehta,+91 7250517298,hyundai_i20_6392,2023-10-04T12:00:00,Wheel Alignment & Balancing,4-wheel alignment and balancing done.,158835,1761.87,2024-05-10T12:00:00,Manoj
f15c5fe5-b210-46a0-96c1-d649ab5d4420,Hyundai Creta,Karthik Shetty,+91 7856013613,hyundai_creta_5956,2023-04-13T12:00:00,Brake Service,"Brake noise complaint resolved, pads adjusted.",53476,4337.37,2023-10-22T12:00:00,Irfan
959552b2-7b7c-4efa-864b-12ba52c8e4f5,Honda City,Amit Sharma,+91 7629909502,honda_city_3436,2024-04-29T12:00:00,Battery Replacement,Battery terminals cleaned and new battery installed.,47338,7059.6,2025-03-17T12:00:00,Ramesh
7b8ccbc0-7282-4d08-89ae-986747357d51,Honda City,Shreya Shetty,+91 8257673714,honda_city_3440,2024-06-04T12:00:00,General Service,"Periodic service, fluids checked and topped up.",170844,5247.91,2024-10-19T12:00:00,Anil
b25d3958-f66b-4e69-b96b-9e73379dec82,Maruti Swift,Nisha Patel,+91 7783810859,maruti_swift_3197,2023-12-23T12:00:00,Clutch Overhaul,Full clutch kit replaced.,64905,14964.57,2025-06-15T12:00:00,Ramesh
69ef6bf5-42c9-4bfb-8c26-a0c1373167f9,Kia Seltos,Rohan Shetty,+91 7516169409,kia_seltos_8261,2023-01-19T12:00:00,AC Repair,AC gas refilled and compressor checked.,98513,5764.27,2023-09-29T12:00:00,Irfan
79377d71-40b5-4610-aeb3-b799a52ccec1,Hyundai i20,Varsha Shetty,+91 8937116054,hyundai_i20_4372,2024-02-21T12:00:00,Battery Replacement,Old battery replaced with new 60Ah unit.,99166,9482.72,2025-05-25T12:00:00,Ramesh
ba2e4a8c-aa61-42b6-917b-43befc0d06a1,Honda City,Karthik Naik,+91 8071004957,honda_city_6280,2024-08-09T12:00:00,General Service,"Periodic service, fluids checked and topped up.",24999,2716.87,2025-01-31T12:00:00,Manoj
11f675d2-4451-4b31-be60-934c6a64e9c6,Hyundai Creta,Karthik Sharma,+91 9206945740,hyundai_creta_7472,2024-02-25T12:00:00,AC Repair,"Cooling issue fixed, condenser cleaned.",89944,3078.2,2024-09-15T12:00:00,Shiva
7d96e5fd-202b-4fd8-b711-66710828ccd6,Maruti Baleno,Arjun Sharma,+91 9231601568,maruti_baleno_3285,2024-07-25T12:00:00,General Service,"Engine oil and oil filter changed, general inspection done.",54559,2707.06,2025-02-24T12:00:00,Kiran
b8e0aa50-a33d-422c-823a-4a39e3cd0c52,Maruti Baleno,Shreya Verma,+91 9159272669,maruti_baleno_9759,2025-12-04T12:00:00,Brake Service,"Brake noise complaint resolved, pads adjusted.",101740,3597.07,2026-05-12T12:00:00,Sameer
a1fa7554-962e-4c05-bfe2-23cdd5151bc8,Hyundai i20,Arjun Reddy,+91 8095069868,hyundai_i20_1720,2023-04-29T12:00:00,AC Repair,AC vents cleaned and cabin filter replaced.,15722,4237.89,2023-12-10T12:00:00,Shiva
ac8207bd-c520-4530-995f-b6f319b59d5c,Tata Nexon,Karthik Sharma,+91 8968967639,tata_nexon_3158,2025-01-07T12:00:00,AC Repair,AC vents cleaned and cabin filter replaced.,142946,6106.86,2025-08-07T12:00:00,Anil
2ea9442a-f2a9-40d3-9c07-62d1fe57e854,Honda City,Shreya Patel,+91 9437726873,honda_city_7012,2024-07-05T12:00:00,Brake Service,Front brake pads and discs inspected and replaced.,169893,5241.96,2025-01-04T12:00:00,Anil
8cac4242-0ad2-4851-bd2c-9b52effd7002,Mahindra XUV300,Nisha Reddy,+91 9047589039,mahindra_xuv300_7101,2023-04-12T12:00:00,Battery Replacement,Old battery replaced with new 60Ah unit.,178059,5823.95,2024-02-14T12:00:00,Manoj
c3a7fc0d-a1f6-49bf-a76e-c5d4672107bd,Honda City,Karthik Shetty,+91 8221818205,honda_city_2340,2025-11-25T12:00:00,Brake Service,Front brake pads and discs inspected and replaced.,178704,3300.89,2026-06-20T12:00:00,Shiva
4a3c7857-7553-4c0f-910c-93a26c45fe1a,Mahindra XUV300,Nisha Mehta,+91 9364713169,mahindra_xuv300_6126,2024-11-17T12:00:00,AC Repair,"Cooling issue fixed, condenser cleaned.",87519,4459.26,2025-06-18T12:00:00,Ramesh
e21664fc-28d9-45d9-96ec-519f79e6b251,Maruti Baleno,Sneha Gupta,+91 7290487636,maruti_baleno_8635,2024-05-28T12:00:00,Clutch Overhaul,"Clutch slip issue fixed, release bearing replaced.",174035,25791.24,2025-02-03T12:00:00,Sameer
e9502415-e2e5-481a-8855-54a0754ad36e,Hyundai i20,Varsha Gupta,+91 8610194245,hyundai_i20_3186,2024-12-12T12:00:00,Battery Replacement,Old battery replaced with new 60Ah unit.,173370,6464.1,2025-08-20T12:00:00,Kiran
402f2ebe-dc6e-4077-90e4-34afce955d53,Hyundai Creta,Shreya Gupta,+91 9403117791,hyundai_creta_2683,2024-11-22T12:00:00,General Service,Standard service with air filter cleaning and washing.,104547,5168.2,2025-06-07T12:00:00,Ramesh
8edb2aaa-b29f-4f31-9e25-8842807f6e23,Honda City,Rohan Gupta,+91 8268086447,honda_city_9841,2025-09-12T12:00:00,Battery Replacement,No-start issue fixed with new battery.,83348,7724.69,2027-03-06T12:00:00,Shiva
6980ea41-356c-402f-9495-56e7fc6d0703,Honda City,Rahul Gupta,+91 9997435190,honda_city_9459,2024-08-03T12:00:00,General Service,"Engine oil and oil filter changed, general inspection done.",19148,5201.31,2025-02-02T12:00:00,Manoj
7e4aecf9-c9f5-4a01-84c2-4b32a43229a4,Mahindra XUV300,Rahul Kumar,+91 7817158853,mahindra_xuv300_7634,2024-12-31T12:00:00,Engine Repair,"Misfiring issue fixed, spark plugs replaced.",137266,34045.05,2026-03-02T12:00:00,Shiva
64e62e81-3e50-4d34-b9c9-7ef9907251d1,Tata Nexon,Sneha Shetty,+91 8224440007,tata_nexon_7431,2023-05-07T12:00:00,General Service,"Engine oil and oil filter changed, general inspection done.",14250,2034.33,2023-11-22T12:00:00,Irfan
45bf01a2-e65c-47e0-afd8-19c57462750c,Tata Nexon,Praveen Shetty,+91 9546076895,tata_nexon_1221,2024-02-20T12:00:00,General Service,"Periodic service, fluids checked and topped up.",146109,5148.27,2024-08-07T12:00:00,Manoj
d5e0f973-f11a-4db6-9347-0931769c4f68,Hyundai i20,Rohan Sharma,+91 8694436842,hyundai_i20_1885,2025-10-26T12:00:00,Battery Replacement,Old battery replaced with new 60Ah unit.,127681,6718.19,2026-08-18T12:00:00,Ramesh
92104334-89c7-42aa-ac39-91112246098e,Mahindra XUV300,Praveen Verma,+91 9988752908,mahindra_xuv300_6873,2023-10-12T12:00:00,Brake Service,Front brake pads and discs inspected and replaced.,147994,3280.22,2024-03-12T12:00:00,Deepak
412f2146-56a6-43eb-98c9-791e23f740c7,Mahindra XUV300,Praveen Verma,+91 9877259091,mahindra_xuv300_1674,2023-12-08T12:00:00,General Service,"Periodic service, fluids checked and topped up.",174417,8299.52,2024-06-02T12:00:00,Anil
029f3810-2d87-4bdb-9331-90dd605d6099,Maruti Baleno,Karthik Verma,+91 8691044445,maruti_baleno_2542,2024-12-26T12:00:00,General Service,Standard service with air filter cleaning and washing.,59745,4016.83,2025-07-09T12:00:00,Irfan
5f4e827d-24aa-430d-b82e-a0716a1a4b99,Kia Seltos,Amit Reddy,+91 7522084329,kia_seltos_1212,2025-06-22T12:00:00,General Service,"Periodic service, fluids checked and topped up.",7939,2381.15,2025-12-25T12:00:00,Anil
744e4952-1721-4def-8cdc-7f6e65b91ed5,Hyundai i20,Varsha Gupta,+91 9235979943,hyundai_i20_4111,2023-08-30T12:00:00,General Service,"Engine oil and oil filter changed, general inspection done.",145460,5414.45,2024-03-20T12:00:00,Irfan
f58e5e54-bd33-4a22-8388-cb3f34b29ad1,Hyundai i20,Nisha Mehta,+91 7979926834,hyundai_i20_1681,2024-05-03T12:00:00,Engine Repair,"Misfiring issue fixed, spark plugs replaced.",33070,7719.53,2025-06-21T12:00:00,Shiva
3cb9001e-c1b1-4de3-b5ec-6c753e1ea92c,Mahindra XUV300,Nisha Verma,+91 9551655796,mahindra_xuv300_4190,2023-09-12T12:00:00,Brake Service,"Brake noise complaint resolved, pads adjusted.",82919,2456.59,2024-01-18T12:00:00,Deepak
cde53a79-ecbe-49cc-a6c3-28d62cf614c8,Honda City,Arjun Shetty,+91 9273277518,honda_city_2650,2023-02-19T12:00:00,Clutch Overhaul,"Clutch slip issue fixed, release bearing replaced.",109106,19427.97,2023-10-30T12:00:00,Shiva
01e7c9f0-7462-4bee-a877-7cdade75cbcc,Mahindra XUV300,Varsha Mehta,+91 7940055920,mahindra_xuv300_1730,2023-09-25T12:00:00,AC Repair,AC gas refilled and compressor checked.,18695,3567.08,2024-03-20T12:00:00,Ramesh
4f3276bb-6465-47ba-9f65-2c48313deda2,Tata Nexon,Arjun Rao,+91 7208682915,tata_nexon_4010,2024-06-24T12:00:00,General Service,"Periodic service, fluids checked and topped up.",67535,4220.39,2024-12-21T12:00:00,Anil
9454c8b2-7ecc-49b6-a024-71aa9f57964d,Hyundai i20,Arjun Shetty,+91 7933032822,hyundai_i20_2554,2023-11-18T12:00:00,General Service,"Periodic service, fluids checked and topped up.",124509,6349.66,2024-04-01T12:00:00,Manoj
d02a2eb8-a4b8-4dd4-99c7-20679b1b21e3,Maruti Swift,Praveen Shetty,+91 9555308909,maruti_swift_9366,2024-09-14T12:00:00,Brake Service,Rear brake pads replaced and brake fluid topped up.,47823,3934.56,2025-03-18T12:00:00,Irfan
fadc29e3-a032-4409-b78b-47a56c0f5466,Kia Seltos,Karthik Rao,+91 7789364896,kia_seltos_8075,2023-06-29T12:00:00,Engine Repair,Engine overhaul and major internal components serviced.,177493,29923.03,2024-09-11T12:00:00,Ramesh
f13a42ad-76c5-483f-a648-fbdc1ee8d707,Tata Nexon,Varsha Rao,+91 7379828185,tata_nexon_4919,2023-05-18T12:00:00,Wheel Alignment & Balancing,Steering pull corrected by wheel alignment.,71031,1820.72,2023-10-18T12:00:00,Deepak
09d621d6-de2d-4d7a-91c1-86a03f444a8d,Hyundai i20,Arjun Mehta,+91 8732467516,hyundai_i20_1707,2024-01-12T12:00:00,General Service,"Engine oil and oil filter changed, general inspection done.",32222,3558.36,2024-08-22T12:00:00,Anil
be1ce99f-d222-4e6c-90c3-2868ac858c98,Hyundai Creta,Rohan Patel,+91 7528666772,hyundai_creta_7477,2025-11-18T12:00:00,AC Repair,"Cooling issue fixed, condenser cleaned.",147974,5155.96,2026-04-14T12:00:00,Anil
55cecc49-df38-4eef-a591-c3d087c9a2f3,Tata Nexon,Varsha Patel,+91 7309412454,tata_nexon_1683,2023-04-22T12:00:00,General Service,"Periodic service, fluids checked and topped up.",85613,6161.1,2023-11-19T12:00:00,Shiva
04188f72-03a6-4b97-bdc2-3de0b650b1f9,Maruti Baleno,Rahul Gupta,+91 7287544965,maruti_baleno_9461,2024-08-30T12:00:00,AC Repair,AC gas refilled and compressor checked.,21948,3065.69,2025-02-11T12:00:00,Anil
544b5cf5-9b69-4dde-9ca7-2f43128f9592,Mahindra XUV300,Nisha Rao,+91 7976314048,mahindra_xuv300_1036,2024-03-15T12:00:00,Clutch Overhaul,"Clutch slip issue fixed, release bearing replaced.",43426,10239.27,2024-11-13T12:00:00,Anil
f084fbaa-0925-4b53-98ba-0e21305bfb60,Honda City,Sneha Shetty,+91 8337366575,honda_city_1329,2024-03-27T12:00:00,General Service,Standard service with air filter cleaning and washing.,108037,6045.51,2024-08-13T12:00:00,Manoj
38257928-8f46-4759-b624-463b81067a68,Hyundai Creta,Sneha Naik,+91 8333072298,hyundai_creta_7894,2023-08-27T12:00:00,Engine Repair,Engine overhaul and major internal components serviced.,129345,36663.48,2024-07-10T12:00:00,Kiran
21323cdb-8c58-42e8-91d5-f1356e8362cc,Tata Nexon,Rahul Patel,+91 8205536055,tata_nexon_2699,2023-03-28T12:00:00,Clutch Overhaul,Clutch plate and pressure plate changed.,146188,17644.92,2024-06-19T12:00:00,Irfan
a5d2d44d-b0a2-4e72-852a-992d4d6f08b3,Maruti Swift,Arjun Verma,+91 8432946946,maruti_swift_8023,2023-08-20T12:00:00,AC Repair,AC vents cleaned and cabin filter replaced.,165157,4116.8,2024-03-06T12:00:00,Anil
489fb0da-afd1-4422-9fd5-8bfa5e189292,Mahindra XUV300,Rahul Mehta,+91 7837877938,mahindra_xuv300_4622,2023-02-05T12:00:00,Clutch Overhaul,"Clutch slip issue fixed, release bearing replaced.",139802,31570.49,2023-10-25T12:00:00,Sameer
ec3f4403-99e7-4d68-9f20-2aea4e1bd5be,Mahindra XUV300,Praveen Reddy,+91 7795276893,mahindra_xuv300_8502,2025-12-25T12:00:00,Brake Service,Front brake pads and discs inspected and replaced.,44054,2521.46,2026-04-20T12:00:00,Deepak
90318107-bb6b-43fc-9780-0240ccf14b8c,Hyundai Creta,Amit Kumar,+91 7387791817,hyundai_creta_7858,2025-01-18T12:00:00,Brake Service,"Brake noise complaint resolved, pads adjusted.",141899,5055.77,2025-05-09T12:00:00,Irfan
f11bc842-7218-4ad4-bf5b-3d777d2cc752,Maruti Swift,Rahul Naik,+91 9374144644,maruti_swift_3313,2023-03-30T12:00:00,Clutch Overhaul,Clutch plate and pressure plate changed.,116017,11195.03,2023-12-30T12:00:00,Manoj
5ccf73b7-11af-432f-88c3-427c711703ef,Hyundai Creta,Arjun Kumar,+91 7140183171,hyundai_creta_4117,2023-09-06T12:00:00,AC Repair,"Cooling issue fixed, condenser cleaned.",128360,4826.74,2024-02-18T12:00:00,Shiva
033a80da-ffda-4ffb-a5de-9c44f0c51d99,Maruti Baleno,Varsha Kumar,+91 7405032083,maruti_baleno_1945,2024-08-05T12:00:00,General Service,"Periodic service, fluids checked and topped up.",39977,3289.2,2025-03-04T12:00:00,Ramesh
f114693d-0ec5-459d-8f3c-eaea79c3a819,Honda City,Arjun Patel,+91 8388602680,honda_city_1378,2023-06-06T12:00:00,Battery Replacement,Battery terminals cleaned and new battery installed.,33373,6730.02,2024-10-18T12:00:00,Deepak
98d0251e-6a50-451c-8769-e7ec30bec7b4,Honda City,Praveen Verma,+91 7024453402,honda_city_1053,2024-03-30T12:00:00,General Service,"Engine oil and oil filter changed, general inspection done.",31426,5018.68,2024-11-09T12:00:00,Manoj
ed967dcf-a7b3-4e42-9fbe-b1e6b1a6d1b5,Hyundai Creta,Rahul Shetty,+91 8992263856,hyundai_creta_2642,2025-07-12T12:00:00,General Service,Standard service with air filter cleaning and washing.,56870,5650.65,2026-01-16T12:00:00,Irfan
f98d71f1-355d-4d79-8028-8370568e293d,Maruti Swift,Rahul Sharma,+91 7752745123,maruti_swift_8293,2025-12-14T12:00:00,General Service,"Periodic service, fluids checked and topped up.",179524,4377.57,2026-05-14T12:00:00,Ramesh
62961d40-1381-4f75-989d-5c288d2201bd,Tata Nexon,Sneha Gupta,+91 8578465328,tata_nexon_1861,2024-06-16T12:00:00,General Service,Standard service with air filter cleaning and washing.,35190,4995.53,2025-01-05T12:00:00,Irfan
c2f31a05-07db-432f-84c0-ae85ef2c70bd,Hyundai Creta,Praveen Sharma,+91 9387855310,hyundai_creta_8001,2023-08-23T12:00:00,General Service,"Engine oil and oil filter changed, general inspection done.",117159,4293.77,2024-03-05T12:00:00,Irfan
b7f872de-554e-4178-995e-48d017c28f3b,Mahindra XUV300,Arjun Mehta,+91 9572474369,mahindra_xuv300_6471,2024-06-23T12:00:00,Wheel Alignment & Balancing,4-wheel alignment and balancing done.,47610,1158.61,2024-12-08T12:00:00,Irfan
bb0f4e1c-c370-4397-a92f-e4adb067323d,Hyundai Creta,Sneha Rao,+91 7587494521,hyundai_creta_2618,2023-08-05T12:00:00,General Service,"Engine oil and oil filter changed, general inspection done.",30809,3960.7,2024-01-07T12:00:00,Shiva
5061d739-347c-4861-a354-9a719537931e,Kia Seltos,Sneha Shetty,+91 7076554774,kia_seltos_4742,2024-03-27T12:00:00,Wheel Alignment & Balancing,4-wheel alignment and balancing done.,21279,1184.53,2024-11-10T12:00:00,Deepak
bd4e20f8-ef9e-479f-a7d7-8959545d44fd,Maruti Swift,Praveen Reddy,+91 7064537187,maruti_swift_3237,2024-09-14T12:00:00,General Service,"Engine oil and oil filter changed, general inspection done.",79232,3441.86,2025-03-28T12:00:00,Manoj
d7cfd824-383c-44a2-b994-6fd583b5513d,Tata Nexon,Shreya Rao,+91 9286002316,tata_nexon_9001,2024-06-13T12:00:00,Engine Repair,"Misfiring issue fixed, spark plugs replaced.",83749,22308.45,2025-02-10T12:00:00,Manoj
e3a5e389-08a2-45dd-aff8-4841789aae75,Hyundai i20,Varsha Patel,+91 9892501188,hyundai_i20_9984,2023-02-12T12:00:00,Wheel Alignment & Balancing,4-wheel alignment and balancing done.,159155,1589.06,2023-07-18T12:00:00,Anil
48bb8c18-e1c4-414e-96de-b9a69e66e334,Hyundai i20,Rahul Naik,+91 8241224298,hyundai_i20_7567,2024-09-08T12:00:00,General Service,"Engine oil and oil filter changed, general inspection done.",25641,3212.21,2025-04-21T12:00:00,Ramesh
38737dec-3341-48af-aa40-09bf7f88eba1,Tata Nexon,Sneha Sharma,+91 8536491241,tata_nexon_9706,2024-07-16T12:00:00,General Service,Standard service with air filter cleaning and washing.,107706,4825.11,2025-01-01T12:00:00,Shiva
5bcae710-4a35-41b0-a8d8-32e35df725cd,Mahindra XUV300,Nisha Mehta,+91 7548124933,mahindra_xuv300_1790,2024-08-09T12:00:00,Battery Replacement,No-start issue fixed with new battery.,47805,5258.68,2025-08-02T12:00:00,Deepak
ad4c089a-74a0-4fe8-9e9e-0b5e587045d6,Kia Seltos,Varsha Mehta,+91 8204389281,kia_seltos_9550,2025-02-02T12:00:00,Brake Service,Front brake pads and discs inspected and replaced.,110534,4457.96,2025-07-19T12:00:00,Ramesh
987f90db-a08b-4675-9b45-3a3521b9d379,Honda City,Shreya Kumar,+91 7252482326,honda_city_3417,2024-06-16T12:00:00,Engine Repair,Engine overhaul and major internal components serviced.,19336,15331.43,2025-08-07T12:00:00,Anil
00a7a4cd-6531-49a5-b674-422dfd819379,Tata Nexon,Rohan Kumar,+91 8944636579,tata_nexon_9947,2025-09-01T12:00:00,Engine Repair,Engine overhaul and major internal components serviced.,158729,28547.41,2026-12-01T12:00:00,Irfan
7a953897-7226-4db9-a1fa-429ade2d404b,Maruti Swift,Amit Naik,+91 7095782562,maruti_swift_4999,2024-07-30T12:00:00,General Service,"Engine oil and oil filter changed, general inspection done.",36138,2097.09,2025-03-01T12:00:00,Ramesh
2da91d42-7b50-475c-bf20-7b1ec166e952,Honda City,Sneha Sharma,+91 9567788717,honda_city_5503,2023-03-01T12:00:00,AC Repair,AC gas refilled and compressor checked.,160777,5743.63,2023-09-18T12:00:00,Irfan
4e7bbf50-f521-4190-8de4-bcf3c658ffa0,Honda City,Amit Gupta,+91 9658422590,honda_city_5670,2024-10-26T12:00:00,General Service,"Periodic service, fluids checked and topped up.",71904,6800.85,2025-05-16T12:00:00,Irfan
a6319b1c-ed22-478e-b562-4a6a7b33adf3,Maruti Swift,Rahul Naik,+91 9774392841,maruti_swift_4217,2024-08-17T12:00:00,AC Repair,AC gas refilled and compressor checked.,111191,5236.64,2025-03-09T12:00:00,Sameer
6bde6c30-bc35-42ad-bdd1-8491993feb17,Mahindra XUV300,Sneha Kumar,+91 8404579759,mahindra_xuv300_5158,2026-01-08T12:00:00,Brake Service,"Brake noise complaint resolved, pads adjusted.",127288,2563.1,2026-06-29T12:00:00,Shiva
05ca433b-75f1-4c31-b974-6660118e19b4,Kia Seltos,Nisha Reddy,+91 7830832469,kia_seltos_6214,2024-09-06T12:00:00,Wheel Alignment & Balancing,Tyre rotation and balancing performed.,55268,1449.98,2025-02-17T12:00:00,Sameer
4f46e950-1d90-4b67-ae84-fe4cb119d486,Maruti Baleno,Rahul Kumar,+91 9626083964,maruti_baleno_6472,2023-08-18T12:00:00,General Service,"Periodic service, fluids checked and topped up.",142621,4448.35,2024-02-02T12:00:00,Manoj
8c5c874a-e925-403d-913e-317971e5867e,Hyundai i20,Praveen Mehta,+91 8835961899,hyundai_i20_2482,2023-08-13T12:00:00,General Service,"Engine oil and oil filter changed, general inspection done.",59180,5066.7,2024-01-14T12:00:00,Deepak
e5a94447-ca85-4207-9bca-87a3b8f0c1f0,Mahindra XUV300,Varsha Gupta,+91 7559909341,mahindra_xuv300_9839,2023-08-02T12:00:00,General Service,"Periodic service, fluids checked and topped up.",47012,5117.25,2024-02-08T12:00:00,Ramesh
28d0a826-21dc-4726-8b1a-6448b0186769,Tata Nexon,Praveen Verma,+91 9803627610,tata_nexon_6191,2024-08-08T12:00:00,Brake Service,Rear brake pads replaced and brake fluid topped up.,90947,4698.72,2024-12-01T12:00:00,Ramesh
bdd01015-c6b4-44f1-ae6c-d4f2b7f1d78a,Maruti Baleno,Nisha Sharma,+91 9926544056,maruti_baleno_2098,2025-10-03T12:00:00,General Service,"Periodic service, fluids checked and topped up.",12670,3575.85,2026-02-20T12:00:00,Deepak
d4a6b243-cb10-4d26-a904-87970b82b388,Maruti Baleno,Rahul Shetty,+91 8728081795,maruti_baleno_3598,2023-02-06T12:00:00,General Service,Standard service with air filter cleaning and washing.,66494,3751.94,2023-08-31T12:00:00,Kiran
1f6e18eb-6928-4ae1-a22c-cd114bd99cf3,Hyundai i20,Arjun Sharma,+91 8656879625,hyundai_i20_4441,2024-03-30T12:00:00,Clutch Overhaul,Clutch plate and pressure plate changed.,43709,13805.15,2025-03-26T12:00:00,Shiva
d60c03a7-71ee-4134-90c8-e1555d6af581,Maruti Swift,Varsha Reddy,+91 7751939378,maruti_swift_4079,2024-12-18T12:00:00,Clutch Overhaul,"Clutch slip issue fixed, release bearing replaced.",99733,10417.9,2025-10-28T12:00:00,Irfan
334818de-856b-4e8c-bfb7-d7da898b88d3,Honda City,Shreya Gupta,+91 8157934293,honda_city_6238,2025-09-06T12:00:00,General Service,"Engine oil and oil filter changed, general inspection done.",77762,5643.68,2026-03-21T12:00:00,Shiva
8b09df14-23e5-4aab-8917-b7de76fc51d3,Hyundai Creta,Rohan Rao,+91 9911757141,hyundai_creta_7986,2023-10-04T12:00:00,General Service,Standard service with air filter cleaning and washing.,81585,5282.4,2024-02-25T12:00:00,Shiva
02a0127f-6302-40e8-a05d-84e164f81a94,Maruti Swift,Nisha Sharma,+91 7177106904,maruti_swift_5865,2025-03-25T12:00:00,General Service,"Engine oil and oil filter changed, general inspection done.",105037,6096.25,2025-09-02T12:00:00,Irfan
6be85212-7eac-4325-87d6-c44275f84e79,Maruti Swift,Shreya Verma,+91 7626846675,maruti_swift_9655,2026-01-07T12:00:00,AC Repair,"Cooling issue fixed, condenser cleaned.",21569,2604.33,2026-08-14T12:00:00,Shiva
dfb28f79-9a40-4f97-8bf0-89c2dfe2a6d6,Mahindra XUV300,Karthik Naik,+91 7913954122,mahindra_xuv300_7961,2024-03-10T12:00:00,Brake Service,Rear brake pads replaced and brake fluid topped up.,76365,3126.67,2024-08-03T12:00:00,Kiran
8b9eba86-fbcb-49fc-8e7a-86e6931f1544,Hyundai i20,Nisha Reddy,+91 8017971864,hyundai_i20_4266,2024-10-01T12:00:00,AC Repair,"Cooling issue fixed, condenser cleaned.",108741,3803.47,2025-04-12T12:00:00,Sameer
98c21c17-d4a7-4a77-879b-944355da911d,Tata Nexon,Rahul Gupta,+91 8933972167,tata_nexon_1446,2023-09-06T12:00:00,Wheel Alignment & Balancing,4-wheel alignment and balancing done.,167811,2356.08,2024-02-18T12:00:00,Deepak
fc3fffab-591b-45db-8e77-441587dbb771,Maruti Baleno,Karthik Reddy,+91 8669441156,maruti_baleno_7159,2025-07-15T12:00:00,Brake Service,Rear brake pads replaced and brake fluid topped up.,72811,2140.31,2026-02-01T12:00:00,Deepak
f7d0d0ab-8ae5-45c5-b833-f8da167dda51,Hyundai i20,Praveen Patel,+91 7424855184,hyundai_i20_7212,2024-03-01T12:00:00,General Service,Standard service with air filter cleaning and washing.,57869,5293.44,2024-08-20T12:00:00,Manoj
109ed6ed-19b2-4bd6-b4ce-cdd82a2c0f78,Hyundai Creta,Amit Shetty,+91 9268992240,hyundai_creta_9267,2024-02-25T12:00:00,Brake Service,Rear brake pads replaced and brake fluid topped up.,73210,4557.79,2024-07-09T12:00:00,Manoj
ef0bfebe-89ff-440e-a03f-2fbafe2024fc,Maruti Swift,Rohan Patel,+91 8284103822,maruti_swift_1423,2025-04-24T12:00:00,General Service,Standard service with air filter cleaning and washing.,166072,6142.2,2025-11-07T12:00:00,Ramesh
56772643-1649-488a-8511-76d9cb6c1084,Hyundai Creta,Shreya Sharma,+91 9955255700,hyundai_creta_7592,2023-11-30T12:00:00,Wheel Alignment & Balancing,Steering pull corrected by wheel alignment.,144181,2074.61,2024-04-29T12:00:00,Kiran
db24b61d-5088-458a-9f29-2c265f6351a7,Honda City,Arjun Mehta,+91 8278225386,honda_city_2042,2024-10-02T12:00:00,General Service,"Periodic service, fluids checked and topped up.",108574,4211.98,2025-03-20T12:00:00,Sameer
a73bd58b-5c66-405b-95d8-85de9ffe442e,Maruti Baleno,Sneha Verma,+91 8286297191,maruti_baleno_3852,2023-01-22T12:00:00,AC Repair,"Cooling issue fixed, condenser cleaned.",137376,4974.34,2023-08-26T12:00:00,Deepak
9e18c731-8cd9-43ec-9c50-d6b06674c1ac,Hyundai i20,Rohan Gupta,+91 8726643557,hyundai_i20_3533,2024-02-19T12:00:00,Clutch Overhaul,"Clutch slip issue fixed, release bearing replaced.",174570,26063.94,2024-11-15T12:00:00,Shiva
4861695a-483b-4185-9c9b-5f61ee3f4786,Maruti Baleno,Nisha Mehta,+91 8343079704,maruti_baleno_8691,2025-04-27T12:00:00,General Service,Standard service with air filter cleaning and washing.,155541,5030.63,2025-09-27T12:00:00,Irfan
c1cbe031-4179-4829-942b-2c2b5591cc72,Maruti Baleno,Nisha Verma,+91 9945925480,maruti_baleno_1436,2023-02-26T12:00:00,AC Repair,AC vents cleaned and cabin filter replaced.,76751,4012.78,2023-10-09T12:00:00,Irfan
04583dbd-44ef-41f3-8ccb-bfc654973a3c,Mahindra XUV300,Arjun Sharma,+91 7294862379,mahindra_xuv300_5544,2023-09-02T12:00:00,General Service,"Engine oil and oil filter changed, general inspection done.",17242,2403.15,2024-01-20T12:00:00,Kiran
ed49da5c-c2d2-48c2-be7c-702bf736f56d,Honda City,Shreya Reddy,+91 7605762085,honda_city_9827,2024-07-18T12:00:00,General Service,Standard service with air filter cleaning and washing.,124459,4356.35,2025-02-22T12:00:00,Manoj
c27c382a-de23-4248-8f2d-83fcd2daf524,Honda City,Rahul Rao,+91 7505527036,honda_city_3475,2023-03-17T12:00:00,Brake Service,Rear brake pads replaced and brake fluid topped up.,21337,2161.4,2023-06-30T12:00:00,Anil
3d99fee0-bc17-4ce3-90e9-a6b13fe012f4,Mahindra XUV300,Shreya Reddy,+91 7505271419,mahindra_xuv300_6765,2025-12-25T12:00:00,General Service,Standard service with air filter cleaning and washing.,93266,7117.65,2026-07-13T12:00:00,Kiran
6c21eb1a-3627-4a8f-bdba-b297316227b7,Honda City,Arjun Reddy,+91 7300876206,honda_city_2654,2026-01-09T12:00:00,Clutch Overhaul,"Clutch slip issue fixed, release bearing replaced.",163703,20914.6,2027-05-29T12:00:00,Irfan
45d569c1-2f6f-4f95-961e-57829b60360e,Kia Seltos,Nisha Gupta,+91 9539610388,kia_seltos_3550,2025-04-23T12:00:00,Clutch Overhaul,Clutch plate and pressure plate changed.,144827,24417.87,2026-04-20T12:00:00,Kiran
03b81c83-bb28-4f0d-91e2-d17aa25492e6,Tata Nexon,Amit Patel,+91 8376340916,tata_nexon_9244,2024-07-29T12:00:00,Battery Replacement,Old battery replaced with new 60Ah unit.,177083,5899.86,2025-10-10T12:00:00,Deepak
bc6a4a99-ce1d-446e-8c09-aefc9a7ed2d3,Mahindra XUV300,Sneha Patel,+91 9084449678,mahindra_xuv300_5266,2024-09-10T12:00:00,Wheel Alignment & Balancing,Steering pull corrected by wheel alignment.,122618,2916.56,2025-05-23T12:00:00,Irfan
f07ce1e6-045d-466a-9396-5e8167d520f5,Honda City,Rahul Gupta,+91 7871432581,honda_city_3629,2023-10-25T12:00:00,General Service,Standard service with air filter cleaning and washing.,37533,3743.71,2024-04-28T12:00:00,Anil
84259f50-87c4-4ed0-bbd5-bf821a174c73,Tata Nexon,Shreya Reddy,+91 8234361447,tata_nexon_5034,2023-02-19T12:00:00,Clutch Overhaul,Clutch plate and pressure plate changed.,52465,14383.44,2024-08-19T12:00:00,Ramesh
62064156-9b9e-412a-923c-c3310de967e7,Honda City,Rohan Shetty,+91 7795185923,honda_city_9700,2024-07-15T12:00:00,Engine Repair,Timing belt replaced and engine tuned.,7171,12493.3,2025-08-20T12:00:00,Ramesh
cbeb85ce-eaf3-4e57-aa4c-f4fa0966091a,Tata Nexon,Varsha Reddy,+91 7711121016,tata_nexon_2892,2024-07-28T12:00:00,Battery Replacement,Old battery replaced with new 60Ah unit.,119466,8718.15,2025-03-15T12:00:00,Manoj
30a79a5c-f8b7-4bc0-9cef-e915757967bf,Maruti Baleno,Shreya Kumar,+91 9782619401,maruti_baleno_9855,2024-03-10T12:00:00,Engine Repair,Timing belt replaced and engine tuned.,10875,13639.41,2024-11-23T12:00:00,Ramesh
9cfc4ae3-50ec-4321-98c7-2db218b479a2,Maruti Swift,Shreya Reddy,+91 7737224518,maruti_swift_6095,2025-11-05T12:00:00,Wheel Alignment & Balancing,Steering pull corrected by wheel alignment.,19462,1083.93,2026-05-24T12:00:00,Kiran
9e7abfe5-f49d-4bdb-bc1e-41f4777b09f7,Tata Nexon,Rohan Naik,+91 7298075549,tata_nexon_4329,2024-11-01T12:00:00,Battery Replacement,Old battery replaced with new 60Ah unit.,43049,5396.41,2026-04-15T12:00:00,Sameer
336e26de-6f8b-443d-8464-aec214a19d09,Honda City,Praveen Gupta,+91 7828869132,honda_city_9739,2023-05-21T12:00:00,General Service,Standard service with air filter cleaning and washing.,152140,6037.31,2023-12-18T12:00:00,Irfan
32b1b638-3174-4a04-bfbe-08a2479d0047,Maruti Swift,Rahul Gupta,+91 9725565583,maruti_swift_4544,2024-01-07T12:00:00,General Service,"Engine oil and oil filter changed, general inspection done.",38731,2822.1,2024-07-19T12:00:00,Kiran
70bc85a9-ebd4-4d01-889c-5c11eba1de16,Maruti Baleno,Amit Rao,+91 8098440510,maruti_baleno_3870,2023-12-10T12:00:00,Brake Service,Front brake pads and discs inspected and replaced.,120987,5344.24,2024-05-01T12:00:00,Anil
ee51be72-95d7-464e-a46e-ff4bef91629e,Hyundai i20,Arjun Reddy,+91 7267920147,hyundai_i20_9566,2024-08-05T12:00:00,Engine Repair,"Misfiring issue fixed, spark plugs replaced.",41851,13309.24,2025-05-26T12:00:00,Sameer
c204198f-c1f1-43b2-9eac-87040ebe57e3,Maruti Swift,Rohan Kumar,+91 8561109323,maruti_swift_4488,2025-07-05T12:00:00,General Service,Standard service with air filter cleaning and washing.,11482,3222.07,2026-01-28T12:00:00,Shiva
1b04a5f6-5be0-4ec2-9275-f62ec08670b9,Maruti Swift,Karthik Shetty,+91 8272649754,maruti_swift_7568,2025-10-17T12:00:00,General Service,Standard service with air filter cleaning and washing.,108042,3311.31,2026-05-12T12:00:00,Ramesh
178b6b69-484f-438e-89fc-736545eb593e,Maruti Baleno,Sneha Reddy,+91 8774070347,maruti_baleno_6219,2023-10-31T12:00:00,General Service,"Engine oil and oil filter changed, general inspection done.",178039,3097.95,2024-03-28T12:00:00,Ramesh
b8f94961-2550-4d63-96b2-74a25bbb6c27,Hyundai i20,Sneha Naik,+91 7637015491,hyundai_i20_4802,2023-12-18T12:00:00,Brake Service,Front brake pads and discs inspected and replaced.,73127,3463.94,2024-04-12T12:00:00,Manoj
2258f08c-99ef-4504-b959-f186df48b0d9,Tata Nexon,Rohan Patel,+91 9968177781,tata_nexon_3346,2025-04-10T12:00:00,Clutch Overhaul,"Clutch slip issue fixed, release bearing replaced.",69110,12009.74,2025-12-12T12:00:00,Ramesh
3311fce3-3144-48a8-91be-7c46f5e86ad6,Tata Nexon,Sneha Rao,+91 9326419210,tata_nexon_8946,2023-12-23T12:00:00,General Service,Standard service with air filter cleaning and washing.,47299,3885.66,2024-05-24T12:00:00,Anil
0fd3a367-86a6-4a82-8491-66052008e99f,Maruti Swift,Nisha Shetty,+91 8003430714,maruti_swift_9783,2023-11-23T12:00:00,General Service,Standard service with air filter cleaning and washing.,166280,5344.71,2024-04-21T12:00:00,Deepak
088fa865-a562-4878-8bf8-5b28422c3c7c,Honda City,Varsha Gupta,+91 7237188942,honda_city_6367,2025-01-01T12:00:00,General Service,"Engine oil and oil filter changed, general inspection done.",98153,5212.86,2025-08-07T12:00:00,Shiva
53a6282a-1447-42e4-952f-dba6b7d22837,Maruti Swift,Sneha Reddy,+91 8156240342,maruti_swift_3345,2024-11-27T12:00:00,General Service,Standard service with air filter cleaning and washing.,59417,3476.84,2025-05-13T12:00:00,Deepak
2b5e069a-f38b-4f3a-b813-8b6b3d505fcc,Maruti Baleno,Rohan Shetty,+91 8817401395,maruti_baleno_4755,2024-03-05T12:00:00,Brake Service,"Brake noise complaint resolved, pads adjusted.",66261,1961.37,2024-10-20T12:00:00,Kiran
e39988e8-5a8b-47ae-88e6-7529efb3416c,Mahindra XUV300,Arjun Reddy,+91 8826769575,mahindra_xuv300_6369,2025-11-18T12:00:00,AC Repair,AC gas refilled and compressor checked.,42466,4096.69,2026-03-10T12:00:00,Deepak
8cb34a3f-b939-4913-974c-03f59e0e8f71,Hyundai i20,Arjun Reddy,+91 9595909276,hyundai_i20_5758,2024-11-15T12:00:00,General Service,"Periodic service, fluids checked and topped up.",157697,3963.62,2025-06-07T12:00:00,Sameer
1420977f-dbd3-4291-ab20-73ae8961b678,Maruti Swift,Karthik Kumar,+91 7481642262,maruti_swift_9100,2023-04-22T12:00:00,General Service,Standard service with air filter cleaning and washing.,160590,3329.51,2023-11-22T12:00:00,Kiran
aac09389-9eb4-4836-bc59-3dc0e5ec99cc,Honda City,Rahul Patel,+91 9761072312,honda_city_7517,2025-04-07T12:00:00,General Service,"Engine oil and oil filter changed, general inspection done.",151317,6362.38,2025-10-29T12:00:00,Kiran
796e23d0-3d40-4dc5-8ca0-fab5d2b9a85b,Hyundai Creta,Sneha Shetty,+91 9366093935,hyundai_creta_6079,2024-06-23T12:00:00,Clutch Overhaul,"Clutch slip issue fixed, release bearing replaced.",166512,27197.32,2025-03-19T12:00:00,Irfan
63542004-bbe4-496e-be3d-91b3e0745cd7,Honda City,Arjun Mehta,+91 8911884467,honda_city_9479,2023-10-13T12:00:00,General Service,"Engine oil and oil filter changed, general inspection done.",26056,3917.97,2024-05-25T12:00:00,Deepak
8591ed67-5341-4bee-b941-c738a1020488,Mahindra XUV300,Karthik Rao,+91 7716363221,mahindra_xuv300_9498,2026-01-12T12:00:00,General Service,"Periodic service, fluids checked and topped up.",95004,5136.76,2026-06-06T12:00:00,Anil
a6e82d9d-c158-4a38-9c48-b34db492c85c,Kia Seltos,Amit Gupta,+91 9671593104,kia_seltos_7068,2023-06-02T12:00:00,Wheel Alignment & Balancing,Steering pull corrected by wheel alignment.,147497,1158.04,2024-01-25T12:00:00,Manoj
7b2fdc87-d269-4936-8e99-acbd2bdb53cd,Maruti Baleno,Nisha Gupta,+91 7450442474,maruti_baleno_5277,2023-02-21T12:00:00,Brake Service,"Brake noise complaint resolved, pads adjusted.",175268,4756.0,2023-07-10T12:00:00,Manoj
c49a9925-d6fb-4c97-839c-7b4a1abb1005,Honda City,Arjun Rao,+91 7958591039,honda_city_8111,2023-05-01T12:00:00,General Service,"Engine oil and oil filter changed, general inspection done.",19552,2549.71,2023-10-01T12:00:00,Ramesh
233dd060-239c-4864-a04f-49d96ec963f2,Honda City,Shreya Naik,+91 7833116264,honda_city_3970,2025-03-10T12:00:00,General Service,"Engine oil and oil filter changed, general inspection done.",108708,4528.1,2025-08-18T12:00:00,Kiran
c06d8e0b-8601-4339-93df-5667b02b8204,Maruti Swift,Nisha Verma,+91 7133846914,maruti_swift_9023,2025-02-25T12:00:00,General Service,Standard service with air filter cleaning and washing.,123288,3511.83,2025-07-25T12:00:00,Shiva
dfdd2acb-aade-4258-bd72-f8742e1cf0a4,Kia Seltos,Praveen Reddy,+91 8555739497,kia_seltos_4924,2025-11-08T12:00:00,Clutch Overhaul,Clutch plate and pressure plate changed.,51589,15558.58,2026-09-16T12:00:00,Sameer
798d05c5-c874-4aa5-a8cf-6d5a8967c455,Hyundai Creta,Amit Kumar,+91 9012008086,hyundai_creta_2423,2023-09-01T12:00:00,Clutch Overhaul,"Clutch slip issue fixed, release bearing replaced.",66866,17716.25,2024-10-23T12:00:00,Shiva
9ef8d485-39b4-4b3f-87cb-b4e9bbc48b98,Maruti Baleno,Rohan Kumar,+91 8525268851,maruti_baleno_6991,2023-06-28T12:00:00,AC Repair,AC gas refilled and compressor checked.,28744,4402.7,2024-02-26T12:00:00,Deepak
746d12cd-7e02-484c-8943-298f465e89dd,Mahindra XUV300,Praveen Shetty,+91 7202513364,mahindra_xuv300_2173,2024-06-12T12:00:00,General Service,Standard service with air filter cleaning and washing.,87509,6422.03,2024-10-29T12:00:00,Shiva
ad3b90b4-9d0f-4a2e-969d-2a3e457db318,Maruti Baleno,Arjun Patel,+91 8679672856,maruti_baleno_4759,2024-01-31T12:00:00,General Service,"Periodic service, fluids checked and topped up.",69009,3214.19,2024-07-10T12:00:00,Sameer
96dd6a3f-4d84-4e41-9ce9-cb9eb3710648,Hyundai i20,Praveen Naik,+91 9925572569,hyundai_i20_6723,2025-05-22T12:00:00,Brake Service,Rear brake pads replaced and brake fluid topped up.,140851,5913.01,2025-12-26T12:00:00,Irfan
db8c6bd9-e7fe-4a9f-a969-4473d9327f60,Hyundai Creta,Sneha Shetty,+91 7853304577,hyundai_creta_7122,2025-02-17T12:00:00,Wheel Alignment & Balancing,4-wheel alignment and balancing done.,131648,2428.37,2025-06-15T12:00:00,Ramesh
b2484bb7-a2eb-4531-9a85-58da1f0625a7,Kia Seltos,Rahul Rao,+91 9572280204,kia_seltos_2797,2024-11-15T12:00:00,Brake Service,Front brake pads and discs inspected and replaced.,86975,4249.15,2025-04-24T12:00:00,Manoj
fa41ddb5-80cb-4483-87fb-ee255ec585fa,Tata Nexon,Karthik Verma,+91 8157733254,tata_nexon_6295,2025-01-14T12:00:00,Brake Service,"Brake noise complaint resolved, pads adjusted.",141382,4467.49,2025-06-02T12:00:00,Ramesh
f93bfc41-e6b2-468c-ba02-d8a5a3adce81,Mahindra XUV300,Nisha Reddy,+91 9646034690,mahindra_xuv300_5599,2024-10-08T12:00:00,Engine Repair,"Misfiring issue fixed, spark plugs replaced.",120549,18225.19,2025-11-25T12:00:00,Shiva
1d4895cb-3275-4073-b4d8-c325147babe9,Maruti Baleno,Praveen Reddy,+91 8279970697,maruti_baleno_8706,2025-10-01T12:00:00,Clutch Overhaul,"Clutch slip issue fixed, release bearing replaced.",178582,14944.62,2026-06-12T12:00:00,Irfan
1ef787b1-2eab-4dd7-9705-8608662930b9,Hyundai i20,Karthik Mehta,+91 8366747202,hyundai_i20_8862,2024-03-27T12:00:00,General Service,Standard service with air filter cleaning and washing.,72005,4398.69,2024-10-11T12:00:00,Shiva
792c5d2c-5696-4a6b-83af-bb597796501c,Maruti Swift,Shreya Patel,+91 8897073388,maruti_swift_4402,2025-07-02T12:00:00,AC Repair,AC vents cleaned and cabin filter replaced.,28503,2174.27,2025-12-24T12:00:00,Kiran
230f4177-eec7-4eab-b808-2b6b3e356885,Mahindra XUV300,Shreya Sharma,+91 7754022704,mahindra_xuv300_7467,2024-09-20T12:00:00,General Service,"Engine oil and oil filter changed, general inspection done.",32917,3564.48,2025-04-11T12:00:00,Ramesh
c7dc2446-9ac5-4b20-a115-acb335395f41,Mahindra XUV300,Amit Kumar,+91 9892338873,mahindra_xuv300_4638,2025-09-17T12:00:00,Brake Service,Rear brake pads replaced and brake fluid topped up.,87799,5187.33,2026-02-07T12:00:00,Shiva
30fcf6f5-430f-4d22-b94d-ca09956fc6e5,Maruti Swift,Praveen Kumar,+91 8107466502,maruti_swift_2865,2023-10-27T12:00:00,Brake Service,"Brake noise complaint resolved, pads adjusted.",174282,4416.52,2024-03-16T12:00:00,Irfan
bab411b5-26c4-468f-b90b-7173e6843eee,Tata Nexon,Rahul Naik,+91 8639318952,tata_nexon_8593,2023-06-04T12:00:00,General Service,"Engine oil and oil filter changed, general inspection done.",34271,2982.1,2024-01-13T12:00:00,Manoj
162327a0-eebc-436a-aba1-c22dde06c345,Maruti Baleno,Rahul Gupta,+91 7580751815,maruti_baleno_4317,2024-05-15T12:00:00,Brake Service,Front brake pads and discs inspected and replaced.,142902,3699.35,2025-01-02T12:00:00,Ramesh
0d4c7665-7bb3-452d-bf60-a461d77fe824,Maruti Baleno,Amit Shetty,+91 8345159368,maruti_baleno_3252,2025-07-09T12:00:00,AC Repair,"Cooling issue fixed, condenser cleaned.",40979,2882.08,2026-03-03T12:00:00,Shiva
56d7eaa1-cb58-4715-903d-67fc95c551d7,Mahindra XUV300,Arjun Patel,+91 7517165344,mahindra_xuv300_4205,2023-06-05T12:00:00,Clutch Overhaul,Full clutch kit replaced.,164435,24543.7,2024-01-20T12:00:00,Manoj
2b38483b-348e-4e6d-97e6-df36c8c47c17,Maruti Swift,Nisha Kumar,+91 9860728806,maruti_swift_3075,2023-08-10T12:00:00,Brake Service,Front brake pads and discs inspected and replaced.,35400,2849.27,2024-01-23T12:00:00,Deepak
ed9ec572-6b06-48c9-94e3-86eebea5093a,Hyundai Creta,Rohan Gupta,+91 9524625113,hyundai_creta_8732,2023-09-23T12:00:00,AC Repair,AC gas refilled and compressor checked.,58864,3939.59,2024-02-05T12:00:00,Anil
3bdc8b1d-59d3-45f0-b3f1-6fa1c9639dd6,Honda City,Sneha Mehta,+91 9001077271,honda_city_2306,2023-06-08T12:00:00,Clutch Overhaul,Clutch plate and pressure plate changed.,76529,16174.71,2024-10-31T12:00:00,Manoj
72edad66-c6a2-47e8-8c87-b9aabe741c80,Maruti Swift,Rohan Verma,+91 7764732408,maruti_swift_4033,2026-01-10T12:00:00,General Service,"Periodic service, fluids checked and topped up.",5217,2702.46,2026-06-23T12:00:00,Sameer
dfd78387-84a2-41bc-8b2e-b3116b262d1e,Tata Nexon,Amit Rao,+91 9779892365,tata_nexon_4028,2024-07-27T12:00:00,AC Repair,AC gas refilled and compressor checked.,74737,3773.77,2025-04-03T12:00:00,Kiran
1e193716-a974-4abb-9552-b0ca92f1fa86,Hyundai i20,Sneha Reddy,+91 7930567262,hyundai_i20_4913,2024-04-18T12:00:00,Brake Service,Front brake pads and discs inspected and replaced.,86316,2207.68,2024-08-05T12:00:00,Manoj
966c890a-cb7a-40e7-bbc9-e27b6f8dd0ad,Maruti Baleno,Amit Reddy,+91 8247583999,maruti_baleno_7616,2023-11-02T12:00:00,General Service,"Periodic service, fluids checked and topped up.",170628,6186.34,2024-04-28T12:00:00,Deepak
312e848e-2d8d-4df8-b94e-119084e01be2,Maruti Swift,Rohan Shetty,+91 7101899988,maruti_swift_5178,2024-11-21T12:00:00,General Service,"Periodic service, fluids checked and topped up.",36547,4110.78,2025-06-05T12:00:00,Shiva
832b73e6-9e0f-4b1d-b842-e22ffb2a53aa,Hyundai Creta,Karthik Reddy,+91 9914770525,hyundai_creta_5923,2024-07-13T12:00:00,General Service,"Engine oil and oil filter changed, general inspection done.",179516,7904.35,2024-12-07T12:00:00,Kiran
d6fce6e1-321f-421f-b8c1-a191bb352ef0,Mahindra XUV300,Praveen Reddy,+91 9416619873,mahindra_xuv300_1616,2023-04-29T12:00:00,General Service,"Engine oil and oil filter changed, general inspection done.",16493,4514.28,2023-12-06T12:00:00,Irfan
955d86d0-2731-40b1-8228-80435c62eaae,Hyundai i20,Amit Reddy,+91 8095935712,hyundai_i20_1942,2023-12-24T12:00:00,Clutch Overhaul,Full clutch kit replaced.,126034,24675.86,2024-11-25T12:00:00,Manoj
926b076d-c8fa-42ff-851b-728ebcf39429,Maruti Baleno,Praveen Naik,+91 7852859872,maruti_baleno_8284,2023-04-05T12:00:00,General Service,Standard service with air filter cleaning and washing.,100460,2966.27,2023-09-25T12:00:00,Deepak
31d8af52-6ff5-4fc4-adca-9c1fe3959ea4,Honda City,Karthik Shetty,+91 9317701141,honda_city_8602,2025-09-02T12:00:00,General Service,"Periodic service, fluids checked and topped up.",88477,7556.01,2026-04-10T12:00:00,Shiva
3f854ef8-d51c-4969-a2a1-bc1e399117b1,Kia Seltos,Rohan Kumar,+91 8781390409,kia_seltos_8128,2023-06-06T12:00:00,General Service,Standard service with air filter cleaning and washing.,6503,3987.92,2023-12-24T12:00:00,Sameer
2d6880f4-25e9-4437-965f-25027e1585c5,Maruti Swift,Rahul Naik,+91 9196935357,maruti_swift_5393,2023-03-04T12:00:00,General Service,"Periodic service, fluids checked and topped up.",75530,3099.74,2023-07-23T12:00:00,Irfan
8ccfeace-693b-4ec7-bd5f-89f08afe09ec,Hyundai Creta,Amit Rao,+91 8899785256,hyundai_creta_3515,2023-12-30T12:00:00,General Service,"Engine oil and oil filter changed, general inspection done.",70971,5656.76,2024-06-29T12:00:00,Kiran
18c6ffe3-026c-42e2-8d5b-6612db599dd2,Mahindra XUV300,Rahul Reddy,+91 7133065688,mahindra_xuv300_4886,2024-03-09T12:00:00,Battery Replacement,Old battery replaced with new 60Ah unit.,173302,10356.94,2025-03-31T12:00:00,Kiran
2ccc8fd6-5844-44a4-8575-e8d8e21092d8,Kia Seltos,Nisha Sharma,+91 9398307555,kia_seltos_1554,2023-04-20T12:00:00,AC Repair,AC vents cleaned and cabin filter replaced.,168267,7199.1,2023-11-09T12:00:00,Sameer
d88cb431-e821-42ac-8119-707fc8ce095f,Hyundai i20,Rohan Naik,+91 8955230959,hyundai_i20_6537,2024-09-18T12:00:00,General Service,"Engine oil and oil filter changed, general inspection done.",53751,2076.82,2025-04-24T12:00:00,Deepak
bf0a8d5f-e046-4c61-8403-d36fe3de65fd,Hyundai i20,Praveen Shetty,+91 9089296780,hyundai_i20_7193,2023-11-14T12:00:00,General Service,Standard service with air filter cleaning and washing.,80202,4654.14,2024-04-01T12:00:00,Manoj
707c3b1c-33a4-42f2-b423-05bf0899af85,Maruti Baleno,Rahul Naik,+91 7555627503,maruti_baleno_9289,2025-01-03T12:00:00,Engine Repair,"Misfiring issue fixed, spark plugs replaced.",107129,28402.68,2026-03-12T12:00:00,Shiva
df8773c9-6d1b-4c7d-ac7e-9e6132a496f8,Hyundai i20,Amit Shetty,+91 9000037679,hyundai_i20_2406,2023-01-28T12:00:00,Wheel Alignment & Balancing,Steering pull corrected by wheel alignment.,130998,2352.98,2023-07-13T12:00:00,Kiran
4fc8bd39-6f97-407e-af42-07c78e308e7a,Maruti Swift,Sneha Mehta,+91 7344212522,maruti_swift_8084,2023-07-04T12:00:00,Clutch Overhaul,Clutch plate and pressure plate changed.,179514,17436.21,2025-01-09T12:00:00,Kiran
9fedbb75-b0aa-4174-a854-609a55c3d39e,Hyundai Creta,Arjun Gupta,+91 8014372916,hyundai_creta_6210,2024-02-19T12:00:00,AC Repair,AC vents cleaned and cabin filter replaced.,31962,3974.86,2024-08-09T12:00:00,Kiran
973b0fce-49bf-4edc-a28a-a0774da079cc,Honda City,Arjun Rao,+91 8002331153,honda_city_3621,2024-07-15T12:00:00,Brake Service,Front brake pads and discs inspected and replaced.,124009,3759.88,2025-02-05T12:00:00,Ramesh
636569da-4ea8-4ab6-9b78-0257f4b6fe41,Honda City,Karthik Verma,+91 7172762419,honda_city_6130,2025-02-14T12:00:00,General Service,"Engine oil and oil filter changed, general inspection done.",73105,5072.96,2025-06-29T12:00:00,Ramesh
b2ef07d3-bbf5-413e-a8fe-40d7654209e8,Maruti Swift,Amit Kumar,+91 8450377222,maruti_swift_3159,2025-11-03T12:00:00,Clutch Overhaul,Full clutch kit replaced.,162184,13540.88,2026-10-01T12:00:00,Anil
0d8e3558-7dec-49a0-9000-070d68ee9505,Hyundai i20,Praveen Kumar,+91 8949261998,hyundai_i20_6427,2023-01-25T12:00:00,Battery Replacement,Battery terminals cleaned and new battery installed.,176943,11512.12,2024-05-04T12:00:00,Anil
24d04229-6a09-45bb-b339-9f433dfc2e79,Kia Seltos,Karthik Patel,+91 7360018279,kia_seltos_8430,2025-11-18T12:00:00,Battery Replacement,No-start issue fixed with new battery.,74276,12562.4,2026-08-13T12:00:00,Deepak
358f6669-009a-470b-a5a9-c0dde2b1447c,Maruti Baleno,Nisha Kumar,+91 9486593646,maruti_baleno_2756,2025-10-29T12:00:00,Wheel Alignment & Balancing,Tyre rotation and balancing performed.,51881,1179.98,2026-04-08T12:00:00,Deepak
d38a7c97-11b2-4f18-a59e-6d3f2fbd4309,Maruti Swift,Nisha Gupta,+91 7453629000,maruti_swift_5549,2025-06-20T12:00:00,Battery Replacement,No-start issue fixed with new battery.,84032,6805.01,2026-05-03T12:00:00,Shiva
57073ef1-ce51-4147-8463-290a620d069e,Maruti Baleno,Arjun Rao,+91 7075897045,maruti_baleno_1172,2023-07-09T12:00:00,AC Repair,"Cooling issue fixed, condenser cleaned.",23159,2790.25,2023-12-10T12:00:00,Manoj
6e6ccb6b-4959-4a5e-a1f4-f23ba3ff2737,Kia Seltos,Praveen Shetty,+91 7572310530,kia_seltos_3113,2023-02-25T12:00:00,General Service,"Periodic service, fluids checked and topped up.",27644,5085.05,2023-07-29T12:00:00,Deepak
532c2b61-e535-48a1-864c-3eb73a66724c,Mahindra XUV300,Shreya Verma,+91 7676156195,mahindra_xuv300_1090,2023-05-06T12:00:00,General Service,"Periodic service, fluids checked and topped up.",81313,6163.4,2023-12-13T12:00:00,Ramesh
55fd29d2-9538-4efe-b9f3-4fdb4d88749b,Hyundai Creta,Karthik Patel,+91 9317858297,hyundai_creta_3436,2023-01-25T12:00:00,General Service,"Periodic service, fluids checked and topped up.",16460,2694.55,2023-07-14T12:00:00,Anil
4c41eed0-feb1-4dc6-b0a6-b793d56772df,Kia Seltos,Varsha Reddy,+91 9447409427,kia_seltos_3013,2024-08-27T12:00:00,General Service,Standard service with air filter cleaning and washing.,61363,5898.28,2025-02-17T12:00:00,Irfan
02b85d9f-e135-4735-b90d-6af6e7cb298c,Kia Seltos,Rahul Patel,+91 7533813169,kia_seltos_7558,2024-06-23T12:00:00,Clutch Overhaul,Clutch plate and pressure plate changed.,143051,16089.75,2025-04-11T12:00:00,Sameer
b6245693-59c4-44d1-a8be-4b93079e4254,Hyundai Creta,Rohan Sharma,+91 7669344020,hyundai_creta_6985,2024-01-12T12:00:00,Brake Service,Front brake pads and discs inspected and replaced.,55266,1911.66,2024-07-18T12:00:00,Sameer
89084273-ac3c-42a5-8a4a-52e4cbe77b44,Honda City,Shreya Naik,+91 8362260544,honda_city_6742,2025-10-29T12:00:00,General Service,Standard service with air filter cleaning and washing.,133540,7012.37,2026-03-19T12:00:00,Sameer
d49c1e59-3026-4f31-8322-531b79391d10,Maruti Swift,Amit Verma,+91 9907320064,maruti_swift_2670,2023-12-28T12:00:00,Brake Service,Front brake pads and discs inspected and replaced.,44420,2930.91,2024-07-28T12:00:00,Kiran
13da98fe-4851-4d44-8d2d-e3900fdcf062,Tata Nexon,Rahul Reddy,+91 7746275211,tata_nexon_7558,2024-04-12T12:00:00,AC Repair,AC vents cleaned and cabin filter replaced.,93306,4148.7,2024-12-01T12:00:00,Irfan
49283777-f92c-4d8a-81c0-e4a1efabf2d1,Hyundai Creta,Nisha Naik,+91 8257053384,hyundai_creta_3826,2025-08-15T12:00:00,General Service,"Engine oil and oil filter changed, general inspection done.",68482,3084.85,2026-01-26T12:00:00,Manoj
0beca9cf-f38a-40ce-b36f-2502987aac45,Mahindra XUV300,Nisha Reddy,+91 7261476834,mahindra_xuv300_1376,2025-07-22T12:00:00,Engine Repair,Engine overhaul and major internal components serviced.,149373,17598.87,2026-08-10T12:00:00,Sameer
1d39b88f-2a43-4160-8e9a-fda74ef0a26b,Hyundai i20,Arjun Shetty,+91 9276186731,hyundai_i20_7439,2025-04-22T12:00:00,Battery Replacement,Old battery replaced with new 60Ah unit.,158023,8378.75,2026-01-04T12:00:00,Shiva
1e38af26-9ef3-4773-8ec8-8e140567a9ff,Maruti Swift,Arjun Gupta,+91 9490717340,maruti_swift_3138,2024-06-03T12:00:00,General Service,Standard service with air filter cleaning and washing.,21317,3310.5,2024-11-02T12:00:00,Shiva
477b66ec-f88d-4652-8627-d0212a8f5905,Mahindra XUV300,Arjun Kumar,+91 9582642546,mahindra_xuv300_7252,2024-03-18T12:00:00,Brake Service,"Brake noise complaint resolved, pads adjusted.",44101,3969.07,2024-11-06T12:00:00,Sameer
c8be3b74-fd21-49b3-bd58-ba18a42129b5,Mahindra XUV300,Rohan Rao,+91 7206973121,mahindra_xuv300_5742,2023-08-29T12:00:00,Wheel Alignment & Balancing,Tyre rotation and balancing performed.,176960,1276.82,2023-12-14T12:00:00,Irfan
0a72e442-bbe2-4a42-8c5e-50f2bf0896f6,Honda City,Varsha Reddy,+91 8326151036,honda_city_3670,2024-07-06T12:00:00,Clutch Overhaul,Full clutch kit replaced.,150156,15324.47,2025-05-08T12:00:00,Irfan
f5132a53-7967-4bc1-a7d7-68b6a6b7306e,Maruti Baleno,Arjun Reddy,+91 8131051440,maruti_baleno_2819,2025-01-04T12:00:00,Brake Service,Front brake pads and discs inspected and replaced.,136128,3777.6,2025-07-24T12:00:00,Anil
3161ba49-4f15-49b6-8793-6f921f308a5d,Hyundai i20,Nisha Patel,+91 8822517298,hyundai_i20_3743,2024-03-06T12:00:00,Brake Service,"Brake noise complaint resolved, pads adjusted.",23904,3462.03,2024-09-11T12:00:00,Deepak
caebfcc8-ce16-4f20-8897-3261a9c53bb9,Mahindra XUV300,Arjun Rao,+91 9593507976,mahindra_xuv300_7717,2024-03-08T12:00:00,Brake Service,Front brake pads and discs inspected and replaced.,37552,2692.0,2024-09-28T12:00:00,Ramesh
87d39ca5-f59b-4762-ba57-b20c66fff72f,Hyundai Creta,Sneha Naik,+91 7204860374,hyundai_creta_7895,2023-10-13T12:00:00,Engine Repair,"Misfiring issue fixed, spark plugs replaced.",114545,41933.6,2024-09-24T12:00:00,Shiva
f24a61cb-ca01-44a5-8231-21e9b91b3438,Honda City,Arjun Mehta,+91 8582563682,honda_city_6824,2023-04-30T12:00:00,AC Repair,"Cooling issue fixed, condenser cleaned.",166053,5342.75,2023-12-23T12:00:00,Ramesh
2818be20-e90a-458b-b389-2d974d18ba53,Hyundai i20,Nisha Gupta,+91 8234672558,hyundai_i20_2279,2024-07-21T12:00:00,Brake Service,Rear brake pads replaced and brake fluid topped up.,77897,3163.07,2024-11-26T12:00:00,Ramesh
ba98bb6f-ae98-40ea-9624-bae3304f38db,Hyundai Creta,Sneha Rao,+91 8645278078,hyundai_creta_2741,2025-03-08T12:00:00,Battery Replacement,Old battery replaced with new 60Ah unit.,41866,6458.1,2026-04-10T12:00:00,Ramesh
029652f7-a204-4c5c-963e-2a8627332502,Hyundai Creta,Sneha Verma,+91 9627276842,hyundai_creta_6674,2024-07-26T12:00:00,Wheel Alignment & Balancing,Steering pull corrected by wheel alignment.,153518,2876.78,2025-02-25T12:00:00,Irfan
ffec5041-6f30-459a-bfde-470352c053fc,Maruti Swift,Rohan Sharma,+91 8741022060,maruti_swift_3941,2024-11-16T12:00:00,Brake Service,Rear brake pads replaced and brake fluid topped up.,85700,2467.68,2025-04-10T12:00:00,Deepak
6cc6f486-92e9-4fe9-9b3f-e0ed870fe6bc,Maruti Baleno,Karthik Verma,+91 7855780827,maruti_baleno_1607,2024-11-24T12:00:00,Brake Service,Rear brake pads replaced and brake fluid topped up.,84471,2297.3,2025-06-21T12:00:00,Deepak
69a812c5-a65a-455e-9040-405a05b609c5,Hyundai i20,Sneha Shetty,+91 7545284071,hyundai_i20_1607,2023-10-11T12:00:00,General Service,Standard service with air filter cleaning and washing.,103566,4814.76,2024-04-17T12:00:00,Kiran
6a98b491-57ef-4fe8-a3fb-8f259da6391c,Kia Seltos,Sneha Reddy,+91 9029629141,kia_seltos_1974,2025-01-31T12:00:00,Battery Replacement,Battery terminals cleaned and new battery installed.,11841,9863.79,2026-01-06T12:00:00,Ramesh
16e4c5e4-e0c7-4b76-9d9b-996e76cac492,Honda City,Karthik Kumar,+91 7357236497,honda_city_1390,2023-02-05T12:00:00,General Service,"Engine oil and oil filter changed, general inspection done.",179684,5660.64,2023-08-21T12:00:00,Anil
7033a44b-9650-4070-88ef-3e2fa6c9f69c,Maruti Swift,Shreya Mehta,+91 7875182618,maruti_swift_6204,2023-12-01T12:00:00,Clutch Overhaul,Full clutch kit replaced.,58411,10836.84,2024-12-23T12:00:00,Manoj
a21ac9b6-8ad6-46dd-9f75-283f542c4acd,Mahindra XUV300,Rohan Sharma,+91 9800846617,mahindra_xuv300_9611,2025-04-17T12:00:00,Wheel Alignment & Balancing,Steering pull corrected by wheel alignment.,175131,2640.96,2025-10-22T12:00:00,Ramesh
8880a317-bcd2-4ac3-9f1f-28e08db4d9f9,Tata Nexon,Karthik Gupta,+91 9228281835,tata_nexon_6539,2024-12-13T12:00:00,Engine Repair,Timing belt replaced and engine tuned.,71479,13487.35,2025-08-08T12:00:00,Ramesh
3abd7f30-cb4f-4eb6-a2d3-0428b8ef3667,Hyundai i20,Praveen Rao,+91 9541798601,hyundai_i20_8136,2023-05-26T12:00:00,Engine Repair,Timing belt replaced and engine tuned.,115366,16496.38,2024-03-05T12:00:00,Manoj
f817bb3c-1e91-48de-8b3d-fe8716df15b6,Maruti Baleno,Karthik Verma,+91 8908902862,maruti_baleno_4002,2025-10-03T12:00:00,Engine Repair,Engine overhaul and major internal components serviced.,59161,24998.5,2027-03-28T12:00:00,Irfan
afeb6699-752b-4da0-a5d6-cb4f6da3d1db,Hyundai i20,Sneha Verma,+91 8819591480,hyundai_i20_2706,2023-08-29T12:00:00,General Service,Standard service with air filter cleaning and washing.,144140,3946.62,2024-02-26T12:00:00,Deepak
edafcf8c-cbfd-4455-9eb2-89b2053f3e81,Maruti Swift,Varsha Shetty,+91 8510053353,maruti_swift_2055,2025-09-08T12:00:00,Wheel Alignment & Balancing,Steering pull corrected by wheel alignment.,173923,1816.19,2026-04-01T12:00:00,Deepak
6c3c8b8d-d881-4c84-b457-6737badb3dda,Tata Nexon,Sneha Verma,+91 9869075199,tata_nexon_4819,2023-08-31T12:00:00,General Service,"Engine oil and oil filter changed, general inspection done.",89690,3605.67,2024-03-09T12:00:00,Ramesh
66c4c6ca-fc07-481c-9376-8e7186894537,Hyundai Creta,Varsha Patel,+91 7181227714,hyundai_creta_6367,2023-03-16T12:00:00,General Service,"Periodic service, fluids checked and topped up.",87454,5765.23,2023-09-14T12:00:00,Ramesh
30dbf955-bba2-4618-bbd9-144a4c1c9957,Honda City,Rahul Naik,+91 9597937797,honda_city_7461,2025-02-13T12:00:00,General Service,"Periodic service, fluids checked and topped up.",114061,3514.33,2025-09-14T12:00:00,Sameer
8321e63a-220f-461c-80ec-52d7b9e83c37,Hyundai i20,Amit Rao,+91 7230759348,hyundai_i20_3658,2024-11-13T12:00:00,Brake Service,"Brake noise complaint resolved, pads adjusted.",9508,2555.92,2025-03-10T12:00:00,Deepak
e7e010e7-4858-44bc-84c0-1c6500993259,Kia Seltos,Rohan Sharma,+91 8887957443,kia_seltos_4329,2023-10-17T12:00:00,Engine Repair,"Misfiring issue fixed, spark plugs replaced.",179713,39876.9,2024-12-09T12:00:00,Manoj
ce27e121-e1d0-4e6f-9642-7a0ed1c1f606,Maruti Baleno,Karthik Reddy,+91 7281868110,maruti_baleno_4100,2025-12-15T12:00:00,Brake Service,Rear brake pads replaced and brake fluid topped up.,55920,2706.02,2026-05-27T12:00:00,Deepak
254430a1-04c8-4df4-9999-425b19700f48,Maruti Baleno,Shreya Reddy,+91 8362159374,maruti_baleno_1654,2025-02-17T12:00:00,Engine Repair,Timing belt replaced and engine tuned.,62279,16624.51,2025-10-20T12:00:00,Anil
0e04673b-14f0-4285-a6fc-b5154fa65292,Tata Nexon,Nisha Reddy,+91 7412552954,tata_nexon_8912,2024-06-06T12:00:00,Brake Service,Front brake pads and discs inspected and replaced.,92567,2463.69,2024-12-06T12:00:00,Ramesh
ec758459-1504-4a9c-ac5b-f55ab4c0f678,Maruti Swift,Arjun Kumar,+91 9752057934,maruti_swift_4469,2023-11-18T12:00:00,General Service,Standard service with air filter cleaning and washing.,91201,3186.27,2024-04-04T12:00:00,Ramesh
3667d235-e946-4b13-9640-65060f47a461,Honda City,Rohan Reddy,+91 7126873897,honda_city_6447,2024-05-13T12:00:00,Brake Service,Rear brake pads replaced and brake fluid topped up.,14714,3669.54,2024-11-15T12:00:00,Sameer
e04362dc-ae83-4a78-8585-c7a1f0394bda,Hyundai Creta,Rohan Patel,+91 9688639567,hyundai_creta_5010,2025-02-12T12:00:00,Engine Repair,Timing belt replaced and engine tuned.,32275,25387.88,2026-07-13T12:00:00,Irfan
11ba0194-6815-4c05-bd67-10a734c0a673,Hyundai i20,Amit Gupta,+91 9466213690,hyundai_i20_2258,2025-10-30T12:00:00,General Service,Standard service with air filter cleaning and washing.,176577,4506.84,2026-05-06T12:00:00,Ramesh
62c1983d-86b9-4f06-b861-822ab4cb52c5,Maruti Swift,Rohan Mehta,+91 9648946025,maruti_swift_8638,2025-08-16T12:00:00,Clutch Overhaul,Clutch plate and pressure plate changed.,14907,12946.6,2027-02-08T12:00:00,Shiva
4ca1e4de-1ae5-4dce-b1e3-1aa7fa730f85,Honda City,Shreya Rao,+91 7218999984,honda_city_6554,2025-06-02T12:00:00,Engine Repair,"Misfiring issue fixed, spark plugs replaced.",24294,24478.79,2026-10-10T12:00:00,Deepak
d94c6faf-5dae-46db-9e43-ed8f1f8d1079,Hyundai Creta,Varsha Naik,+91 9216505798,hyundai_creta_3549,2025-05-15T12:00:00,Brake Service,Rear brake pads replaced and brake fluid topped up.,23981,2272.09,2025-09-15T12:00:00,Ramesh
295af890-4867-4395-9942-47caecb7fcbc,Maruti Baleno,Praveen Mehta,+91 7475832901,maruti_baleno_5815,2024-03-06T12:00:00,Engine Repair,Engine overhaul and major internal components serviced.,134695,20494.0,2025-02-16T12:00:00,Deepak
136d65aa-f9bc-4e4b-a107-d1de924f040e,Maruti Swift,Rohan Mehta,+91 8022346044,maruti_swift_3345,2025-04-03T12:00:00,AC Repair,AC vents cleaned and cabin filter replaced.,177795,3802.35,2025-10-26T12:00:00,Anil
d5b51910-d07b-4ac2-9452-e35d721bc208,Kia Seltos,Praveen Reddy,+91 7150034895,kia_seltos_5549,2025-08-14T12:00:00,General Service,"Engine oil and oil filter changed, general inspection done.",166201,5324.55,2026-01-13T12:00:00,Irfan
ae31d9c1-00d2-4b7a-a4a6-6e5a2134b9e6,Maruti Baleno,Rahul Patel,+91 9487853321,maruti_baleno_4703,2023-02-15T12:00:00,General Service,Standard service with air filter cleaning and washing.,37937,3093.36,2023-09-20T12:00:00,Irfan
61d0a16f-1948-47b5-89fa-f4ebd6af9174,Kia Seltos,Shreya Naik,+91 7094850448,kia_seltos_1261,2025-05-24T12:00:00,General Service,"Periodic service, fluids checked and topped up.",54889,3826.53,2025-12-21T12:00:00,Kiran
81a5550c-c242-48ff-a91b-ebc9cb8b7702,Hyundai Creta,Sneha Mehta,+91 7978550287,hyundai_creta_8767,2024-11-14T12:00:00,Brake Service,Rear brake pads replaced and brake fluid topped up.,91493,4201.29,2025-05-05T12:00:00,Sameer
81aefcf3-0bae-40fb-88af-e73555d82422,Hyundai Creta,Karthik Kumar,+91 7060520821,hyundai_creta_1853,2025-06-05T12:00:00,Brake Service,Rear brake pads replaced and brake fluid topped up.,8144,3601.5,2025-12-16T12:00:00,Sameer
8f415eae-3e59-4647-b3a8-67c12c40364a,Honda City,Arjun Mehta,+91 8173290890,honda_city_3718,2025-06-22T12:00:00,General Service,Standard service with air filter cleaning and washing.,175562,6012.35,2026-01-08T12:00:00,Deepak
397bba8f-65ef-4967-96f7-ad04207cac69,Mahindra XUV300,Amit Naik,+91 8502283476,mahindra_xuv300_7858,2025-06-20T12:00:00,General Service,"Periodic service, fluids checked and topped up.",125608,5603.7,2025-12-23T12:00:00,Manoj
82715364-5c3f-4ebc-b254-6d9a2a577a56,Kia Seltos,Nisha Kumar,+91 8594793172,kia_seltos_7748,2023-12-15T12:00:00,Wheel Alignment & Balancing,Tyre rotation and balancing performed.,69395,1458.46,2024-04-13T12:00:00,Sameer
294d1f9b-0449-4bbc-901b-da2680864dd1,Mahindra XUV300,Rahul Sharma,+91 7912313951,mahindra_xuv300_8725,2023-06-25T12:00:00,General Service,Standard service with air filter cleaning and washing.,97871,4069.98,2024-01-22T12:00:00,Shiva
88c5a291-25d7-4319-8ef3-1ffb0f8bcbe7,Maruti Baleno,Amit Kumar,+91 8946801580,maruti_baleno_7975,2025-12-18T12:00:00,General Service,Standard service with air filter cleaning and washing.,147547,6460.16,2026-05-17T12:00:00,Anil
6d65473c-c511-46f0-881b-39a371b3d74b,Mahindra XUV300,Sneha Verma,+91 7189474557,mahindra_xuv300_6719,2024-05-24T12:00:00,Wheel Alignment & Balancing,Tyre rotation and balancing performed.,137367,2349.85,2024-09-09T12:00:00,Deepak
7df4e66d-0c4f-40ce-a24e-8d8f9ce8b336,Hyundai Creta,Varsha Shetty,+91 9875978865,hyundai_creta_5608,2023-12-04T12:00:00,General Service,"Engine oil and oil filter changed, general inspection done.",173498,8926.28,2024-05-16T12:00:00,Irfan
348ecd24-d8ee-4489-b21a-06506efba632,Maruti Baleno,Amit Patel,+91 7781786633,maruti_baleno_5740,2025-09-03T12:00:00,AC Repair,AC gas refilled and compressor checked.,44256,3860.45,2026-01-23T12:00:00,Shiva
8fd2860f-b6f6-479e-823a-d711c4c4860f,Maruti Baleno,Rohan Mehta,+91 7654539802,maruti_baleno_2387,2024-10-18T12:00:00,Brake Service,Front brake pads and discs inspected and replaced.,145610,3825.58,2025-03-09T12:00:00,Deepak
9baf1e75-792a-43a5-9e9a-5088b76041c2,Honda City,Sneha Verma,+91 7814706837,honda_city_1025,2023-07-20T12:00:00,Brake Service,Front brake pads and discs inspected and replaced.,131740,5817.72,2024-02-02T12:00:00,Shiva
e954acd7-defd-4165-a058-fbe87f1d8b44,Maruti Swift,Karthik Naik,+91 9613276376,maruti_swift_3344,2024-10-12T12:00:00,Battery Replacement,No-start issue fixed with new battery.,158820,9389.89,2026-01-08T12:00:00,Kiran
3e03ff9f-645f-4f27-ac73-882203b9bd67,Hyundai Creta,Rahul Gupta,+91 8224504565,hyundai_creta_8656,2024-09-13T12:00:00,Engine Repair,Timing belt replaced and engine tuned.,128914,14756.5,2025-11-14T12:00:00,Ramesh
0aa34a66-67ab-4b29-9273-0da7a4e84fc0,Mahindra XUV300,Shreya Patel,+91 9015931891,mahindra_xuv300_1865,2025-09-09T12:00:00,General Service,"Periodic service, fluids checked and topped up.",168710,7368.33,2026-04-15T12:00:00,Ramesh
10639887-bb11-4fcf-9107-64f171c03274,Kia Seltos,Nisha Verma,+91 9910244621,kia_seltos_3108,2024-07-28T12:00:00,General Service,"Engine oil and oil filter changed, general inspection done.",94986,3920.85,2025-01-07T12:00:00,Manoj
8e9f969f-fd46-4642-af99-791bfd19243c,Tata Nexon,Nisha Reddy,+91 9209142734,tata_nexon_4270,2024-05-15T12:00:00,General Service,"Periodic service, fluids checked and topped up.",49167,4452.82,2024-12-06T12:00:00,Deepak
c457b6b4-4918-4bf8-91f1-ea980d572968,Honda City,Amit Gupta,+91 9567883245,honda_city_9549,2024-05-15T12:00:00,General Service,Standard service with air filter cleaning and washing.,179267,7043.78,2024-12-08T12:00:00,Anil
f38eeacc-90fe-4004-86fc-f38b556c5633,Honda City,Sneha Shetty,+91 9927273151,honda_city_5829,2024-04-21T12:00:00,Brake Service,Front brake pads and discs inspected and replaced.,36196,2069.1,2024-09-17T12:00:00,Anil
2638d520-5a67-435d-a06f-fbf8c8787d05,Hyundai i20,Amit Rao,+91 8088504281,hyundai_i20_3874,2025-07-16T12:00:00,Brake Service,"Brake noise complaint resolved, pads adjusted.",96570,4430.27,2026-01-29T12:00:00,Deepak
f4b20d24-cb14-481d-8c51-842a7c7bd988,Mahindra XUV300,Rohan Rao,+91 7190698078,mahindra_xuv300_4168,2023-10-07T12:00:00,General Service,"Periodic service, fluids checked and topped up.",67681,3385.87,2024-02-29T12:00:00,Shiva
83c80edd-4d13-423e-a784-6bc7327f2da5,Hyundai i20,Karthik Verma,+91 9322900505,hyundai_i20_7348,2024-06-06T12:00:00,General Service,"Periodic service, fluids checked and topped up.",89934,3754.59,2024-11-21T12:00:00,Ramesh
eef6cdec-1c6b-4e04-9873-e13e3a2b8f35,Tata Nexon,Rohan Naik,+91 9142207839,tata_nexon_8217,2023-08-16T12:00:00,Battery Replacement,Battery terminals cleaned and new battery installed.,5917,3986.39,2024-05-14T12:00:00,Manoj
486afee5-f9e4-4b11-8bf7-8a98b3bfec39,Hyundai Creta,Amit Mehta,+91 7658374051,hyundai_creta_7377,2024-03-05T12:00:00,General Service,"Engine oil and oil filter changed, general inspection done.",32987,2887.81,2024-08-23T12:00:00,Deepak
06055cd4-cbbb-43fc-aaf8-cfcbae4df94c,Kia Seltos,Varsha Reddy,+91 7549864540,kia_seltos_9785,2024-09-30T12:00:00,AC Repair,AC vents cleaned and cabin filter replaced.,37191,2455.61,2025-03-10T12:00:00,Sameer
385e49c9-c9ac-4959-8756-b8399375b6f0,Maruti Swift,Praveen Naik,+91 7175874192,maruti_swift_4829,2024-03-31T12:00:00,Engine Repair,Engine overhaul and major internal components serviced.,136192,19217.96,2025-09-05T12:00:00,Deepak
9de40cb3-30f7-41b7-8736-9a1cd4aace2a,Kia Seltos,Arjun Verma,+91 8728554885,kia_seltos_5731,2024-10-01T12:00:00,Engine Repair,Engine overhaul and major internal components serviced.,42155,10404.4,2026-01-01T12:00:00,Kiran
8c3ef8ee-7eff-4162-a300-5132125a69e4,Maruti Swift,Amit Reddy,+91 7295180208,maruti_swift_8830,2023-02-16T12:00:00,General Service,Standard service with air filter cleaning and washing.,90870,3526.66,2023-08-22T12:00:00,Manoj
aa6d102c-fafb-4b08-afd0-f2fbacec284f,Maruti Baleno,Rohan Gupta,+91 7918554177,maruti_baleno_6367,2025-09-21T12:00:00,Brake Service,"Brake noise complaint resolved, pads adjusted.",134860,4994.01,2026-01-25T12:00:00,Sameer
55dd2fd2-a722-42e0-a8e3-9a7a30b2a3ee,Hyundai Creta,Praveen Gupta,+91 7712546057,hyundai_creta_6423,2025-12-10T12:00:00,General Service,"Engine oil and oil filter changed, general inspection done.",36164,6169.96,2026-05-24T12:00:00,Sameer
7ac0bb66-22fd-40d4-a92b-28d8cd3fd160,Tata Nexon,Amit Gupta,+91 9448881262,tata_nexon_7452,2025-03-23T12:00:00,Clutch Overhaul,Full clutch kit replaced.,100442,20195.23,2026-07-31T12:00:00,Deepak
c39d356b-dfe7-40e3-ac70-9aebc177125a,Hyundai i20,Rahul Kumar,+91 9541907013,hyundai_i20_6094,2023-08-28T12:00:00,Brake Service,"Brake noise complaint resolved, pads adjusted.",137724,4887.09,2024-03-10T12:00:00,Irfan
a40fdcfe-1dfb-49a6-99a1-a79205482282,Mahindra XUV300,Varsha Rao,+91 7766992391,mahindra_xuv300_3314,2023-04-28T12:00:00,Brake Service,"Brake noise complaint resolved, pads adjusted.",168041,6312.36,2023-12-31T12:00:00,Kiran
76bd5927-d3d3-4b22-8584-255b8689c4a7,Tata Nexon,Rohan Mehta,+91 7406884236,tata_nexon_6587,2024-11-18T12:00:00,General Service,Standard service with air filter cleaning and washing.,71777,4339.0,2025-05-22T12:00:00,Manoj
2347a84b-02de-43cb-aafc-880ef9488d32,Hyundai Creta,Karthik Reddy,+91 7981764827,hyundai_creta_6348,2025-06-01T12:00:00,Engine Repair,"Misfiring issue fixed, spark plugs replaced.",118975,35044.6,2026-02-10T12:00:00,Sameer
a7285b5a-7717-41ce-935f-bfc1b5251c9c,Mahindra XUV300,Nisha Verma,+91 7399642521,mahindra_xuv300_4866,2025-07-31T12:00:00,General Service,Standard service with air filter cleaning and washing.,120569,4657.75,2026-02-09T12:00:00,Anil
7a74ae0d-cb65-41a5-bee4-47eec886ef1c,Mahindra XUV300,Karthik Patel,+91 8501471292,mahindra_xuv300_5076,2025-02-01T12:00:00,Engine Repair,Timing belt replaced and engine tuned.,143784,13541.88,2025-11-23T12:00:00,Shiva
f56d4047-35ca-4092-ad6d-33407c182692,Tata Nexon,Karthik Naik,+91 8643236780,tata_nexon_2300,2025-08-31T12:00:00,Battery Replacement,Battery terminals cleaned and new battery installed.,82788,9577.95,2026-11-18T12:00:00,Anil
a48ef675-5b00-4c7e-8b41-d4e14adc17e6,Maruti Baleno,Varsha Gupta,+91 8266760759,maruti_baleno_1653,2026-01-14T12:00:00,Brake Service,Front brake pads and discs inspected and replaced.,85000,2712.62,2026-07-23T12:00:00,Kiran
c35af083-9973-4ec4-a81e-e33021305d34,Kia Seltos,Amit Naik,+91 7891677211,kia_seltos_9715,2023-02-02T12:00:00,General Service,"Engine oil and oil filter changed, general inspection done.",107277,7504.8,2023-08-02T12:00:00,Irfan
3f491164-1584-4f9b-a039-85c16948bf0b,Hyundai Creta,Rahul Verma,+91 7611666209,hyundai_creta_3339,2024-02-01T12:00:00,Brake Service,"Brake noise complaint resolved, pads adjusted.",153723,2825.82,2024-10-06T12:00:00,Irfan
b9ef6f89-d175-4933-9cea-dabbb0217853,Maruti Baleno,Rahul Mehta,+91 9056302977,maruti_baleno_8529,2025-10-10T12:00:00,General Service,"Periodic service, fluids checked and topped up.",157114,6503.39,2026-04-08T12:00:00,Sameer
6d38dada-f6d2-4480-ad52-17940146b25f,Maruti Swift,Arjun Rao,+91 9480533713,maruti_swift_9341,2024-07-24T12:00:00,Engine Repair,Timing belt replaced and engine tuned.,136756,19097.9,2025-06-08T12:00:00,Anil
5b2dfb2b-6925-4ae1-b32b-b19143a3208a,Hyundai i20,Nisha Verma,+91 9187250104,hyundai_i20_9968,2023-05-14T12:00:00,Wheel Alignment & Balancing,Steering pull corrected by wheel alignment.,110485,1511.4,2023-11-23T12:00:00,Anil
077caa4c-ac55-4f34-9cac-8c07407cff23,Mahindra XUV300,Rohan Verma,+91 8591713915,mahindra_xuv300_3893,2024-05-23T12:00:00,Wheel Alignment & Balancing,Tyre rotation and balancing performed.,174717,1295.09,2024-09-18T12:00:00,Shiva
8737373c-9e43-4d14-ae41-de7236578cea,Kia Seltos,Varsha Gupta,+91 9285893097,kia_seltos_6462,2023-04-14T12:00:00,General Service,"Periodic service, fluids checked and topped up.",89816,3387.66,2023-11-24T12:00:00,Irfan
dd13ec1d-6b6c-48f8-a41f-c23f7b8d39a2,Maruti Swift,Karthik Naik,+91 7890109483,maruti_swift_8816,2023-11-21T12:00:00,General Service,"Engine oil and oil filter changed, general inspection done.",93246,3610.8,2024-04-25T12:00:00,Anil
78633c07-7b11-4fe2-b869-79450269e49e,Maruti Swift,Rohan Shetty,+91 7291017437,maruti_swift_8161,2023-04-26T12:00:00,Brake Service,"Brake noise complaint resolved, pads adjusted.",90907,4496.62,2023-11-25T12:00:00,Manoj
a8dd309d-1957-4ef7-a4ac-cce693665761,Maruti Swift,Praveen Verma,+91 9992926315,maruti_swift_7380,2023-04-09T12:00:00,General Service,Standard service with air filter cleaning and washing.,57883,4405.03,2023-10-21T12:00:00,Ramesh
c1b8ec99-d42f-47b5-b3e2-f877044915c7,Hyundai i20,Praveen Mehta,+91 8609921783,hyundai_i20_8829,2024-08-31T12:00:00,General Service,"Engine oil and oil filter changed, general inspection done.",79853,4338.31,2025-04-03T12:00:00,Anil
1c4362c4-0064-4b8e-9a34-7dab52a331fe,Maruti Swift,Shreya Reddy,+91 9478933575,maruti_swift_9859,2024-03-25T12:00:00,General Service,"Engine oil and oil filter changed, general inspection done.",171194,4713.66,2024-08-10T12:00:00,Sameer
5975b169-6b53-4bea-96ec-c90f1afd1b8e,Honda City,Rahul Naik,+91 7700241555,honda_city_1546,2024-11-26T12:00:00,Clutch Overhaul,"Clutch slip issue fixed, release bearing replaced.",88594,20864.47,2025-09-05T12:00:00,Ramesh
013077aa-ff9a-4219-9620-23906472684a,Tata Nexon,Amit Sharma,+91 9347975261,tata_nexon_8917,2023-07-28T12:00:00,General Service,Standard service with air filter cleaning and washing.,166131,7092.09,2023-12-31T12:00:00,Anil
660f12e7-4e05-4e65-be51-ec453c8a38ba,Hyundai i20,Amit Patel,+91 7602042615,hyundai_i20_5523,2024-12-22T12:00:00,General Service,Standard service with air filter cleaning and washing.,90831,4040.92,2025-06-03T12:00:00,Manoj
d8c4ef35-249f-4831-8227-bb72a248e1f9,Mahindra XUV300,Karthik Reddy,+91 9409536868,mahindra_xuv300_4621,2024-05-27T12:00:00,Battery Replacement,Old battery replaced with new 60Ah unit.,48633,3637.68,2025-11-14T12:00:00,Shiva
11c62def-0955-4510-9fa3-61a397acc1ce,Maruti Baleno,Rohan Gupta,+91 7639147120,maruti_baleno_2207,2025-10-16T12:00:00,Clutch Overhaul,Clutch plate and pressure plate changed.,155306,18823.28,2026-10-07T12:00:00,Shiva
25b4eec0-73cb-4037-b47f-e152c423c6e6,Kia Seltos,Arjun Gupta,+91 8538994171,kia_seltos_9704,2025-11-21T12:00:00,Brake Service,Front brake pads and discs inspected and replaced.,151185,4697.36,2026-05-12T12:00:00,Anil
ab84c7b7-a2c3-4905-91ee-ee766917d171,Kia Seltos,Rahul Naik,+91 9380174621,kia_seltos_3468,2025-09-23T12:00:00,General Service,"Engine oil and oil filter changed, general inspection done.",124799,6680.1,2026-02-25T12:00:00,Sameer
969cb1b1-2fc3-49f0-a8a8-a832691295e6,Mahindra XUV300,Varsha Kumar,+91 7345730583,mahindra_xuv300_6413,2025-03-08T12:00:00,General Service,Standard service with air filter cleaning and washing.,174651,6898.13,2025-08-27T12:00:00,Shiva
4b11807a-001d-416c-8920-9f41c0ee8bbf,Maruti Swift,Rohan Sharma,+91 8292562368,maruti_swift_2366,2023-07-20T12:00:00,AC Repair,"Cooling issue fixed, condenser cleaned.",8430,2666.08,2023-11-05T12:00:00,Manoj
116b9692-4e49-4708-9da1-66f27c5ec78f,Kia Seltos,Karthik Shetty,+91 7500805102,kia_seltos_8733,2024-11-03T12:00:00,AC Repair,AC gas refilled and compressor checked.,163643,6844.06,2025-03-04T12:00:00,Sameer
2eb5197a-0d76-43fe-8c65-37ce6e680fe8,Maruti Swift,Sneha Shetty,+91 7957981980,maruti_swift_6815,2024-12-07T12:00:00,Wheel Alignment & Balancing,Steering pull corrected by wheel alignment.,173795,2057.58,2025-06-10T12:00:00,Shiva
edadbde1-ae1e-4762-917f-5cbac579b2a2,Maruti Swift,Shreya Sharma,+91 9769229504,maruti_swift_4249,2024-01-24T12:00:00,General Service,"Periodic service, fluids checked and topped up.",156709,3864.25,2024-07-04T12:00:00,Anil
7c43043c-bb10-4b83-bf34-6ffd444e6a04,Maruti Baleno,Rohan Patel,+91 9388522828,maruti_baleno_4875,2025-08-04T12:00:00,Clutch Overhaul,Full clutch kit replaced.,76346,11985.86,2026-10-24T12:00:00,Irfan
097e9c8e-1fcf-4ce1-897a-05626056b1dc,Maruti Baleno,Rahul Verma,+91 8757371540,maruti_baleno_8297,2024-04-27T12:00:00,Engine Repair,Engine overhaul and major internal components serviced.,154402,18118.14,2025-04-06T12:00:00,Anil
74651f40-0b65-461e-a474-9358eb78ce8e,Kia Seltos,Varsha Naik,+91 9807136867,kia_seltos_9099,2025-12-25T12:00:00,Wheel Alignment & Balancing,Tyre rotation and balancing performed.,78426,1545.43,2026-05-29T12:00:00,Irfan
1e6379d0-f94c-4f6e-b9dd-c59a7044c3dc,Maruti Swift,Amit Mehta,+91 8204590880,maruti_swift_8885,2023-11-07T12:00:00,General Service,"Periodic service, fluids checked and topped up.",61298,2932.1,2024-05-10T12:00:00,Shiva
f71d1eb2-365f-4c1e-bb2c-f45f7d25e17c,Honda City,Rahul Sharma,+91 7680266782,honda_city_6561,2024-10-04T12:00:00,Engine Repair,Engine overhaul and major internal components serviced.,172411,23804.43,2025-11-14T12:00:00,Shiva
90b52f2e-0852-4f03-9297-c1efb675366d,Hyundai Creta,Shreya Verma,+91 7433517577,hyundai_creta_4293,2023-12-10T12:00:00,General Service,"Engine oil and oil filter changed, general inspection done.",64068,3061.99,2024-05-10T12:00:00,Deepak
f4fb0182-fb25-4a3c-9901-cfc5ebe7646e,Hyundai Creta,Varsha Sharma,+91 8021110805,hyundai_creta_5989,2024-05-28T12:00:00,Brake Service,Rear brake pads replaced and brake fluid topped up.,111571,4747.83,2024-09-13T12:00:00,Irfan
d5d16d10-2c07-48f1-9407-244b7d125566,Mahindra XUV300,Rahul Rao,+91 8021842623,mahindra_xuv300_3835,2025-05-23T12:00:00,Wheel Alignment & Balancing,Steering pull corrected by wheel alignment.,167162,2402.7,2025-09-12T12:00:00,Anil
fce77193-3405-4a76-bacb-ea9f0b50de77,Mahindra XUV300,Karthik Rao,+91 8294192042,mahindra_xuv300_8733,2024-10-16T12:00:00,AC Repair,AC gas refilled and compressor checked.,51461,3019.87,2025-05-26T12:00:00,Shiva
852faf45-6951-4090-9545-a5067d6fde84,Maruti Swift,Nisha Naik,+91 8178601500,maruti_swift_8180,2023-12-15T12:00:00,Battery Replacement,Battery terminals cleaned and new battery installed.,149749,9852.74,2024-12-07T12:00:00,Anil
47ede774-7fac-41b5-bae9-bbd09648e127,Kia Seltos,Arjun Sharma,+91 9959182872,kia_seltos_1178,2024-11-04T12:00:00,General Service,Standard service with air filter cleaning and washing.,28193,3892.79,2025-03-31T12:00:00,Sameer
bfb07ef1-03a8-4038-a75c-e0af41ae012e,Honda City,Amit Shetty,+91 8601170730,honda_city_8623,2025-10-06T12:00:00,Brake Service,Front brake pads and discs inspected and replaced.,88653,3003.48,2026-04-12T12:00:00,Anil
9ece2929-4f15-4358-8ce0-5abd19a1f30e,Hyundai Creta,Arjun Kumar,+91 7822196460,hyundai_creta_9796,2023-05-17T12:00:00,General Service,Standard service with air filter cleaning and washing.,162973,6108.41,2023-09-29T12:00:00,Irfan
5af19dfe-c07f-4c3f-9981-0e850d8ec943,Hyundai Creta,Amit Patel,+91 8479772974,hyundai_creta_7884,2023-10-29T12:00:00,Brake Service,Rear brake pads replaced and brake fluid topped up.,61617,4036.98,2024-06-09T12:00:00,Anil
e73eaff3-5a62-4968-a8b7-49f3c5840722,Kia Seltos,Praveen Mehta,+91 8673214078,kia_seltos_4634,2025-12-30T12:00:00,General Service,Standard service with air filter cleaning and washing.,143748,4699.41,2026-07-24T12:00:00,Irfan
f943401d-e0ce-4c65-a64d-cab5d05db4f9,Honda City,Praveen Sharma,+91 9898277091,honda_city_7152,2023-04-27T12:00:00,Battery Replacement,Old battery replaced with new 60Ah unit.,75372,9203.85,2024-05-09T12:00:00,Deepak
8e3fb9b0-9972-4a92-b670-7937a371f1cb,Hyundai i20,Varsha Verma,+91 9284557642,hyundai_i20_7485,2023-06-24T12:00:00,Clutch Overhaul,"Clutch slip issue fixed, release bearing replaced.",71105,12464.29,2024-07-08T12:00:00,Ramesh
2cf89b8e-72b5-46fb-af28-f0956ae58724,Kia Seltos,Karthik Naik,+91 9286004909,kia_seltos_8537,2025-09-09T12:00:00,General Service,Standard service with air filter cleaning and washing.,101478,4121.66,2026-03-12T12:00:00,Manoj
2606c9d3-f212-4bdb-8a62-03498eb83570,Hyundai Creta,Nisha Kumar,+91 8187366428,hyundai_creta_9474,2023-02-23T12:00:00,Engine Repair,Engine overhaul and major internal components serviced.,85249,16541.51,2024-02-05T12:00:00,Manoj
538dc711-054e-47e1-9141-0b2db50f1fbe,Maruti Baleno,Amit Mehta,+91 7210826724,maruti_baleno_8633,2025-04-26T12:00:00,AC Repair,AC gas refilled and compressor checked.,122384,4664.85,2025-09-22T12:00:00,Sameer
180012e8-2f1a-4c85-94a5-b04daef69131,Mahindra XUV300,Rohan Kumar,+91 7277830370,mahindra_xuv300_7296,2024-04-07T12:00:00,Wheel Alignment & Balancing,Steering pull corrected by wheel alignment.,113492,2128.57,2024-10-12T12:00:00,Sameer
36c38d47-db30-461a-98ae-6f7168cfefc7,Honda City,Sneha Rao,+91 7329008727,honda_city_1547,2024-02-22T12:00:00,Brake Service,Front brake pads and discs inspected and replaced.,24976,3028.86,2024-08-18T12:00:00,Ramesh
71c1405c-9620-486d-aa5a-9b21c9830053,Maruti Swift,Nisha Naik,+91 9685922525,maruti_swift_6480,2024-12-08T12:00:00,General Service,Standard service with air filter cleaning and washing.,24237,3927.96,2025-05-29T12:00:00,Irfan
1528f03a-220f-4765-842b-d1754005a7a0,Hyundai Creta,Shreya Verma,+91 8656455111,hyundai_creta_5660,2025-04-08T12:00:00,General Service,"Periodic service, fluids checked and topped up.",126542,4804.13,2025-09-26T12:00:00,Shiva
64eb7207-69e5-4d29-8380-f5ecd83515d0,Hyundai Creta,Amit Kumar,+91 8182636845,hyundai_creta_6183,2023-04-28T12:00:00,Engine Repair,Timing belt replaced and engine tuned.,42626,24106.69,2023-12-31T12:00:00,Anil
22c3ed57-d745-4298-aa36-2f9c9f7b7654,Honda City,Shreya Patel,+91 9944953414,honda_city_3299,2024-05-29T12:00:00,Clutch Overhaul,Clutch plate and pressure plate changed.,78845,12476.3,2025-10-27T12:00:00,Deepak
3dc875a4-c922-456a-969e-9156929eeabc,Kia Seltos,Rahul Kumar,+91 7270173790,kia_seltos_8067,2024-05-10T12:00:00,AC Repair,"Cooling issue fixed, condenser cleaned.",86268,4707.49,2024-11-15T12:00:00,Deepak
9ea6ad51-102f-41c8-abec-e991affce62d,Maruti Baleno,Nisha Naik,+91 8538544197,maruti_baleno_6379,2025-01-10T12:00:00,Wheel Alignment & Balancing,4-wheel alignment and balancing done.,100932,1301.22,2025-05-06T12:00:00,Sameer
0fbe48be-467e-4794-8cc7-9b831ff5f583,Honda City,Sneha Sharma,+91 9935218879,honda_city_3099,2024-04-03T12:00:00,Wheel Alignment & Balancing,Tyre rotation and balancing performed.,27882,761.5,2024-10-20T12:00:00,Irfan
f5e4d46f-90df-4034-945f-740d754b1c73,Tata Nexon,Shreya Verma,+91 7956137750,tata_nexon_3712,2024-07-20T12:00:00,Clutch Overhaul,Full clutch kit replaced.,122338,18457.42,2026-01-05T12:00:00,Deepak
be109ce7-4d71-4e1c-b92e-d9a0792ba723,Hyundai i20,Nisha Mehta,+91 9330838048,hyundai_i20_3249,2025-10-14T12:00:00,General Service,Standard service with air filter cleaning and washing.,133863,6951.84,2026-05-10T12:00:00,Manoj
7dd83f79-fcce-4568-a19e-0e8d446e8aa9,Tata Nexon,Arjun Reddy,+91 7424211025,tata_nexon_4142,2023-10-15T12:00:00,Battery Replacement,No-start issue fixed with new battery.,16926,4069.08,2025-03-04T12:00:00,Shiva
4137bff3-385a-4b3b-85a5-765c1db12baf,Honda City,Varsha Mehta,+91 8718824670,honda_city_5070,2025-12-18T12:00:00,General Service,Standard service with air filter cleaning and washing.,145930,5910.89,2026-06-24T12:00:00,Deepak
46c33333-7bb4-4e39-9e2d-c84744e97316,Kia Seltos,Karthik Patel,+91 9072344696,kia_seltos_8888,2025-09-10T12:00:00,General Service,"Engine oil and oil filter changed, general inspection done.",77175,5972.41,2026-02-14T12:00:00,Shiva
285ca6b0-bd88-4f29-833d-86dcc08d106a,Maruti Baleno,Varsha Verma,+91 7981324087,maruti_baleno_1462,2024-07-06T12:00:00,Battery Replacement,No-start issue fixed with new battery.,19259,6507.6,2025-09-15T12:00:00,Sameer
7cfb02b6-17f8-4247-b838-94fa0384b3e0,Honda City,Rahul Mehta,+91 8849789550,honda_city_9298,2023-01-23T12:00:00,General Service,Standard service with air filter cleaning and washing.,133907,7924.9,2023-08-02T12:00:00,Kiran
0195369b-0985-4174-b7ba-d2fe1476a973,Maruti Swift,Praveen Reddy,+91 9166987912,maruti_swift_5221,2024-04-14T12:00:00,General Service,Standard service with air filter cleaning and washing.,77464,2890.01,2024-10-27T12:00:00,Manoj
f59190c3-0839-400d-9be5-117af5c86515,Hyundai Creta,Sneha Verma,+91 9694616676,hyundai_creta_5870,2024-07-25T12:00:00,AC Repair,AC gas refilled and compressor checked.,151943,7381.35,2025-01-09T12:00:00,Manoj
a2684bbc-ce1b-4932-b142-67650cf3fc0d,Honda City,Rahul Patel,+91 9998407773,honda_city_6953,2024-10-04T12:00:00,General Service,"Engine oil and oil filter changed, general inspection done.",140727,6771.54,2025-04-08T12:00:00,Ramesh
23efb3e5-6f97-4190-a79a-c228aa0da39b,Honda City,Varsha Reddy,+91 7607797396,honda_city_4377,2023-08-16T12:00:00,Wheel Alignment & Balancing,4-wheel alignment and balancing done.,174293,2182.13,2024-01-03T12:00:00,Anil
efa4bb4f-30fd-4e07-9aa1-1b5a4d015193,Hyundai i20,Nisha Reddy,+91 9843652604,hyundai_i20_2368,2023-01-18T12:00:00,Wheel Alignment & Balancing,Tyre rotation and balancing performed.,111709,1110.82,2023-07-16T12:00:00,Ramesh
de0abe1f-8911-4ddb-8157-94aa9baaaf7d,Maruti Baleno,Varsha Gupta,+91 7852054747,maruti_baleno_6403,2024-03-02T12:00:00,Clutch Overhaul,Full clutch kit replaced.,96829,11981.47,2024-10-20T12:00:00,Sameer
984fb87e-09c5-459f-a739-6b065d8fc2bc,Maruti Swift,Praveen Gupta,+91 8451939499,maruti_swift_7101,2023-03-03T12:00:00,Brake Service,Rear brake pads replaced and brake fluid topped up.,83089,2947.32,2023-07-16T12:00:00,Shiva
34736f70-d527-4699-975e-f1e18118ce27,Maruti Baleno,Nisha Rao,+91 7974375865,maruti_baleno_3164,2025-07-24T12:00:00,Clutch Overhaul,Full clutch kit replaced.,101786,14076.17,2026-08-16T12:00:00,Shiva
9b0dee10-dc30-4923-813a-ed200fee39ac,Mahindra XUV300,Nisha Verma,+91 9297673465,mahindra_xuv300_3516,2023-10-04T12:00:00,AC Repair,AC gas refilled and compressor checked.,168445,3982.12,2024-05-21T12:00:00,Shiva
bbdbf301-1a0d-4f07-b8e0-ce1870c96691,Maruti Baleno,Sneha Sharma,+91 8648427121,maruti_baleno_3387,2024-06-29T12:00:00,General Service,"Engine oil and oil filter changed, general inspection done.",82444,5230.31,2025-01-19T12:00:00,Anil
d25730ec-f790-4915-8bc9-d7dd17514ce1,Tata Nexon,Rahul Kumar,+91 9199802076,tata_nexon_7134,2025-11-22T12:00:00,Brake Service,Rear brake pads replaced and brake fluid topped up.,31023,3613.69,2026-08-04T12:00:00,Deepak
eb9beba7-8175-4991-baeb-269b1a4fd6e6,Hyundai i20,Rahul Gupta,+91 8620948002,hyundai_i20_2923,2023-09-11T12:00:00,Engine Repair,Engine overhaul and major internal components serviced.,142997,25202.27,2025-01-29T12:00:00,Deepak
328e916e-d84e-43a9-92ff-95c276084e91,Hyundai i20,Amit Sharma,+91 8206910991,hyundai_i20_9274,2023-08-06T12:00:00,AC Repair,"Cooling issue fixed, condenser cleaned.",113578,5776.48,2024-03-21T12:00:00,Manoj
62dadcb9-6531-4bb4-979f-2a136872c377,Maruti Swift,Sneha Shetty,+91 7736781194,maruti_swift_5093,2023-02-25T12:00:00,Wheel Alignment & Balancing,Steering pull corrected by wheel alignment.,105724,1714.03,2023-07-03T12:00:00,Ramesh
30455d9b-c85a-4f81-a218-a84c127d5374,Hyundai i20,Sneha Verma,+91 7967467019,hyundai_i20_6438,2023-01-18T12:00:00,Brake Service,Front brake pads and discs inspected and replaced.,126110,3686.12,2023-07-17T12:00:00,Anil
965eddbc-4fa8-44f5-b75c-7cbca839f877,Hyundai Creta,Praveen Verma,+91 9014384133,hyundai_creta_7045,2024-07-30T12:00:00,AC Repair,AC vents cleaned and cabin filter replaced.,114671,4227.38,2025-02-08T12:00:00,Irfan
5c6da8ce-1361-4ba4-8758-1c26a56f94b4,Honda City,Praveen Kumar,+91 8143418537,honda_city_6533,2025-03-07T12:00:00,Brake Service,"Brake noise complaint resolved, pads adjusted.",122921,4011.52,2025-08-12T12:00:00,Sameer
98476a66-e1e7-435a-9bb7-b8c8a338c64a,Hyundai i20,Karthik Reddy,+91 8268117391,hyundai_i20_3432,2025-11-16T12:00:00,Brake Service,"Brake noise complaint resolved, pads adjusted.",18663,2858.79,2026-03-08T12:00:00,Ramesh
8acf8357-551f-499d-9d12-fec3b1e867e2,Maruti Swift,Karthik Patel,+91 8174639895,maruti_swift_6239,2023-08-12T12:00:00,Wheel Alignment & Balancing,Steering pull corrected by wheel alignment.,32032,1294.75,2024-04-15T12:00:00,Anil
22af2199-0b65-4914-b271-a1fa0ffe3712,Maruti Baleno,Varsha Kumar,+91 9922019307,maruti_baleno_6817,2023-09-01T12:00:00,General Service,"Periodic service, fluids checked and topped up.",138547,6032.21,2024-03-02T12:00:00,Anil
db345647-a51f-4aaf-abf7-727bfca1d3a1,Maruti Baleno,Amit Kumar,+91 8226095423,maruti_baleno_6282,2025-10-16T12:00:00,Brake Service,Front brake pads and discs inspected and replaced.,24387,2843.61,2026-03-26T12:00:00,Kiran
2a36cf1d-f3d3-4d75-b62a-7212afef1e22,Tata Nexon,Karthik Sharma,+91 7607502537,tata_nexon_3750,2025-12-16T12:00:00,Clutch Overhaul,Clutch plate and pressure plate changed.,6682,13823.22,2027-04-25T12:00:00,Anil
b9dbf7e5-eae0-486a-a365-1f31e82ede5a,Hyundai i20,Karthik Kumar,+91 7533398413,hyundai_i20_2987,2024-08-11T12:00:00,AC Repair,"Cooling issue fixed, condenser cleaned.",107839,2817.71,2025-04-03T12:00:00,Deepak
e159114c-b31d-4f77-a484-bafacf5ba961,Honda City,Amit Kumar,+91 7896956359,honda_city_3642,2024-07-24T12:00:00,Brake Service,Rear brake pads replaced and brake fluid topped up.,50029,3148.16,2025-01-13T12:00:00,Deepak
c258b786-680d-45cc-8920-65185ef2c31c,Hyundai i20,Shreya Patel,+91 9157314522,hyundai_i20_2216,2024-02-01T12:00:00,General Service,"Periodic service, fluids checked and topped up.",121144,3996.16,2024-06-22T12:00:00,Anil
3d30c028-ce53-41f9-8807-aefca8acf2be,Hyundai Creta,Karthik Naik,+91 7373226717,hyundai_creta_9654,2024-01-12T12:00:00,Battery Replacement,No-start issue fixed with new battery.,148907,10192.87,2025-04-28T12:00:00,Shiva
bac54aad-9dda-41f1-ba81-fdf15cdfb406,Hyundai i20,Rohan Reddy,+91 9001343466,hyundai_i20_3471,2023-10-16T12:00:00,General Service,Standard service with air filter cleaning and washing.,142919,4899.36,2024-03-03T12:00:00,Manoj
e8945f0a-9756-492a-9469-fcdced1b787c,Hyundai i20,Amit Sharma,+91 9742119668,hyundai_i20_3137,2025-01-13T12:00:00,Engine Repair,"Misfiring issue fixed, spark plugs replaced.",30388,13247.77,2026-06-05T12:00:00,Kiran
6ad8ac3b-93a3-45ba-b760-339b7813c126,Honda City,Varsha Shetty,+91 7287628851,honda_city_7337,2025-06-26T12:00:00,AC Repair,AC gas refilled and compressor checked.,161600,5587.3,2025-11-01T12:00:00,Deepak
78923cf0-dcfe-4c31-96ed-f414ac018868,Maruti Swift,Sneha Sharma,+91 8288092629,maruti_swift_5307,2024-01-24T12:00:00,Battery Replacement,Battery terminals cleaned and new battery installed.,134905,7085.7,2024-12-29T12:00:00,Shiva
189685a0-a9c4-4b00-83f9-0883f3d75fde,Tata Nexon,Arjun Shetty,+91 8050355913,tata_nexon_1640,2024-09-13T12:00:00,General Service,"Engine oil and oil filter changed, general inspection done.",121796,6143.25,2025-02-17T12:00:00,Anil
02c3b8fd-f46c-45b9-9881-01944825c211,Tata Nexon,Sneha Naik,+91 9083824492,tata_nexon_1501,2024-08-07T12:00:00,Engine Repair,Engine overhaul and major internal components serviced.,76190,25242.58,2025-09-03T12:00:00,Shiva
02ced8ef-23b3-4c7d-b138-0ddf1aac513a,Maruti Baleno,Praveen Rao,+91 7962297193,maruti_baleno_5458,2025-11-09T12:00:00,Battery Replacement,No-start issue fixed with new battery.,122404,5375.58,2026-07-24T12:00:00,Shiva
148ebcaa-c274-4593-aee1-19cdf24d7f34,Mahindra XUV300,Rahul Sharma,+91 7385615469,mahindra_xuv300_4944,2023-07-06T12:00:00,General Service,"Engine oil and oil filter changed, general inspection done.",82695,6028.39,2024-01-20T12:00:00,Manoj
c54ccc78-1979-4709-b190-0a7a5a43cba8,Hyundai i20,Sneha Patel,+91 7557928361,hyundai_i20_3163,2023-08-23T12:00:00,Engine Repair,Engine overhaul and major internal components serviced.,51494,14417.71,2025-01-04T12:00:00,Sameer
98ff6bdd-bf51-4b3f-8667-e45d63a06768,Maruti Baleno,Nisha Kumar,+91 7955125419,maruti_baleno_4198,2025-03-11T12:00:00,Clutch Overhaul,"Clutch slip issue fixed, release bearing replaced.",29962,17508.5,2026-08-26T12:00:00,Manoj
a1482b7f-d2fe-4d0b-9820-9c1dfa6c122a,Kia Seltos,Praveen Mehta,+91 7186373259,kia_seltos_1088,2023-03-09T12:00:00,Wheel Alignment & Balancing,Steering pull corrected by wheel alignment.,141472,2217.76,2023-06-30T12:00:00,Irfan
03508bcd-4fd7-4a3e-afb6-86aaa39edbc0,Mahindra XUV300,Arjun Shetty,+91 7588465604,mahindra_xuv300_8886,2025-02-09T12:00:00,Brake Service,Front brake pads and discs inspected and replaced.,81089,3451.51,2025-10-12T12:00:00,Sameer
be0dbbcd-780c-482e-8db0-134805e7aae7,Mahindra XUV300,Amit Reddy,+91 7940157927,mahindra_xuv300_9153,2024-06-18T12:00:00,Battery Replacement,Battery terminals cleaned and new battery installed.,104131,6541.27,2025-08-04T12:00:00,Kiran
127b8f30-8fdd-44b0-9c14-d345d0aec411,Kia Seltos,Praveen Sharma,+91 9013088917,kia_seltos_5817,2023-09-04T12:00:00,AC Repair,AC vents cleaned and cabin filter replaced.,132928,5070.54,2024-01-12T12:00:00,Deepak
0e7c4423-d667-4d26-960f-9412650b9257,Honda City,Varsha Patel,+91 7120588538,honda_city_8854,2025-08-31T12:00:00,General Service,"Periodic service, fluids checked and topped up.",30531,4356.46,2026-04-12T12:00:00,Manoj
7f249357-b4e6-4e3c-989c-0b4d9bdda35f,Kia Seltos,Nisha Patel,+91 9278277884,kia_seltos_1172,2024-10-05T12:00:00,AC Repair,"Cooling issue fixed, condenser cleaned.",146335,4348.52,2025-02-04T12:00:00,Sameer
b559dc73-02cb-43b2-846b-2d3018daf53f,Hyundai i20,Varsha Verma,+91 8016469311,hyundai_i20_4981,2025-03-16T12:00:00,Brake Service,Rear brake pads replaced and brake fluid topped up.,102185,3476.63,2025-10-12T12:00:00,Anil
a5461f74-ab2c-4af7-8932-e364d25d3edc,Tata Nexon,Rahul Shetty,+91 9165806978,tata_nexon_6944,2025-03-30T12:00:00,AC Repair,AC gas refilled and compressor checked.,44425,3192.45,2025-08-09T12:00:00,Shiva
647cfa17-5f28-453e-9c47-ce658036cd88,Mahindra XUV300,Varsha Reddy,+91 9968247127,mahindra_xuv300_1748,2024-11-15T12:00:00,General Service,"Engine oil and oil filter changed, general inspection done.",40913,5183.42,2025-06-24T12:00:00,Manoj
a6416e76-8e7c-4900-8768-06e5619e2705,Hyundai Creta,Varsha Mehta,+91 9208357623,hyundai_creta_2847,2023-03-03T12:00:00,Battery Replacement,No-start issue fixed with new battery.,58817,6655.07,2023-11-21T12:00:00,Kiran
3cbde3f7-21cb-4f38-8ddf-985ff7da32bb,Tata Nexon,Arjun Mehta,+91 9067695518,tata_nexon_2358,2023-04-16T12:00:00,General Service,"Periodic service, fluids checked and topped up.",150540,5704.2,2023-09-08T12:00:00,Kiran
85874c9a-bdc2-410a-b614-09ae71c6d38e,Kia Seltos,Praveen Patel,+91 8774295773,kia_seltos_9116,2025-07-13T12:00:00,General Service,"Engine oil and oil filter changed, general inspection done.",137467,3793.9,2025-12-31T12:00:00,Irfan
f9a64350-98d0-4181-8f6c-a28cc2e166a6,Hyundai Creta,Rahul Rao,+91 8909397799,hyundai_creta_8619,2023-09-18T12:00:00,General Service,"Periodic service, fluids checked and topped up.",108789,5727.98,2024-02-10T12:00:00,Kiran
b03a46d8-e526-4509-9a56-2bf9c0f2af83,Hyundai i20,Nisha Patel,+91 7618018736,hyundai_i20_8922,2025-08-30T12:00:00,AC Repair,"Cooling issue fixed, condenser cleaned.",179009,3848.74,2025-12-13T12:00:00,Kiran
960423a9-348e-4166-8829-7de889adcac6,Mahindra XUV300,Arjun Sharma,+91 8719646641,mahindra_xuv300_8438,2024-02-25T12:00:00,General Service,"Engine oil and oil filter changed, general inspection done.",55405,5395.55,2024-10-07T12:00:00,Deepak
fbde423f-f4dd-4049-8f6d-4ad49a096a8c,Maruti Swift,Rohan Gupta,+91 9209779604,maruti_swift_1332,2024-10-04T12:00:00,Clutch Overhaul,Clutch plate and pressure plate changed.,29162,14542.67,2025-12-28T12:00:00,Kiran
58d4fa72-3eb9-4f66-a778-468d796d281c,Hyundai i20,Praveen Rao,+91 8892215743,hyundai_i20_8012,2024-05-24T12:00:00,AC Repair,"Cooling issue fixed, condenser cleaned.",38825,4758.69,2024-10-23T12:00:00,Irfan
8cb2ca5f-1643-4796-b630-f6600fd4c9c4,Hyundai i20,Nisha Rao,+91 8696743627,hyundai_i20_5086,2023-06-20T12:00:00,Wheel Alignment & Balancing,Steering pull corrected by wheel alignment.,75798,1469.66,2023-11-26T12:00:00,Anil
075a52f0-7f1a-4fcf-8954-629452316a36,Hyundai Creta,Nisha Sharma,+91 8562858338,hyundai_creta_7525,2024-10-11T12:00:00,General Service,"Periodic service, fluids checked and topped up.",24079,3135.2,2025-03-08T12:00:00,Anil
ae411225-9f30-452a-b912-9e2dee750a9e,Tata Nexon,Karthik Rao,+91 7307856573,tata_nexon_3579,2023-03-17T12:00:00,General Service,Standard service with air filter cleaning and washing.,45315,4844.03,2023-09-11T12:00:00,Ramesh
c875d2e6-cf4e-45e1-8493-03c2e353b192,Maruti Baleno,Sneha Kumar,+91 7149135149,maruti_baleno_3703,2023-12-24T12:00:00,Clutch Overhaul,"Clutch slip issue fixed, release bearing replaced.",99402,23610.26,2024-08-31T12:00:00,Deepak
830bd924-02c4-495d-9b1b-136eada27117,Kia Seltos,Rohan Mehta,+91 7725263943,kia_seltos_4453,2023-05-02T12:00:00,Brake Service,Rear brake pads replaced and brake fluid topped up.,163660,4891.84,2023-08-18T12:00:00,Ramesh
1f041695-1c32-4ebe-8545-c9137c570fe7,Maruti Baleno,Amit Mehta,+91 9017647563,maruti_baleno_9888,2023-12-14T12:00:00,General Service,"Engine oil and oil filter changed, general inspection done.",170533,7633.31,2024-05-09T12:00:00,Kiran
dc3c195c-df0b-4d5b-933f-9dcf65162e0d,Mahindra XUV300,Praveen Naik,+91 8112853009,mahindra_xuv300_2644,2023-07-18T12:00:00,Wheel Alignment & Balancing,Steering pull corrected by wheel alignment.,86796,1295.99,2023-12-02T12:00:00,Kiran
e95684f8-3dbd-4d02-b77c-9281d4728d6e,Hyundai i20,Rahul Mehta,+91 8646322329,hyundai_i20_9464,2024-04-08T12:00:00,General Service,"Periodic service, fluids checked and topped up.",176643,3486.5,2024-09-16T12:00:00,Ramesh
c1e89ec6-09af-4de1-b843-5ef2b210878b,Maruti Baleno,Shreya Rao,+91 7679991998,maruti_baleno_3244,2025-09-04T12:00:00,AC Repair,AC gas refilled and compressor checked.,123537,3166.32,2026-03-04T12:00:00,Shiva
7ec713ac-cb7f-4378-abbd-25d219dc003d,Hyundai i20,Karthik Sharma,+91 9998132661,hyundai_i20_8251,2025-03-26T12:00:00,Brake Service,Rear brake pads replaced and brake fluid topped up.,159731,3617.88,2025-09-26T12:00:00,Anil
3710863d-1816-47ab-9207-84279429adb3,Mahindra XUV300,Nisha Kumar,+91 8662236051,mahindra_xuv300_7824,2024-08-14T12:00:00,General Service,"Engine oil and oil filter changed, general inspection done.",50198,2519.99,2025-02-05T12:00:00,Sameer
6d095c23-d05e-4540-9d75-e616af90175d,Tata Nexon,Praveen Gupta,+91 8007311491,tata_nexon_1693,2025-09-12T12:00:00,General Service,"Engine oil and oil filter changed, general inspection done.",95016,5896.37,2026-03-24T12:00:00,Anil
7b31b65e-6917-44c8-a689-3e7890e3a01a,Hyundai Creta,Praveen Kumar,+91 8973105639,hyundai_creta_2468,2024-04-11T12:00:00,General Service,"Periodic service, fluids checked and topped up.",154527,8144.79,2024-11-09T12:00:00,Anil
e65675e3-76ae-434a-860f-bc056d2e0604,Honda City,Amit Rao,+91 9662222177,honda_city_4830,2025-08-27T12:00:00,General Service,"Engine oil and oil filter changed, general inspection done.",51665,4555.79,2026-03-27T12:00:00,Sameer
70900a2d-f423-4911-8437-e1e8adad02e4,Maruti Baleno,Arjun Mehta,+91 7879794393,maruti_baleno_2673,2023-10-30T12:00:00,Wheel Alignment & Balancing,Steering pull corrected by wheel alignment.,91715,2236.04,2024-03-08T12:00:00,Manoj
baed30d0-6b2e-44a4-b189-28b375e62cfd,Hyundai Creta,Praveen Rao,+91 9344293827,hyundai_creta_4703,2023-09-10T12:00:00,Clutch Overhaul,"Clutch slip issue fixed, release bearing replaced.",168784,21659.76,2024-06-23T12:00:00,Manoj
21a4b3b1-ea3f-404e-856a-5fa47798fc36,Maruti Baleno,Karthik Shetty,+91 8585848413,maruti_baleno_3078,2023-10-24T12:00:00,AC Repair,AC gas refilled and compressor checked.,73265,3878.33,2024-03-24T12:00:00,Shiva
f10e979d-baec-4975-82be-bf7151196fe3,Kia Seltos,Shreya Verma,+91 9388155276,kia_seltos_9106,2025-06-07T12:00:00,Wheel Alignment & Balancing,Tyre rotation and balancing performed.,32734,774.63,2025-10-04T12:00:00,Anil
9f37a2a7-6ff9-4036-9604-bb89e2ec13c4,Hyundai Creta,Arjun Reddy,+91 9051054857,hyundai_creta_9620,2024-08-17T12:00:00,Brake Service,Front brake pads and discs inspected and replaced.,164558,5499.48,2025-03-05T12:00:00,Kiran
6192437b-aa93-4101-9f8f-ea00fb9db89f,Maruti Swift,Shreya Gupta,+91 7235270376,maruti_swift_5694,2025-01-21T12:00:00,Brake Service,Front brake pads and discs inspected and replaced.,46281,2198.37,2025-05-26T12:00:00,Manoj
38299e14-9ff8-45df-8df9-79e3be884c64,Maruti Baleno,Rohan Shetty,+91 8643012850,maruti_baleno_2422,2023-04-21T12:00:00,Engine Repair,"Misfiring issue fixed, spark plugs replaced.",65914,17826.14,2024-10-20T12:00:00,Shiva
1a021368-3e87-4a5f-b3e7-6bb5e03fee98,Mahindra XUV300,Sneha Shetty,+91 9424088132,mahindra_xuv300_1864,2025-10-04T12:00:00,Brake Service,"Brake noise complaint resolved, pads adjusted.",21405,3135.48,2026-05-17T12:00:00,Shiva
fdacf2cb-b0e0-4c4f-8bc1-2bec4c5958f8,Maruti Swift,Sneha Naik,+91 9143216925,maruti_swift_5725,2024-12-04T12:00:00,AC Repair,AC gas refilled and compressor checked.,114587,5710.62,2025-04-06T12:00:00,Ramesh
16b5bb67-15ee-4bd2-87ae-69de1342224d,Mahindra XUV300,Nisha Mehta,+91 8026957770,mahindra_xuv300_5939,2024-05-05T12:00:00,Battery Replacement,Old battery replaced with new 60Ah unit.,173541,8118.51,2025-08-11T12:00:00,Deepak
a7a20e0e-1dab-4eb8-8431-63d6a4ffb77b,Hyundai Creta,Karthik Mehta,+91 9010411289,hyundai_creta_9494,2024-05-26T12:00:00,General Service,"Engine oil and oil filter changed, general inspection done.",139953,4422.58,2024-10-08T12:00:00,Kiran
3bf466dd-5018-476f-9316-f5d93992c230,Hyundai i20,Varsha Reddy,+91 8992044974,hyundai_i20_7731,2025-07-02T12:00:00,Clutch Overhaul,"Clutch slip issue fixed, release bearing replaced.",19090,16302.93,2026-11-25T12:00:00,Kiran
8c8007a4-7f16-4c51-902f-c65b66a35055,Hyundai Creta,Varsha Kumar,+91 8928247439,hyundai_creta_8062,2025-01-04T12:00:00,Brake Service,Rear brake pads replaced and brake fluid topped up.,37404,4440.71,2025-08-17T12:00:00,Shiva
ed8642e2-6daf-46ef-9d84-26d082e73c85,Honda City,Praveen Kumar,+91 8472160805,honda_city_2007,2023-05-21T12:00:00,AC Repair,AC gas refilled and compressor checked.,46851,5483.61,2023-09-14T12:00:00,Irfan
fdcdd8dd-cdf2-4d28-8a0a-c331040ea494,Hyundai Creta,Sneha Sharma,+91 8150874718,hyundai_creta_1958,2025-09-28T12:00:00,AC Repair,AC vents cleaned and cabin filter replaced.,113221,5260.29,2026-04-21T12:00:00,Sameer
949484f5-7be9-48d8-b4ba-c88edb09374b,Maruti Swift,Karthik Reddy,+91 9583294839,maruti_swift_2764,2024-11-03T12:00:00,AC Repair,AC gas refilled and compressor checked.,66367,3251.64,2025-02-22T12:00:00,Irfan
592a8374-af14-4a33-a260-eebf9946ac24,Mahindra XUV300,Sneha Reddy,+91 9179241154,mahindra_xuv300_6335,2024-07-04T12:00:00,Brake Service,"Brake noise complaint resolved, pads adjusted.",177880,4500.95,2024-10-30T12:00:00,Irfan
a7b60a5c-58d0-4a74-a270-296f7fc16779,Maruti Baleno,Karthik Naik,+91 7331076315,maruti_baleno_9994,2024-05-01T12:00:00,Wheel Alignment & Balancing,Steering pull corrected by wheel alignment.,138800,1422.27,2024-12-10T12:00:00,Ramesh
45711994-840d-4b70-b151-98e98dc3fa25,Tata Nexon,Karthik Sharma,+91 7881108950,tata_nexon_8516,2024-03-07T12:00:00,Brake Service,Front brake pads and discs inspected and replaced.,15853,3134.07,2024-06-29T12:00:00,Anil
58a7c102-c734-42e9-873a-2d736a52bca5,Hyundai i20,Shreya Rao,+91 8091827042,hyundai_i20_3227,2025-10-26T12:00:00,General Service,"Engine oil and oil filter changed, general inspection done.",171401,5963.48,2026-04-21T12:00:00,Irfan
f293380f-b54b-43b8-8bf5-81dacff871d7,Tata Nexon,Karthik Naik,+91 9215735927,tata_nexon_2118,2025-01-14T12:00:00,AC Repair,AC vents cleaned and cabin filter replaced.,173757,7549.45,2025-04-29T12:00:00,Deepak
e64dc550-e27c-46ed-a592-45cd005469ff,Kia Seltos,Nisha Naik,+91 9700282356,kia_seltos_4597,2024-06-17T12:00:00,Brake Service,Rear brake pads replaced and brake fluid topped up.,34097,2769.54,2024-10-22T12:00:00,Irfan
d4d28973-2cc7-4749-adbc-a1db33f93d56,Tata Nexon,Arjun Rao,+91 8647264562,tata_nexon_8937,2024-03-18T12:00:00,General Service,"Periodic service, fluids checked and topped up.",111922,5828.74,2024-10-11T12:00:00,Shiva
6646a78b-f42f-4988-962b-9028bab55c60,Hyundai i20,Shreya Patel,+91 9649426637,hyundai_i20_5113,2023-12-03T12:00:00,Clutch Overhaul,Clutch plate and pressure plate changed.,170242,21680.35,2025-04-10T12:00:00,Irfan
2ef718ec-8264-40b0-a374-3dadd6186c0a,Mahindra XUV300,Shreya Naik,+91 9038310865,mahindra_xuv300_7835,2025-08-06T12:00:00,General Service,Standard service with air filter cleaning and washing.,15195,2726.05,2026-03-12T12:00:00,Shiva
c453b6de-4af2-4e4b-b3f3-71460d258a93,Maruti Baleno,Karthik Mehta,+91 9208824994,maruti_baleno_5329,2025-11-10T12:00:00,General Service,"Periodic service, fluids checked and topped up.",40839,4170.54,2026-04-28T12:00:00,Ramesh
72c45502-fe60-4712-b99c-1e654aef4964,Hyundai i20,Arjun Verma,+91 9769140426,hyundai_i20_8191,2024-05-19T12:00:00,Wheel Alignment & Balancing,Tyre rotation and balancing performed.,85178,2094.42,2024-11-13T12:00:00,Anil
a4c7280b-3823-42ee-bb12-4902cf581931,Honda City,Rohan Rao,+91 7958248186,honda_city_2085,2024-05-17T12:00:00,General Service,"Engine oil and oil filter changed, general inspection done.",54920,4521.01,2024-10-29T12:00:00,Anil
97548919-244b-40a0-acd2-e6bda9961b58,Hyundai i20,Varsha Mehta,+91 7517927496,hyundai_i20_6421,2023-01-24T12:00:00,Engine Repair,"Misfiring issue fixed, spark plugs replaced.",43761,12284.92,2023-11-16T12:00:00,Manoj
8327e8db-dcf1-4ac1-b728-7403bf78c3f0,Tata Nexon,Rohan Naik,+91 9099704479,tata_nexon_1955,2025-08-04T12:00:00,General Service,"Periodic service, fluids checked and topped up.",162244,6115.35,2025-12-28T12:00:00,Manoj
c230cf77-4acd-4a05-9a1a-c09bbe63d940,Tata Nexon,Shreya Rao,+91 7196293428,tata_nexon_4426,2025-07-10T12:00:00,General Service,Standard service with air filter cleaning and washing.,33309,3891.0,2026-02-12T12:00:00,Manoj
ee32369c-a520-47b4-9767-6eb91f6bfd99,Tata Nexon,Amit Rao,+91 7312562377,tata_nexon_5198,2024-12-11T12:00:00,Brake Service,"Brake noise complaint resolved, pads adjusted.",46502,2242.24,2025-06-27T12:00:00,Sameer
8fc6fdde-5b0f-436a-bca8-657df20efa70,Hyundai i20,Varsha Kumar,+91 9076580965,hyundai_i20_6127,2025-02-04T12:00:00,Clutch Overhaul,Clutch plate and pressure plate changed.,26611,13824.63,2026-02-24T12:00:00,Deepak
74acef71-b5bb-44d7-b56d-fb808af94e5f,Honda City,Amit Shetty,+91 9109403887,honda_city_5647,2023-05-22T12:00:00,Brake Service,Front brake pads and discs inspected and replaced.,96841,3973.14,2024-01-19T12:00:00,Ramesh
7859c7ff-7d94-4d65-80db-08526173b14b,Tata Nexon,Varsha Gupta,+91 8118822337,tata_nexon_2751,2023-07-11T12:00:00,Wheel Alignment & Balancing,4-wheel alignment and balancing done.,56554,1216.71,2024-02-21T12:00:00,Kiran
d5fa6c21-9e96-4886-8077-ff499d9cf40d,Tata Nexon,Praveen Patel,+91 9020498970,tata_nexon_8073,2024-12-22T12:00:00,AC Repair,AC gas refilled and compressor checked.,173180,5006.63,2025-07-23T12:00:00,Manoj
770118ac-c7a2-499e-800e-c40cfa634d61,Honda City,Varsha Mehta,+91 9069816248,honda_city_4038,2024-06-16T12:00:00,Wheel Alignment & Balancing,Tyre rotation and balancing performed.,73943,1165.65,2024-10-31T12:00:00,Manoj
71f84ed8-d0df-4c7e-b043-490a4cbe9601,Maruti Swift,Sneha Patel,+91 9447053658,maruti_swift_9536,2025-03-20T12:00:00,Wheel Alignment & Balancing,Tyre rotation and balancing performed.,176829,2601.87,2025-11-03T12:00:00,Sameer
84d6e34a-7993-4ff7-817b-3e1a720b73a2,Mahindra XUV300,Varsha Patel,+91 9998680516,mahindra_xuv300_9592,2025-12-16T12:00:00,General Service,"Periodic service, fluids checked and topped up.",6482,2740.28,2026-05-03T12:00:00,Manoj
19c2796a-0a24-4791-853c-7d92fd658edc,Mahindra XUV300,Sneha Patel,+91 7012130633,mahindra_xuv300_7024,2024-05-06T12:00:00,General Service,"Periodic service, fluids checked and topped up.",179350,6324.7,2024-10-18T12:00:00,Deepak
c4612bdc-97cc-47e3-a942-441cdcffce58,Honda City,Amit Shetty,+91 7030985712,honda_city_4299,2023-06-21T12:00:00,Clutch Overhaul,Full clutch kit replaced.,19945,17029.68,2024-11-21T12:00:00,Shiva
a23bfef4-b394-44b5-b41b-ca2f201d5fda,Hyundai i20,Sneha Rao,+91 9758170200,hyundai_i20_3643,2025-09-27T12:00:00,AC Repair,AC vents cleaned and cabin filter replaced.,120223,4347.7,2026-04-03T12:00:00,Sameer
dde383e7-c3e0-44d3-b9ff-317d2ebc0fa6,Hyundai Creta,Rohan Gupta,+91 7899008997,hyundai_creta_8847,2025-10-30T12:00:00,Wheel Alignment & Balancing,Tyre rotation and balancing performed.,79943,2304.6,2026-06-10T12:00:00,Deepak
01606dde-b2ca-4f4a-b87c-fc3abaf00454,Hyundai Creta,Praveen Verma,+91 9732565631,hyundai_creta_8046,2023-09-15T12:00:00,Brake Service,Front brake pads and discs inspected and replaced.,70192,3289.0,2024-05-04T12:00:00,Irfan
e048c7c7-e9f5-47ab-a0e8-746cd95f2344,Mahindra XUV300,Shreya Naik,+91 8014689151,mahindra_xuv300_3424,2024-09-17T12:00:00,AC Repair,"Cooling issue fixed, condenser cleaned.",59144,4015.83,2025-02-20T12:00:00,Shiva
733f8442-e91f-4332-a23b-177a962b8aaa,Kia Seltos,Amit Gupta,+91 7291525991,kia_seltos_9194,2025-08-15T12:00:00,General Service,"Engine oil and oil filter changed, general inspection done.",23978,4576.84,2026-01-25T12:00:00,Kiran
28d7c357-bc8b-434e-bd75-d0c8dd0d7b5f,Tata Nexon,Arjun Verma,+91 7516294014,tata_nexon_8384,2024-03-25T12:00:00,Engine Repair,"Misfiring issue fixed, spark plugs replaced.",134286,14550.11,2025-06-26T12:00:00,Deepak
40a74095-1941-4d7e-9212-19d79fe73a0e,Maruti Swift,Rahul Reddy,+91 8078273064,maruti_swift_1170,2023-06-07T12:00:00,AC Repair,AC gas refilled and compressor checked.,137216,4828.81,2023-12-13T12:00:00,Anil
2d4e696a-b984-410d-880a-0c129ba79bc2,Kia Seltos,Nisha Patel,+91 9600470680,kia_seltos_2002,2026-01-07T12:00:00,Battery Replacement,Battery terminals cleaned and new battery installed.,106328,8190.59,2027-05-10T12:00:00,Kiran
48bf4138-cd25-4a43-8348-ff33c74cd123,Tata Nexon,Varsha Rao,+91 9687115340,tata_nexon_8538,2024-06-04T12:00:00,Wheel Alignment & Balancing,Steering pull corrected by wheel alignment.,141765,1351.07,2024-09-24T12:00:00,Kiran
df45bd0f-2ec0-475d-adb0-1c659f47fb8f,Kia Seltos,Rohan Gupta,+91 9134361977,kia_seltos_1377,2024-12-05T12:00:00,General Service,Standard service with air filter cleaning and washing.,157283,6669.1,2025-05-24T12:00:00,Sameer
a0c0a1a7-81f9-4ca0-a9ba-62ee4cf75046,Hyundai i20,Varsha Sharma,+91 9062282572,hyundai_i20_5811,2025-10-29T12:00:00,Brake Service,Front brake pads and discs inspected and replaced.,175271,4849.4,2026-04-19T12:00:00,Anil
48098690-90eb-4f04-b3aa-9eb3feb45589,Mahindra XUV300,Rohan Reddy,+91 9644556038,mahindra_xuv300_7794,2025-05-02T12:00:00,General Service,"Engine oil and oil filter changed, general inspection done.",88999,5540.52,2025-09-26T12:00:00,Anil
51259258-9261-404f-a241-51d8a9e3d59c,Kia Seltos,Amit Reddy,+91 7621761879,kia_seltos_8543,2024-02-06T12:00:00,Wheel Alignment & Balancing,4-wheel alignment and balancing done.,84812,1591.16,2024-09-23T12:00:00,Kiran
56da6f0e-121a-4721-b0ed-72d51ceac67b,Mahindra XUV300,Nisha Shetty,+91 9686113599,mahindra_xuv300_9231,2024-02-25T12:00:00,AC Repair,"Cooling issue fixed, condenser cleaned.",149937,4995.51,2024-09-18T12:00:00,Sameer
e5ae6e72-2043-41a1-8d0d-afb559b8a2ce,Maruti Swift,Sneha Mehta,+91 7074842837,maruti_swift_3400,2023-08-20T12:00:00,Brake Service,Rear brake pads replaced and brake fluid topped up.,100623,2069.21,2024-03-06T12:00:00,Anil
9df2570c-7c4b-411f-8b9e-52b240201765,Hyundai i20,Sneha Rao,+91 7665046607,hyundai_i20_6114,2025-03-08T12:00:00,Brake Service,Rear brake pads replaced and brake fluid topped up.,82797,2985.96,2025-10-18T12:00:00,Anil
0c920310-0aeb-4939-8948-6d4807da29a4,Mahindra XUV300,Arjun Patel,+91 9633221632,mahindra_xuv300_6318,2024-01-26T12:00:00,AC Repair,AC vents cleaned and cabin filter replaced.,161765,5355.18,2024-06-09T12:00:00,Anil
97e0f237-7c16-4316-a8bf-172b6fb70b76,Maruti Baleno,Arjun Shetty,+91 7843349270,maruti_baleno_1199,2023-12-31T12:00:00,AC Repair,AC gas refilled and compressor checked.,80563,4489.69,2024-06-28T12:00:00,Manoj
196e9513-9166-4e5a-a701-7bce17c99719,Tata Nexon,Rahul Naik,+91 7229192598,tata_nexon_1155,2025-11-21T12:00:00,Clutch Overhaul,"Clutch slip issue fixed, release bearing replaced.",98811,12317.36,2026-12-08T12:00:00,Anil
f0f854e0-257c-400d-b4cc-5e6ce0a3050f,Mahindra XUV300,Karthik Patel,+91 8548102502,mahindra_xuv300_5613,2023-10-09T12:00:00,General Service,"Engine oil and oil filter changed, general inspection done.",81490,5026.92,2024-03-07T12:00:00,Sameer
0dd0e7f5-b0b6-4b6a-9bb7-b3756741fb9a,Maruti Baleno,Praveen Kumar,+91 7911051118,maruti_baleno_9618,2023-04-19T12:00:00,Battery Replacement,Battery terminals cleaned and new battery installed.,113538,6034.86,2024-07-08T12:00:00,Sameer
b30676e6-b332-4040-b522-472bd8f3da5c,Honda City,Rohan Reddy,+91 7437166229,honda_city_4440,2023-03-26T12:00:00,General Service,Standard service with air filter cleaning and washing.,153337,7684.21,2023-08-22T12:00:00,Deepak
7e696929-6a91-481c-82c0-4c8490927b3d,Maruti Baleno,Praveen Naik,+91 7900450768,maruti_baleno_8448,2024-02-15T12:00:00,General Service,Standard service with air filter cleaning and washing.,59319,3915.88,2024-08-10T12:00:00,Sameer
e9c587fe-00fe-4407-9a05-3c1d247d901a,Maruti Swift,Rohan Kumar,+91 8210387870,maruti_swift_6521,2023-07-13T12:00:00,AC Repair,AC vents cleaned and cabin filter replaced.,53788,2557.14,2024-01-07T12:00:00,Irfan
8fd59e0d-8128-4c8e-9d54-f03b0158953c,Hyundai Creta,Varsha Naik,+91 9425148492,hyundai_creta_8932,2023-07-17T12:00:00,General Service,"Periodic service, fluids checked and topped up.",92290,5823.53,2023-12-10T12:00:00,Ramesh
7c44d759-86e6-4251-b73d-0cf38319adb4,Maruti Swift,Arjun Verma,+91 9372231913,maruti_swift_3835,2024-12-10T12:00:00,Brake Service,Front brake pads and discs inspected and replaced.,11172,1747.07,2025-07-29T12:00:00,Deepak
71838793-cf35-474a-bf83-3f249f12dcb8,Maruti Baleno,Shreya Reddy,+91 9697299821,maruti_baleno_2700,2025-08-18T12:00:00,Engine Repair,Engine overhaul and major internal components serviced.,112578,15905.96,2026-08-07T12:00:00,Ramesh
71a4d48a-80ac-4f3e-94e1-333e28fce97b,Mahindra XUV300,Rahul Patel,+91 8640279690,mahindra_xuv300_1727,2024-04-15T12:00:00,General Service,Standard service with air filter cleaning and washing.,22447,5679.39,2024-09-15T12:00:00,Sameer
ea05186d-46f2-4a73-9a89-9224a15db779,Maruti Swift,Karthik Mehta,+91 7217165572,maruti_swift_5872,2025-09-24T12:00:00,Brake Service,Front brake pads and discs inspected and replaced.,171343,3966.06,2026-04-02T12:00:00,Ramesh
4df15634-6191-4554-ab75-a6a2fa9d962b,Maruti Swift,Karthik Patel,+91 7580526759,maruti_swift_6396,2023-01-20T12:00:00,Brake Service,Front brake pads and discs inspected and replaced.,23466,1990.54,2023-09-30T12:00:00,Irfan
b2705772-ed5a-466a-a497-9b4791418c86,Hyundai i20,Rahul Rao,+91 8981278299,hyundai_i20_5156,2023-02-24T12:00:00,Clutch Overhaul,Clutch plate and pressure plate changed.,59366,13644.78,2024-04-21T12:00:00,Deepak
79b6371e-93b1-4bac-9e3f-6f631558478f,Hyundai i20,Shreya Rao,+91 8671252893,hyundai_i20_2721,2025-01-24T12:00:00,General Service,"Engine oil and oil filter changed, general inspection done.",149509,4534.66,2025-08-22T12:00:00,Ramesh
7be44b90-65da-41fb-9bc4-39b32dca0f65,Maruti Baleno,Rahul Gupta,+91 7970473349,maruti_baleno_5046,2024-08-14T12:00:00,Wheel Alignment & Balancing,4-wheel alignment and balancing done.,70275,1860.3,2025-01-18T12:00:00,Kiran
9652b83d-8b7e-4daf-82f7-77ee4fe12632,Mahindra XUV300,Praveen Sharma,+91 8888799866,mahindra_xuv300_3138,2025-01-19T12:00:00,General Service,"Engine oil and oil filter changed, general inspection done.",49561,3684.4,2025-06-14T12:00:00,Sameer
366fe2c3-c1ff-4ab0-8784-06b4de1bab9a,Maruti Baleno,Arjun Gupta,+91 8016644744,maruti_baleno_1104,2025-06-18T12:00:00,Brake Service,Front brake pads and discs inspected and replaced.,60722,2812.84,2026-01-02T12:00:00,Shiva
d78aa0e4-9212-4e98-b9a4-ba70d8fc01c4,Hyundai Creta,Shreya Patel,+91 8567134871,hyundai_creta_9521,2023-03-25T12:00:00,Brake Service,"Brake noise complaint resolved, pads adjusted.",46525,2680.22,2023-08-01T12:00:00,Ramesh
4c5081d3-7a70-4142-ab8a-4ba6c8db426f,Kia Seltos,Shreya Kumar,+91 7467843114,kia_seltos_9412,2025-03-10T12:00:00,General Service,"Engine oil and oil filter changed, general inspection done.",75796,4936.14,2025-09-09T12:00:00,Deepak
a26b1c17-2ccd-4cb2-b2e4-7ee3d39e4c8d,Hyundai Creta,Praveen Gupta,+91 8597523770,hyundai_creta_9758,2025-03-21T12:00:00,Battery Replacement,Battery terminals cleaned and new battery installed.,81784,7070.09,2026-07-24T12:00:00,Irfan
9cc9aa39-bd5d-4592-8790-3fdb84a27907,Kia Seltos,Nisha Kumar,+91 8144993632,kia_seltos_1654,2024-10-27T12:00:00,Engine Repair,Engine overhaul and major internal components serviced.,83866,21420.7,2025-06-12T12:00:00,Shiva
c21518da-edce-4840-ac92-99c7052bb290,Maruti Swift,Rahul Shetty,+91 7404937554,maruti_swift_3654,2025-10-06T12:00:00,Battery Replacement,Battery terminals cleaned and new battery installed.,77827,7250.13,2027-03-27T12:00:00,Sameer
fe527a85-c1b2-4966-9768-9247bb957550,Mahindra XUV300,Shreya Sharma,+91 7115734841,mahindra_xuv300_3486,2025-02-08T12:00:00,Clutch Overhaul,Clutch plate and pressure plate changed.,130262,27633.27,2025-11-01T12:00:00,Shiva
b7c55d2f-46c0-409d-bde3-eea97e7f534e,Maruti Baleno,Amit Mehta,+91 7194010348,maruti_baleno_8351,2025-03-05T12:00:00,Engine Repair,Engine overhaul and major internal components serviced.,126090,13441.83,2026-04-05T12:00:00,Irfan
4e624f26-e1d5-474e-b2b9-b4d55d2d541b,Maruti Swift,Rohan Rao,+91 9928995525,maruti_swift_1045,2025-03-31T12:00:00,General Service,Standard service with air filter cleaning and washing.,175805,5910.63,2025-10-13T12:00:00,Shiva
c910d412-7c37-4ff2-a287-2453a46667e5,Maruti Baleno,Arjun Mehta,+91 9585294699,maruti_baleno_4105,2024-08-19T12:00:00,General Service,Standard service with air filter cleaning and washing.,124936,5494.62,2025-01-19T12:00:00,Irfan
6b5aaa42-ee83-4d8a-a2ae-f5aa767d0c4a,Tata Nexon,Sneha Reddy,+91 9225129039,tata_nexon_1818,2025-02-15T12:00:00,AC Repair,AC gas refilled and compressor checked.,147173,5106.32,2025-10-13T12:00:00,Kiran
e48b6f1e-a19d-417d-a7e7-421ee2ca08e4,Tata Nexon,Arjun Rao,+91 9877255029,tata_nexon_8415,2025-01-16T12:00:00,Wheel Alignment & Balancing,Steering pull corrected by wheel alignment.,96207,1266.59,2025-06-18T12:00:00,Sameer
6680b4b1-a07c-4ea7-a226-638a5f78b38a,Hyundai i20,Karthik Kumar,+91 9732872841,hyundai_i20_8101,2023-03-09T12:00:00,Battery Replacement,No-start issue fixed with new battery.,130767,13131.26,2024-02-17T12:00:00,Deepak
c99ce738-9b3f-4ea1-b050-085c1d0a61d9,Maruti Baleno,Amit Kumar,+91 8902563613,maruti_baleno_2347,2025-09-24T12:00:00,AC Repair,AC gas refilled and compressor checked.,60295,1979.26,2026-03-14T12:00:00,Deepak
2ab18d27-cf3a-474a-be5c-b17e6d5e2456,Mahindra XUV300,Nisha Reddy,+91 7360461898,mahindra_xuv300_6635,2024-10-18T12:00:00,Wheel Alignment & Balancing,4-wheel alignment and balancing done.,163818,1776.15,2025-02-18T12:00:00,Deepak
a0d2f5cd-3860-4883-813c-a55c08f3bde7,Kia Seltos,Amit Reddy,+91 8391636867,kia_seltos_2214,2023-02-16T12:00:00,Brake Service,"Brake noise complaint resolved, pads adjusted.",135136,2466.5,2023-06-21T12:00:00,Irfan
ff296dc7-3858-4b7a-9fb5-fb05f366f008,Tata Nexon,Varsha Patel,+91 8433877690,tata_nexon_6801,2024-01-03T12:00:00,General Service,"Engine oil and oil filter changed, general inspection done.",32190,5464.79,2024-05-30T12:00:00,Shiva
07146d87-4b9c-4776-a62b-21b72b5969c6,Maruti Swift,Varsha Rao,+91 9774328323,maruti_swift_3812,2024-02-05T12:00:00,General Service,"Periodic service, fluids checked and topped up.",28766,3007.69,2024-07-01T12:00:00,Ramesh
2d99cbe1-2598-470c-8bf9-c482e396ef98,Maruti Swift,Praveen Mehta,+91 7932863500,maruti_swift_1282,2023-07-05T12:00:00,General Service,"Engine oil and oil filter changed, general inspection done.",86786,4902.89,2024-01-16T12:00:00,Manoj
45dd33aa-7d8d-4ffd-bc4c-112a8b8169d4,Hyundai i20,Nisha Patel,+91 8888241906,hyundai_i20_3371,2023-03-02T12:00:00,AC Repair,AC vents cleaned and cabin filter replaced.,93883,4190.53,2023-07-20T12:00:00,Sameer
924bd223-567f-4260-a0ce-e0d977ee9345,Maruti Baleno,Sneha Rao,+91 9320276548,maruti_baleno_9949,2023-06-17T12:00:00,General Service,"Engine oil and oil filter changed, general inspection done.",148855,3851.49,2024-01-08T12:00:00,Manoj
a6d75384-fafc-400d-a476-d5a84e72ad84,Maruti Baleno,Amit Kumar,+91 7879961329,maruti_baleno_1513,2025-01-24T12:00:00,AC Repair,AC vents cleaned and cabin filter replaced.,79041,2687.16,2025-10-05T12:00:00,Ramesh
0d471e30-cb3e-4850-a3d2-5c03f44c5dea,Maruti Swift,Arjun Mehta,+91 8868799726,maruti_swift_1966,2023-05-24T12:00:00,General Service,"Periodic service, fluids checked and topped up.",69264,4138.65,2023-12-05T12:00:00,Manoj
b6c4c422-1dc3-432f-987e-ea812670803f,Tata Nexon,Rohan Verma,+91 9220016870,tata_nexon_9893,2023-11-03T12:00:00,Battery Replacement,No-start issue fixed with new battery.,176816,6038.49,2025-04-22T12:00:00,Deepak
23f44424-8bef-4fd6-8049-ea62e6acfc85,Hyundai i20,Karthik Sharma,+91 7717589496,hyundai_i20_6090,2023-05-19T12:00:00,Brake Service,"Brake noise complaint resolved, pads adjusted.",142408,3215.78,2023-10-12T12:00:00,Irfan
72c87440-c23a-4056-8aa4-a4377a4a78cf,Tata Nexon,Rahul Mehta,+91 7260651479,tata_nexon_2221,2024-12-24T12:00:00,General Service,"Engine oil and oil filter changed, general inspection done.",13865,5094.9,2025-06-25T12:00:00,Manoj
ca8d5472-a00c-4938-a767-d5173e8448e1,Tata Nexon,Rahul Verma,+91 7962774632,tata_nexon_6465,2024-06-08T12:00:00,AC Repair,AC gas refilled and compressor checked.,64476,3810.25,2024-12-06T12:00:00,Ramesh
c60a19ec-3b9e-4db7-8ad0-b9a3f987a861,Hyundai i20,Praveen Patel,+91 7811655698,hyundai_i20_9139,2024-01-18T12:00:00,General Service,"Engine oil and oil filter changed, general inspection done.",162525,5300.17,2024-07-28T12:00:00,Kiran
efd4035e-14c7-4312-839b-2cc1919776fa,Hyundai Creta,Nisha Gupta,+91 7433835513,hyundai_creta_9133,2024-05-06T12:00:00,AC Repair,"Cooling issue fixed, condenser cleaned.",115346,3982.37,2024-11-06T12:00:00,Irfan
075cfdb0-967f-43b3-aff5-0a4da6c3b786,Kia Seltos,Shreya Kumar,+91 8724030689,kia_seltos_6801,2023-06-12T12:00:00,General Service,"Periodic service, fluids checked and topped up.",130875,4423.05,2024-01-19T12:00:00,Irfan
0403cfd9-4bf8-4f5a-8e79-f700fac49e73,Kia Seltos,Rohan Gupta,+91 7529209058,kia_seltos_8864,2024-10-20T12:00:00,Brake Service,"Brake noise complaint resolved, pads adjusted.",51435,2062.89,2025-06-02T12:00:00,Irfan
96d2dea6-0889-4b8b-b8bc-24e49e0cde29,Kia Seltos,Rahul Reddy,+91 9466912166,kia_seltos_1865,2023-03-14T12:00:00,AC Repair,"Cooling issue fixed, condenser cleaned.",111480,5921.8,2023-11-06T12:00:00,Deepak
917ad2e5-e11c-428e-b8dd-7195c689ce65,Kia Seltos,Nisha Reddy,+91 8139490766,kia_seltos_8560,2025-03-04T12:00:00,AC Repair,"Cooling issue fixed, condenser cleaned.",67391,2978.77,2025-10-25T12:00:00,Anil
33b57957-4b2e-4dd7-aac2-aefd72081776,Mahindra XUV300,Rahul Mehta,+91 9116616432,mahindra_xuv300_6468,2025-09-26T12:00:00,Clutch Overhaul,Clutch plate and pressure plate changed.,39096,15915.35,2026-07-23T12:00:00,Shiva
ea5e1dac-d84d-419e-a9d1-54e61636548c,Maruti Baleno,Nisha Gupta,+91 8027733031,maruti_baleno_8997,2023-08-28T12:00:00,General Service,Standard service with air filter cleaning and washing.,24400,4725.17,2024-02-19T12:00:00,Sameer
4339b240-f2df-4910-b1b8-31491f25e1e1,Maruti Baleno,Rahul Reddy,+91 7882025912,maruti_baleno_1190,2024-11-18T12:00:00,Battery Replacement,No-start issue fixed with new battery.,99337,7469.01,2026-04-21T12:00:00,Sameer
6d09dac4-8760-4c46-ba59-88b78b1dd410,Honda City,Rahul Patel,+91 7945150126,honda_city_9501,2024-04-09T12:00:00,Clutch Overhaul,"Clutch slip issue fixed, release bearing replaced.",30428,16843.8,2025-08-18T12:00:00,Kiran
a64d21af-04c7-47ca-a94f-8ea5837c2311,Hyundai i20,Nisha Sharma,+91 9975216844,hyundai_i20_6873,2025-12-07T12:00:00,Brake Service,Front brake pads and discs inspected and replaced.,44695,3961.48,2026-06-17T12:00:00,Irfan
e6fbeea5-1959-4dcd-92ca-3533ef67fecb,Maruti Baleno,Shreya Reddy,+91 7859788171,maruti_baleno_1334,2025-01-16T12:00:00,General Service,"Engine oil and oil filter changed, general inspection done.",96758,4529.29,2025-07-23T12:00:00,Manoj
61733d5e-f086-4f15-8d30-e067dd062469,Maruti Baleno,Nisha Verma,+91 7678051852,maruti_baleno_4933,2025-03-12T12:00:00,General Service,"Periodic service, fluids checked and topped up.",115730,3167.69,2025-08-10T12:00:00,Deepak
acd25941-446f-48fd-a059-d046fc51d5f8,Honda City,Karthik Kumar,+91 8019250566,honda_city_2867,2023-02-27T12:00:00,Wheel Alignment & Balancing,4-wheel alignment and balancing done.,50571,871.72,2023-07-31T12:00:00,Deepak
8a0e8fdd-c6be-427f-9d7a-b027dcd54998,Maruti Baleno,Nisha Gupta,+91 7296216405,maruti_baleno_4536,2024-02-21T12:00:00,Engine Repair,Timing belt replaced and engine tuned.,121755,11063.62,2025-04-27T12:00:00,Ramesh
1b25047b-94ba-4407-a520-b3b79d5d6527,Maruti Baleno,Karthik Naik,+91 9124165529,maruti_baleno_8300,2025-04-26T12:00:00,Brake Service,Rear brake pads replaced and brake fluid topped up.,121733,4507.49,2025-11-17T12:00:00,Manoj
7b88a753-aa07-4767-8239-0f4b03ffa130,Mahindra XUV300,Nisha Naik,+91 8644558268,mahindra_xuv300_5895,2024-04-05T12:00:00,General Service,Standard service with air filter cleaning and washing.,88529,5865.02,2024-08-19T12:00:00,Irfan
535049be-3d8a-45fe-bbcf-05732615483d,Honda City,Sneha Sharma,+91 7691534964,honda_city_9976,2023-10-24T12:00:00,Wheel Alignment & Balancing,Tyre rotation and balancing performed.,22904,840.36,2024-06-03T12:00:00,Deepak
79783213-a31b-4e08-9d58-1aa77ef2f827,Maruti Baleno,Shreya Rao,+91 7184594177,maruti_baleno_1502,2025-04-21T12:00:00,Battery Replacement,Battery terminals cleaned and new battery installed.,138563,9166.03,2026-06-12T12:00:00,Deepak
6882735e-6483-452a-b84f-1dd1ca313732,Mahindra XUV300,Sneha Kumar,+91 9848560903,mahindra_xuv300_9918,2025-04-27T12:00:00,General Service,"Engine oil and oil filter changed, general inspection done.",71280,6747.76,2025-10-18T12:00:00,Sameer
88935aa1-94da-4013-b8bf-72db3a487e54,Mahindra XUV300,Rahul Gupta,+91 7644027670,mahindra_xuv300_3144,2023-07-03T12:00:00,General Service,"Engine oil and oil filter changed, general inspection done.",86229,6011.15,2023-12-05T12:00:00,Irfan
dda2173f-8ff7-4505-97f9-5ae56bbf0d29,Hyundai Creta,Arjun Verma,+91 7977281922,hyundai_creta_5002,2023-06-30T12:00:00,General Service,"Periodic service, fluids checked and topped up.",84041,2912.82,2023-12-19T12:00:00,Sameer
dfd3853c-48a4-4add-89bc-02095ef652ea,Hyundai i20,Rahul Naik,+91 9067755028,hyundai_i20_7137,2023-06-25T12:00:00,AC Repair,AC vents cleaned and cabin filter replaced.,133140,4309.51,2024-02-03T12:00:00,Deepak
686c2f54-3107-4292-a8e8-ba5f70b2dcc5,Hyundai i20,Praveen Naik,+91 7852877602,hyundai_i20_6797,2024-02-26T12:00:00,General Service,"Engine oil and oil filter changed, general inspection done.",162497,3389.73,2024-10-07T12:00:00,Shiva
dd498b24-e658-492d-af14-cd4a4ac3977b,Honda City,Amit Mehta,+91 7563311713,honda_city_1465,2024-04-08T12:00:00,Battery Replacement,Battery terminals cleaned and new battery installed.,46363,7156.36,2025-08-23T12:00:00,Shiva
4a854748-2ca2-44b0-8526-a2f741536c70,Mahindra XUV300,Varsha Rao,+91 7832451149,mahindra_xuv300_2867,2023-08-16T12:00:00,General Service,Standard service with air filter cleaning and washing.,106028,5123.41,2024-01-15T12:00:00,Kiran
a70ebce0-cbf3-4199-b1a5-d88480ce5110,Maruti Swift,Praveen Kumar,+91 9848530615,maruti_swift_5339,2024-08-31T12:00:00,AC Repair,"Cooling issue fixed, condenser cleaned.",63675,5051.7,2025-03-19T12:00:00,Kiran
852dee46-ff1e-4fcb-842b-fa840c3ed7a0,Kia Seltos,Rahul Sharma,+91 9759179570,kia_seltos_7355,2025-09-28T12:00:00,Wheel Alignment & Balancing,Steering pull corrected by wheel alignment.,17712,1902.09,2026-04-29T12:00:00,Kiran
807f6a81-6d89-453d-92d9-c19ac4c856f8,Mahindra XUV300,Varsha Patel,+91 7923957182,mahindra_xuv300_7538,2026-01-08T12:00:00,General Service,"Periodic service, fluids checked and topped up.",53723,5056.1,2026-08-11T12:00:00,Deepak
74bde684-679b-4670-a108-007e2a5bdb4e,Maruti Baleno,Nisha Naik,+91 8903473963,maruti_baleno_4647,2024-04-02T12:00:00,Wheel Alignment & Balancing,Steering pull corrected by wheel alignment.,111745,931.96,2024-11-26T12:00:00,Deepak
c5327bc3-41a7-4b9a-b6d7-73cf4acfdba5,Maruti Baleno,Varsha Gupta,+91 8704247447,maruti_baleno_4771,2024-03-15T12:00:00,AC Repair,AC gas refilled and compressor checked.,63675,3873.26,2024-10-03T12:00:00,Manoj
537ffde2-0094-47bb-850a-e3bb0900d74a,Kia Seltos,Karthik Mehta,+91 7238326131,kia_seltos_3880,2024-03-13T12:00:00,General Service,"Periodic service, fluids checked and topped up.",57155,3198.63,2024-07-28T12:00:00,Irfan
5edbee68-c4c7-4a81-bcdc-3018152c686f,Maruti Baleno,Varsha Gupta,+91 7123868481,maruti_baleno_8808,2024-06-07T12:00:00,Brake Service,"Brake noise complaint resolved, pads adjusted.",115920,3211.97,2024-12-09T12:00:00,Ramesh
6adc5f38-8062-4df0-9b83-b023323c7fd8,Maruti Swift,Arjun Rao,+91 8157971864,maruti_swift_4932,2023-10-18T12:00:00,Brake Service,Front brake pads and discs inspected and replaced.,18681,2478.05,2024-02-13T12:00:00,Manoj
f0a33ffc-19b6-48bf-9aa0-9abcf9c4b6b4,Kia Seltos,Amit Kumar,+91 9084806597,kia_seltos_8788,2025-09-02T12:00:00,Brake Service,"Brake noise complaint resolved, pads adjusted.",57024,2736.82,2026-01-11T12:00:00,Ramesh
4de0dcca-c34a-4a6c-a545-2e85d13ef093,Tata Nexon,Rohan Reddy,+91 7336399239,tata_nexon_6916,2024-04-29T12:00:00,General Service,"Periodic service, fluids checked and topped up.",126450,4366.79,2024-10-23T12:00:00,Anil
fe0ff085-9aa1-472e-9b6e-5883c14e77a4,Hyundai i20,Amit Sharma,+91 9699986202,hyundai_i20_1798,2024-07-03T12:00:00,AC Repair,AC gas refilled and compressor checked.,6533,2844.61,2025-01-19T12:00:00,Kiran
ee612c80-9594-484b-a79b-5cecc98e09ea,Hyundai Creta,Rahul Gupta,+91 8356191803,hyundai_creta_8156,2023-04-27T12:00:00,Battery Replacement,Battery terminals cleaned and new battery installed.,91736,5245.86,2024-03-25T12:00:00,Ramesh
1c361f41-2055-432b-9b88-95ed88218dfe,Tata Nexon,Shreya Mehta,+91 7130765861,tata_nexon_6861,2023-01-22T12:00:00,Brake Service,Rear brake pads replaced and brake fluid topped up.,73943,2251.37,2023-08-04T12:00:00,Irfan
b6dbd141-6154-482a-b729-68b6ea097b97,Hyundai i20,Arjun Rao,+91 8970551068,hyundai_i20_7192,2026-01-07T12:00:00,Brake Service,Front brake pads and discs inspected and replaced.,28968,2267.15,2026-07-28T12:00:00,Ramesh
773f6704-3cdd-4be8-8c98-dce7c7146455,Kia Seltos,Arjun Gupta,+91 8156844694,kia_seltos_2280,2025-04-13T12:00:00,General Service,"Engine oil and oil filter changed, general inspection done.",80173,5581.79,2025-08-28T12:00:00,Kiran
12685c95-4120-4822-ac91-3a757c8a03df,Honda City,Praveen Kumar,+91 9469356691,honda_city_8062,2025-12-18T12:00:00,Brake Service,Front brake pads and discs inspected and replaced.,24276,3406.29,2026-08-28T12:00:00,Kiran
f87a30aa-9e10-4687-972d-f854fd198739,Kia Seltos,Arjun Patel,+91 7619803705,kia_seltos_4121,2024-11-10T12:00:00,Brake Service,Rear brake pads replaced and brake fluid topped up.,74456,3795.07,2025-06-25T12:00:00,Kiran
664e9988-9379-4f41-9386-9c0603e0971e,Hyundai Creta,Shreya Naik,+91 7448477333,hyundai_creta_4823,2023-08-20T12:00:00,Brake Service,"Brake noise complaint resolved, pads adjusted.",99339,2969.48,2024-01-25T12:00:00,Shiva
c3be3a75-318d-49f0-819d-721a8954915b,Mahindra XUV300,Praveen Verma,+91 8695923026,mahindra_xuv300_1992,2023-05-19T12:00:00,General Service,Standard service with air filter cleaning and washing.,11175,4305.93,2023-10-14T12:00:00,Manoj
5f1134b3-137a-495b-b1e7-fb5372257cb6,Mahindra XUV300,Varsha Rao,+91 9784275094,mahindra_xuv300_2165,2024-02-13T12:00:00,General Service,"Periodic service, fluids checked and topped up.",56738,4495.79,2024-07-18T12:00:00,Irfan
9b83639d-ebdb-4246-99e3-da160b70d5ef,Honda City,Shreya Kumar,+91 9409874584,honda_city_1054,2025-04-18T12:00:00,Wheel Alignment & Balancing,Tyre rotation and balancing performed.,18127,1153.54,2025-09-26T12:00:00,Deepak
fcc309a1-c76e-446f-b23c-de1b1100df4d,Honda City,Rohan Patel,+91 8056341626,honda_city_9967,2023-03-27T12:00:00,Wheel Alignment & Balancing,Steering pull corrected by wheel alignment.,102503,1892.92,2023-07-23T12:00:00,Shiva
1f3b1d0a-b3d9-40e4-8ff8-86b62901d6fe,Mahindra XUV300,Amit Mehta,+91 7520509647,mahindra_xuv300_2574,2024-10-05T12:00:00,General Service,Standard service with air filter cleaning and washing.,96727,4467.09,2025-04-26T12:00:00,Ramesh
d17aded5-7829-4e32-bc9e-af7cc63eac44,Maruti Swift,Sneha Naik,+91 7894772146,maruti_swift_8988,2025-03-29T12:00:00,Wheel Alignment & Balancing,Tyre rotation and balancing performed.,124762,874.58,2025-08-20T12:00:00,Anil
fc844789-2cdb-42e0-95eb-c8c572b2a078,Maruti Baleno,Varsha Verma,+91 8903510551,maruti_baleno_2684,2024-03-18T12:00:00,Brake Service,Front brake pads and discs inspected and replaced.,140703,4910.5,2024-07-12T12:00:00,Shiva
c7139e64-4b10-4e53-aac4-c6c362ecd374,Mahindra XUV300,Arjun Sharma,+91 7221800808,mahindra_xuv300_7223,2024-06-23T12:00:00,AC Repair,AC gas refilled and compressor checked.,118252,4981.41,2024-10-10T12:00:00,Sameer
ff51a64f-9b2d-48ef-ba2b-ee6968a49824,Tata Nexon,Shreya Shetty,+91 7090640154,tata_nexon_7311,2025-10-26T12:00:00,General Service,"Periodic service, fluids checked and topped up.",86857,4629.41,2026-03-31T12:00:00,Sameer
b68d91ab-fa8e-4c07-9ec0-94b9a1b74271,Tata Nexon,Karthik Mehta,+91 8582363543,tata_nexon_6653,2023-04-26T12:00:00,General Service,"Periodic service, fluids checked and topped up.",20614,4089.71,2023-09-13T12:00:00,Deepak
25394c92-6c69-4bb4-b00c-ac1a5e902374,Maruti Baleno,Karthik Gupta,+91 8470680511,maruti_baleno_2455,2023-02-16T12:00:00,AC Repair,"Cooling issue fixed, condenser cleaned.",107733,5646.65,2023-07-08T12:00:00,Kiran
d69d6f5a-7805-44d7-bcec-0e8e371d07ce,Hyundai i20,Sneha Patel,+91 9282540783,hyundai_i20_9414,2024-03-13T12:00:00,Wheel Alignment & Balancing,Tyre rotation and balancing performed.,9676,754.06,2024-11-07T12:00:00,Anil
1e755171-4c69-463b-b893-61f70e427de7,Honda City,Amit Gupta,+91 9869198436,honda_city_8971,2023-11-09T12:00:00,AC Repair,AC vents cleaned and cabin filter replaced.,24799,3916.59,2024-06-10T12:00:00,Deepak
6e186afe-1e10-4a90-ae43-32f2b0016437,Honda City,Rohan Gupta,+91 8428021885,honda_city_1577,2025-01-22T12:00:00,General Service,"Engine oil and oil filter changed, general inspection done.",97964,4103.13,2025-07-19T12:00:00,Manoj
366b1035-b9e8-4e9b-b351-6677257604f4,Kia Seltos,Praveen Sharma,+91 8374029132,kia_seltos_4217,2023-03-29T12:00:00,Clutch Overhaul,"Clutch slip issue fixed, release bearing replaced.",65863,11888.02,2024-06-12T12:00:00,Anil
ad2879ef-f10b-497e-b258-88d02dbe21a8,Kia Seltos,Arjun Sharma,+91 8811841483,kia_seltos_7648,2023-08-07T12:00:00,AC Repair,AC vents cleaned and cabin filter replaced.,173522,4833.34,2024-01-29T12:00:00,Shiva
1ddc0278-371d-46bd-aceb-b2ebbbc2e38b,Honda City,Praveen Naik,+91 9905677055,honda_city_8062,2025-06-18T12:00:00,AC Repair,AC gas refilled and compressor checked.,83571,5810.38,2025-12-11T12:00:00,Anil
700c4756-58b3-44ab-82b9-c89ed311bc17,Hyundai Creta,Nisha Gupta,+91 9939822527,hyundai_creta_1477,2024-06-22T12:00:00,Brake Service,"Brake noise complaint resolved, pads adjusted.",165069,4032.57,2025-01-22T12:00:00,Kiran
1042349a-67f0-40a6-92c1-b39e6d5d0edc,Kia Seltos,Shreya Mehta,+91 8333727396,kia_seltos_9105,2025-06-14T12:00:00,General Service,Standard service with air filter cleaning and washing.,6092,3949.05,2025-11-16T12:00:00,Anil
52ed448d-ed06-45b1-82ae-ea164c44b1cd,Maruti Swift,Arjun Reddy,+91 9457923180,maruti_swift_9095,2023-04-14T12:00:00,Wheel Alignment & Balancing,Steering pull corrected by wheel alignment.,152333,1487.08,2023-11-23T12:00:00,Sameer
ab5bac55-c7ca-4ee5-a86a-5bd3c554f040,Hyundai i20,Sneha Naik,+91 9260974549,hyundai_i20_4148,2024-11-30T12:00:00,Clutch Overhaul,Full clutch kit replaced.,67816,13164.88,2026-01-12T12:00:00,Irfan
187be480-0a8d-442e-8d61-5445bae2d06c,Kia Seltos,Karthik Kumar,+91 8689025538,kia_seltos_7973,2025-08-30T12:00:00,General Service,"Engine oil and oil filter changed, general inspection done.",104909,4391.09,2026-02-07T12:00:00,Shiva
b6efd9b3-6999-420e-a1d4-e00e07eb1667,Honda City,Arjun Gupta,+91 8818919974,honda_city_5399,2025-04-10T12:00:00,General Service,"Periodic service, fluids checked and topped up.",111842,4683.87,2025-10-10T12:00:00,Irfan
4b1a776e-27c0-4acf-97e5-19c3daae0859,Kia Seltos,Rahul Rao,+91 8059208584,kia_seltos_7033,2024-10-22T12:00:00,AC Repair,AC vents cleaned and cabin filter replaced.,68674,3549.86,2025-06-10T12:00:00,Manoj
80457773-139e-4abd-afb5-cf9727187f63,Maruti Baleno,Sneha Reddy,+91 9301620258,maruti_baleno_6458,2023-02-18T12:00:00,Brake Service,"Brake noise complaint resolved, pads adjusted.",45933,1789.26,2023-10-12T12:00:00,Irfan
078a112a-3baa-4378-a5a9-89c43a32c7a8,Hyundai i20,Rohan Rao,+91 9867479171,hyundai_i20_4265,2023-10-24T12:00:00,Wheel Alignment & Balancing,4-wheel alignment and balancing done.,10800,1093.32,2024-06-08T12:00:00,Deepak
2235a72e-8d5e-4cca-8332-cbb8d5066e3f,Tata Nexon,Arjun Naik,+91 9412782713,tata_nexon_9243,2024-07-01T12:00:00,AC Repair,"Cooling issue fixed, condenser cleaned.",121254,6562.2,2025-01-03T12:00:00,Kiran
b126ddf1-2a5f-4b7f-a0cd-c7587b23264b,Mahindra XUV300,Varsha Mehta,+91 9170274039,mahindra_xuv300_1804,2024-06-30T12:00:00,Brake Service,Rear brake pads replaced and brake fluid topped up.,87824,5156.94,2024-11-20T12:00:00,Sameer
259643b3-91d7-4c25-89ec-38803ea04316,Hyundai Creta,Karthik Kumar,+91 8279750403,hyundai_creta_6549,2025-07-17T12:00:00,Engine Repair,Timing belt replaced and engine tuned.,123470,12445.88,2026-08-16T12:00:00,Shiva
11ee04fc-57ef-44bc-aed6-610db43d18aa,Tata Nexon,Varsha Naik,+91 8724283909,tata_nexon_1370,2024-06-05T12:00:00,AC Repair,AC vents cleaned and cabin filter replaced.,71728,3070.44,2025-01-31T12:00:00,Anil
2d2e5f83-62f7-41c3-b943-1909ebabc5de,Maruti Baleno,Arjun Rao,+91 9094857054,maruti_baleno_9282,2023-09-08T12:00:00,Wheel Alignment & Balancing,Steering pull corrected by wheel alignment.,5833,627.73,2024-02-03T12:00:00,Kiran
ced0532f-5581-47b1-a740-d37abee8c7ff,Kia Seltos,Sneha Patel,+91 8952839152,kia_seltos_4295,2025-01-04T12:00:00,General Service,Standard service with air filter cleaning and washing.,148399,6702.85,2025-07-18T12:00:00,Deepak
67e396dd-d973-4885-b208-12f473d8c59d,Hyundai Creta,Sneha Shetty,+91 9919594381,hyundai_creta_3396,2025-05-05T12:00:00,Brake Service,Rear brake pads replaced and brake fluid topped up.,144884,4605.84,2026-01-13T12:00:00,Kiran
a6406d84-618c-4184-ba06-e9eb31668d20,Hyundai i20,Arjun Kumar,+91 8563182208,hyundai_i20_6503,2023-12-01T12:00:00,Brake Service,Front brake pads and discs inspected and replaced.,40646,2238.84,2024-04-24T12:00:00,Deepak
4b40cfad-2545-4236-b963-18e94fa026bc,Hyundai i20,Rohan Kumar,+91 7382161451,hyundai_i20_4744,2023-06-01T12:00:00,Battery Replacement,Battery terminals cleaned and new battery installed.,102523,5777.72,2024-02-03T12:00:00,Anil
7ea1e7df-e846-4e7e-a81a-f5474e54a3b0,Honda City,Praveen Mehta,+91 9175033143,honda_city_9286,2024-12-12T12:00:00,AC Repair,AC vents cleaned and cabin filter replaced.,19273,3565.74,2025-07-04T12:00:00,Ramesh
1116edbe-6d89-444e-b131-61015d872b92,Maruti Swift,Amit Kumar,+91 9251196190,maruti_swift_9647,2025-03-14T12:00:00,AC Repair,AC gas refilled and compressor checked.,141729,3194.92,2025-09-02T12:00:00,Kiran
5cc9761e-0ba6-4bee-8100-d8a8ce190c56,Kia Seltos,Karthik Rao,+91 9650250620,kia_seltos_2110,2025-03-19T12:00:00,Brake Service,Rear brake pads replaced and brake fluid topped up.,125043,4818.03,2025-11-20T12:00:00,Kiran
9e8fe911-4f12-4f80-9621-93724d6e2ad4,Tata Nexon,Rohan Naik,+91 9244278292,tata_nexon_5645,2023-05-10T12:00:00,Clutch Overhaul,Full clutch kit replaced.,156681,23322.84,2024-09-14T12:00:00,Irfan
c6b5a850-35b9-468f-a1b3-80c1b4a8b704,Kia Seltos,Shreya Shetty,+91 9794396996,kia_seltos_7635,2023-02-17T12:00:00,General Service,"Periodic service, fluids checked and topped up.",23716,3146.48,2023-07-28T12:00:00,Deepak
8b5fa52c-0ab5-4e94-852c-9df07fccd8bc,Tata Nexon,Varsha Naik,+91 8473050185,tata_nexon_7393,2025-10-01T12:00:00,General Service,"Periodic service, fluids checked and topped up.",59991,3804.18,2026-03-10T12:00:00,Kiran
d71c3138-fc9d-4e6a-a227-bd8c5c5d8393,Tata Nexon,Varsha Rao,+91 7468791625,tata_nexon_8765,2023-09-17T12:00:00,Engine Repair,"Misfiring issue fixed, spark plugs replaced.",37361,12147.67,2025-02-23T12:00:00,Anil
29a70686-4498-4249-869d-4ea4d86eed3f,Hyundai Creta,Sneha Rao,+91 7708841937,hyundai_creta_6852,2025-09-30T12:00:00,AC Repair,"Cooling issue fixed, condenser cleaned.",168927,6087.6,2026-05-30T12:00:00,Irfan
aa614022-c169-40ac-9674-7942c9604a64,Tata Nexon,Karthik Naik,+91 7925469422,tata_nexon_8857,2025-11-11T12:00:00,Engine Repair,Timing belt replaced and engine tuned.,36727,21528.21,2026-07-12T12:00:00,Shiva
db5766e9-0302-4718-aec2-09f29cd34724,Hyundai Creta,Amit Shetty,+91 9595999434,hyundai_creta_8216,2024-04-29T12:00:00,General Service,Standard service with air filter cleaning and washing.,28476,3357.69,2024-10-09T12:00:00,Manoj
d80f2f1e-31df-4ed2-b6df-ada9df4c4e48,Tata Nexon,Arjun Reddy,+91 9873142357,tata_nexon_8737,2023-04-18T12:00:00,General Service,"Engine oil and oil filter changed, general inspection done.",95115,4465.78,2023-11-03T12:00:00,Shiva
ef1614ed-6174-45fd-938a-193f0839e8f8,Hyundai i20,Sneha Rao,+91 9658793563,hyundai_i20_6064,2025-02-26T12:00:00,General Service,"Periodic service, fluids checked and topped up.",7313,2405.72,2025-09-14T12:00:00,Deepak
ff109e2f-a68b-4e7c-b143-68825749634f,Mahindra XUV300,Sneha Gupta,+91 7305095069,mahindra_xuv300_3315,2023-10-19T12:00:00,AC Repair,AC gas refilled and compressor checked.,135849,5515.78,2024-03-29T12:00:00,Shiva
66458735-ffac-404a-a339-20a5dfbeb61e,Mahindra XUV300,Karthik Patel,+91 8659661527,mahindra_xuv300_9088,2024-10-13T12:00:00,Wheel Alignment & Balancing,4-wheel alignment and balancing done.,16369,673.78,2025-03-03T12:00:00,Deepak
48808529-c437-4b41-95e6-1336bbb8bf47,Honda City,Arjun Rao,+91 8968819046,honda_city_9878,2023-08-20T12:00:00,Brake Service,"Brake noise complaint resolved, pads adjusted.",143081,4271.27,2023-12-25T12:00:00,Deepak
cc58c00d-14c1-4130-a1d3-47bb68396dbf,Honda City,Praveen Sharma,+91 8226206335,honda_city_3066,2024-03-29T12:00:00,Battery Replacement,Battery terminals cleaned and new battery installed.,6795,4444.48,2025-04-21T12:00:00,Kiran
72c50fb7-2bae-4a15-8a34-35582e613a37,Hyundai i20,Praveen Reddy,+91 9202469277,hyundai_i20_8540,2024-06-06T12:00:00,Wheel Alignment & Balancing,Steering pull corrected by wheel alignment.,96736,2582.86,2024-11-24T12:00:00,Irfan
8a2ab5ba-d8d3-4659-a718-b5b68081a82c,Mahindra XUV300,Shreya Gupta,+91 9199673966,mahindra_xuv300_3996,2023-10-26T12:00:00,General Service,"Periodic service, fluids checked and topped up.",58656,3969.18,2024-05-24T12:00:00,Deepak
37cbf3d3-eb74-4f3c-bbd2-92122196740b,Tata Nexon,Sneha Sharma,+91 8338709784,tata_nexon_6548,2025-05-22T12:00:00,AC Repair,"Cooling issue fixed, condenser cleaned.",115226,5700.59,2025-10-16T12:00:00,Anil
2039e9af-c852-4830-a173-15cf1537b787,Maruti Baleno,Rahul Verma,+91 8717757426,maruti_baleno_7378,2025-03-21T12:00:00,AC Repair,"Cooling issue fixed, condenser cleaned.",30992,1981.72,2025-08-24T12:00:00,Anil
0b57b621-8752-477e-9b36-07e7213333de,Tata Nexon,Rohan Patel,+91 7606959233,tata_nexon_6471,2023-12-28T12:00:00,Battery Replacement,Old battery replaced with new 60Ah unit.,77041,4004.79,2024-08-18T12:00:00,Irfan
f6d2ce78-e982-406e-ae60-da1f7adfa5a6,Tata Nexon,Sneha Reddy,+91 8814373228,tata_nexon_8238,2024-07-04T12:00:00,General Service,Standard service with air filter cleaning and washing.,138656,3998.94,2024-11-16T12:00:00,Irfan
f159bddc-289d-436b-bc17-97776cb1de6a,Hyundai Creta,Shreya Shetty,+91 9451890285,hyundai_creta_2431,2023-09-19T12:00:00,Battery Replacement,No-start issue fixed with new battery.,55637,4048.54,2024-09-09T12:00:00,Manoj
095f4d40-d7fe-4a0f-9270-3f0d011d9f44,Hyundai i20,Nisha Kumar,+91 9619928978,hyundai_i20_2685,2023-08-19T12:00:00,AC Repair,AC vents cleaned and cabin filter replaced.,158811,3445.57,2024-04-07T12:00:00,Shiva
ebe741f9-e17a-4cc4-800d-c13314339076,Honda City,Rohan Rao,+91 8359403654,honda_city_5922,2024-03-24T12:00:00,Wheel Alignment & Balancing,Tyre rotation and balancing performed.,140996,1244.33,2024-10-27T12:00:00,Kiran
48ef8ec1-4ed2-499c-873d-9d79d5730c77,Hyundai i20,Rohan Patel,+91 7817778355,hyundai_i20_1908,2025-01-04T12:00:00,Brake Service,Front brake pads and discs inspected and replaced.,119044,3521.96,2025-07-27T12:00:00,Irfan
c30a0675-d17f-4afd-8b5b-dd9deb8eb2cb,Maruti Swift,Karthik Mehta,+91 9655220410,maruti_swift_4731,2025-08-14T12:00:00,Wheel Alignment & Balancing,Tyre rotation and balancing performed.,150054,1362.54,2025-12-22T12:00:00,Kiran
5d471c02-d963-43f1-84c2-1d9e8cb5d216,Honda City,Nisha Sharma,+91 8921675739,honda_city_1938,2025-06-20T12:00:00,General Service,"Engine oil and oil filter changed, general inspection done.",91887,4306.92,2025-11-28T12:00:00,Ramesh
4a954b01-f4dc-45a9-8dda-c4d7bd6aaff5,Maruti Baleno,Rahul Verma,+91 8297661248,maruti_baleno_2297,2023-04-01T12:00:00,Wheel Alignment & Balancing,Tyre rotation and balancing performed.,38713,1508.96,2023-10-06T12:00:00,Manoj
cca2e97d-5b52-492b-8648-cd1839f228e9,Tata Nexon,Shreya Gupta,+91 7123491576,tata_nexon_5348,2024-01-26T12:00:00,Wheel Alignment & Balancing,Tyre rotation and balancing performed.,11372,1497.58,2024-08-20T12:00:00,Irfan
fb3e82b8-1617-4e54-8b52-8bdbf88b9057,Maruti Baleno,Shreya Shetty,+91 7767903041,maruti_baleno_4654,2025-11-23T12:00:00,Clutch Overhaul,Full clutch kit replaced.,29959,16196.79,2027-03-19T12:00:00,Manoj
a4bacefa-b9ec-49e7-b56b-e00586fb9a00,Tata Nexon,Praveen Patel,+91 9082044021,tata_nexon_1084,2025-05-09T12:00:00,AC Repair,AC gas refilled and compressor checked.,34533,3688.32,2026-01-13T12:00:00,Anil
650d947a-5915-4a8f-bc56-c413ba887bd6,Hyundai i20,Varsha Kumar,+91 8546716352,hyundai_i20_7668,2023-12-31T12:00:00,Clutch Overhaul,"Clutch slip issue fixed, release bearing replaced.",79634,14140.28,2025-03-17T12:00:00,Deepak
f4c13a71-7b35-47e7-aff6-dfb4a59e0456,Hyundai i20,Rohan Patel,+91 7946260562,hyundai_i20_7651,2024-12-24T12:00:00,Wheel Alignment & Balancing,Steering pull corrected by wheel alignment.,56050,1510.99,2025-08-01T12:00:00,Anil
279aa0c4-5d41-4322-8adf-410b08d83dc8,Maruti Swift,Praveen Reddy,+91 7603353702,maruti_swift_8561,2024-09-17T12:00:00,Battery Replacement,Old battery replaced with new 60Ah unit.,84622,7648.43,2025-06-27T12:00:00,Ramesh
b543653f-058b-4c13-8c61-8f2d996e2e1b,Honda City,Karthik Shetty,+91 7598374618,honda_city_5210,2023-12-21T12:00:00,General Service,"Engine oil and oil filter changed, general inspection done.",71516,4585.32,2024-05-09T12:00:00,Anil
02d99f51-cc67-450f-aaaa-6e1438804f83,Maruti Baleno,Rahul Kumar,+91 7076387689,maruti_baleno_6958,2023-10-21T12:00:00,General Service,"Engine oil and oil filter changed, general inspection done.",145440,5489.26,2024-04-09T12:00:00,Sameer
2edd9c11-262a-4c27-93bb-6ddc6b8ace0c,Hyundai i20,Karthik Sharma,+91 7919445369,hyundai_i20_4987,2023-04-21T12:00:00,AC Repair,AC vents cleaned and cabin filter replaced.,133747,4385.12,2023-11-16T12:00:00,Ramesh
26a4c5c9-4055-4ab9-9a10-a7dcc31c0be4,Maruti Swift,Rohan Sharma,+91 9334521328,maruti_swift_8709,2024-09-01T12:00:00,Wheel Alignment & Balancing,4-wheel alignment and balancing done.,65424,1974.57,2025-01-25T12:00:00,Anil
93948b98-c5ef-4460-87c6-82a64d40a615,Maruti Swift,Sneha Reddy,+91 9347666608,maruti_swift_3164,2025-01-17T12:00:00,AC Repair,AC vents cleaned and cabin filter replaced.,85430,3052.35,2025-06-18T12:00:00,Manoj
c052fa1b-9a3a-4577-a405-960fea2ac138,Maruti Swift,Arjun Kumar,+91 7156042007,maruti_swift_3394,2025-10-13T12:00:00,Battery Replacement,No-start issue fixed with new battery.,19849,5021.84,2026-08-13T12:00:00,Manoj
bafca41b-d01e-4ad5-a18c-d4e5ffff2007,Honda City,Shreya Rao,+91 7939060605,honda_city_4053,2025-02-08T12:00:00,Brake Service,Front brake pads and discs inspected and replaced.,30341,1736.44,2025-08-25T12:00:00,Shiva
3ed5a038-1f03-4360-9298-25b53ee58252,Honda City,Praveen Rao,+91 9498064647,honda_city_9855,2024-04-14T12:00:00,General Service,Standard service with air filter cleaning and washing.,117081,4739.98,2024-11-13T12:00:00,Irfan
a5fc9d46-9b41-4026-a93f-988e819074ef,Kia Seltos,Varsha Shetty,+91 8151256377,kia_seltos_1577,2025-03-27T12:00:00,Brake Service,Rear brake pads replaced and brake fluid topped up.,116703,4831.56,2025-08-27T12:00:00,Manoj
4fa62c9c-1998-452b-a12f-aa8edaf234bb,Kia Seltos,Amit Reddy,+91 7615147318,kia_seltos_5527,2023-03-17T12:00:00,Wheel Alignment & Balancing,Steering pull corrected by wheel alignment.,113077,2208.7,2023-08-01T12:00:00,Sameer
bd88ef94-89ef-4d63-839a-c6b8cb3c59ed,Honda City,Sneha Patel,+91 9593306178,honda_city_5567,2023-05-21T12:00:00,General Service,"Periodic service, fluids checked and topped up.",32572,2998.99,2023-12-09T12:00:00,Deepak
2be02ad8-2d12-4010-885d-dee8123cf79b,Maruti Baleno,Sneha Reddy,+91 7593519005,maruti_baleno_1185,2025-06-04T12:00:00,General Service,"Periodic service, fluids checked and topped up.",85500,6094.74,2025-12-05T12:00:00,Kiran
b2802be2-27a4-4c44-985f-d3f015526fc6,Maruti Swift,Karthik Kumar,+91 8169425716,maruti_swift_9569,2024-01-16T12:00:00,Battery Replacement,Battery terminals cleaned and new battery installed.,133474,5630.54,2025-05-01T12:00:00,Manoj
0b3008b2-86d5-49ad-9f26-fc1b1143c3da,Maruti Baleno,Sneha Sharma,+91 7819232028,maruti_baleno_2097,2024-08-17T12:00:00,AC Repair,AC gas refilled and compressor checked.,131357,3076.22,2025-03-30T12:00:00,Irfan
0a4a3139-a443-4abb-995e-ca513083bbf8,Kia Seltos,Arjun Verma,+91 7789971408,kia_seltos_7676,2024-10-21T12:00:00,Wheel Alignment & Balancing,4-wheel alignment and balancing done.,38251,1701.09,2025-05-15T12:00:00,Manoj
b258240a-1e98-4095-bb1d-b6027795e5ec,Maruti Baleno,Rahul Reddy,+91 8328472565,maruti_baleno_6313,2024-11-10T12:00:00,Brake Service,Rear brake pads replaced and brake fluid topped up.,76959,4814.32,2025-06-14T12:00:00,Ramesh
33621166-15de-4545-a59d-1f59898a881a,Maruti Swift,Rohan Rao,+91 7126586959,maruti_swift_3037,2023-04-30T12:00:00,Battery Replacement,Battery terminals cleaned and new battery installed.,71442,6371.54,2024-10-12T12:00:00,Irfan
3086c217-9ba7-48b6-817a-0b7fc143fbf1,Hyundai Creta,Karthik Reddy,+91 7601360760,hyundai_creta_4529,2024-02-28T12:00:00,General Service,"Engine oil and oil filter changed, general inspection done.",109655,4237.08,2024-09-09T12:00:00,Kiran
5e5838b8-4477-4ce7-a25b-061c4d324e24,Hyundai Creta,Arjun Reddy,+91 9610189805,hyundai_creta_3099,2026-01-08T12:00:00,Wheel Alignment & Balancing,Steering pull corrected by wheel alignment.,156082,2057.73,2026-08-27T12:00:00,Sameer
ebf155e0-003d-4ce7-8159-79ccc5afab39,Tata Nexon,Rahul Sharma,+91 7390975979,tata_nexon_3124,2023-11-11T12:00:00,Engine Repair,Engine overhaul and major internal components serviced.,35411,8312.45,2024-09-12T12:00:00,Kiran
07c8410d-85b3-4129-ba95-71d984277da4,Maruti Swift,Arjun Gupta,+91 9390384964,maruti_swift_6399,2024-01-27T12:00:00,General Service,"Periodic service, fluids checked and topped up.",42192,4787.48,2024-08-28T12:00:00,Deepak
72cbcbc9-bab2-4f79-b8cf-c40a89922962,Hyundai i20,Varsha Patel,+91 7774828040,hyundai_i20_4211,2023-02-09T12:00:00,General Service,Standard service with air filter cleaning and washing.,10829,2498.39,2023-09-01T12:00:00,Irfan
c09f2740-7793-4a30-94be-8ff8ca2a6abf,Maruti Swift,Nisha Verma,+91 9877770310,maruti_swift_4310,2025-08-07T12:00:00,General Service,Standard service with air filter cleaning and washing.,107181,6276.2,2026-02-04T12:00:00,Ramesh
9e6ba63f-d62f-48a4-ba35-f7024993562d,Honda City,Karthik Mehta,+91 7898169431,honda_city_3178,2025-03-12T12:00:00,Wheel Alignment & Balancing,Steering pull corrected by wheel alignment.,26741,1691.83,2025-08-21T12:00:00,Sameer
29eb6c4c-ab0e-4817-b306-75063b251a3d,Kia Seltos,Rohan Reddy,+91 7613549312,kia_seltos_3867,2024-08-31T12:00:00,Wheel Alignment & Balancing,Tyre rotation and balancing performed.,118773,1477.82,2025-03-08T12:00:00,Kiran
b37b1ddb-a301-47be-b435-01e1ab8a76b8,Maruti Swift,Praveen Rao,+91 9440841785,maruti_swift_6542,2024-04-15T12:00:00,Wheel Alignment & Balancing,Tyre rotation and balancing performed.,93989,1452.78,2024-08-06T12:00:00,Shiva
0607467b-deda-4522-b9c5-ab40fa6b3ace,Tata Nexon,Praveen Naik,+91 7546854587,tata_nexon_3633,2023-08-03T12:00:00,Wheel Alignment & Balancing,Tyre rotation and balancing performed.,50235,2094.02,2024-04-08T12:00:00,Irfan
31003212-9a20-476e-84e5-89645e63f62d,Maruti Baleno,Karthik Gupta,+91 9550566697,maruti_baleno_8478,2025-08-15T12:00:00,AC Repair,"Cooling issue fixed, condenser cleaned.",55263,4603.23,2026-04-10T12:00:00,Manoj
f4e63131-c273-41c2-8d15-bb8834033882,Kia Seltos,Praveen Rao,+91 9103745877,kia_seltos_7076,2024-01-24T12:00:00,Wheel Alignment & Balancing,Tyre rotation and balancing performed.,127894,1789.6,2024-06-25T12:00:00,Ramesh
0e495629-db5f-4776-a2d5-c316251f835e,Hyundai i20,Rohan Verma,+91 9083539534,hyundai_i20_3500,2025-04-21T12:00:00,General Service,Standard service with air filter cleaning and washing.,178541,5327.98,2025-10-04T12:00:00,Anil
89cc2980-1d7e-436a-98fc-4e0aae6f7978,Honda City,Nisha Patel,+91 8920576651,honda_city_9931,2023-12-11T12:00:00,Brake Service,Rear brake pads replaced and brake fluid topped up.,76143,2031.31,2024-04-11T12:00:00,Manoj
9cd35c3c-02ab-4b3e-8054-02d0f96ce6eb,Kia Seltos,Varsha Sharma,+91 7200240229,kia_seltos_5099,2025-07-11T12:00:00,Clutch Overhaul,Clutch plate and pressure plate changed.,164734,20290.4,2026-11-18T12:00:00,Sameer
10e99f82-d07b-4115-9f93-f30a892bd8d9,Tata Nexon,Rohan Rao,+91 7876101893,tata_nexon_6065,2024-06-03T12:00:00,General Service,"Engine oil and oil filter changed, general inspection done.",57100,3248.56,2024-11-12T12:00:00,Irfan
dffd6f5c-33c8-451b-87af-0435af690d3e,Maruti Baleno,Praveen Reddy,+91 9920156936,maruti_baleno_8799,2024-05-21T12:00:00,AC Repair,"Cooling issue fixed, condenser cleaned.",107891,5486.22,2024-10-30T12:00:00,Kiran
69cab60e-be7a-49b9-b5f1-815802ea61f9,Mahindra XUV300,Nisha Verma,+91 9900104349,mahindra_xuv300_4496,2025-09-09T12:00:00,General Service,"Periodic service, fluids checked and topped up.",119092,5725.8,2026-02-23T12:00:00,Anil
f6938517-2f89-437e-a92f-cd6c32253f2c,Hyundai Creta,Arjun Patel,+91 9968011589,hyundai_creta_8288,2024-01-22T12:00:00,AC Repair,"Cooling issue fixed, condenser cleaned.",137232,7329.45,2024-08-14T12:00:00,Deepak
c2c56b6c-bd15-4674-8732-206a64f21878,Mahindra XUV300,Rohan Gupta,+91 7213019964,mahindra_xuv300_3578,2024-12-19T12:00:00,Brake Service,Rear brake pads replaced and brake fluid topped up.,23925,2737.12,2025-08-05T12:00:00,Deepak
5222670b-a189-48ae-80f2-054d8ebb935a,Hyundai i20,Arjun Sharma,+91 8532680142,hyundai_i20_7852,2025-03-12T12:00:00,Clutch Overhaul,"Clutch slip issue fixed, release bearing replaced.",38888,12209.95,2026-05-04T12:00:00,Shiva
00ea3f31-6681-4943-93eb-e1a127339ca7,Hyundai i20,Varsha Verma,+91 9073445981,hyundai_i20_5437,2024-02-09T12:00:00,Brake Service,"Brake noise complaint resolved, pads adjusted.",25043,3929.9,2024-07-02T12:00:00,Irfan
ace5a8f9-7af8-4811-8d4e-13c4eeffb4e7,Hyundai i20,Rohan Naik,+91 7002828741,hyundai_i20_3391,2024-01-31T12:00:00,Engine Repair,Timing belt replaced and engine tuned.,129898,14920.12,2024-12-05T12:00:00,Shiva
69a3e3ed-f54c-44e2-81de-c3a492cc7c98,Hyundai i20,Arjun Verma,+91 7243481709,hyundai_i20_4808,2023-09-29T12:00:00,Wheel Alignment & Balancing,4-wheel alignment and balancing done.,131154,2522.1,2024-04-29T12:00:00,Ramesh
f7a5f7aa-853c-4a87-933a-ddc22fbb4748,Hyundai i20,Nisha Rao,+91 7800819092,hyundai_i20_5474,2024-07-07T12:00:00,General Service,"Periodic service, fluids checked and topped up.",96005,3392.62,2024-12-11T12:00:00,Shiva
0b1d4527-74f2-4672-b549-a62def0e1464,Hyundai i20,Arjun Rao,+91 8418780468,hyundai_i20_9762,2025-09-02T12:00:00,Wheel Alignment & Balancing,Tyre rotation and balancing performed.,102161,2148.51,2026-04-02T12:00:00,Anil
df316bdb-1af0-4fad-ad7e-89f8a79b43a3,Tata Nexon,Varsha Kumar,+91 7392196023,tata_nexon_2300,2025-11-14T12:00:00,General Service,Standard service with air filter cleaning and washing.,54576,3604.31,2026-05-25T12:00:00,Anil
b00108a9-26be-4601-b354-dfa498506a40,Hyundai i20,Amit Patel,+91 7653903564,hyundai_i20_6603,2024-06-02T12:00:00,Engine Repair,Timing belt replaced and engine tuned.,156342,21140.48,2025-08-26T12:00:00,Shiva
9030d687-ac98-4cfc-bd58-f8054d55994a,Maruti Swift,Shreya Naik,+91 8866083756,maruti_swift_7937,2023-07-29T12:00:00,Battery Replacement,Battery terminals cleaned and new battery installed.,82751,7588.01,2024-04-11T12:00:00,Manoj
6d5c3c19-e8b6-43eb-8a05-81edcf82c0ea,Kia Seltos,Karthik Verma,+91 7271906491,kia_seltos_3111,2023-06-22T12:00:00,General Service,"Periodic service, fluids checked and topped up.",145597,4767.8,2024-01-24T12:00:00,Ramesh
fe84e73f-ec39-475e-8fb2-6a8aa97fc66d,Maruti Swift,Rohan Shetty,+91 8460971768,maruti_swift_6091,2023-09-27T12:00:00,Brake Service,"Brake noise complaint resolved, pads adjusted.",63075,3029.36,2024-06-07T12:00:00,Shiva
ff896ed0-981a-4c13-98e5-d634831b8559,Honda City,Praveen Shetty,+91 8376041594,honda_city_5032,2023-08-08T12:00:00,General Service,Standard service with air filter cleaning and washing.,138046,5652.28,2024-01-05T12:00:00,Anil
a0d9ca48-63c8-41b6-8ac6-21e17b8779b8,Honda City,Amit Naik,+91 8458435618,honda_city_6743,2025-01-31T12:00:00,Engine Repair,Engine overhaul and major internal components serviced.,56970,15368.16,2025-12-11T12:00:00,Irfan
5dfd5404-d018-4658-b0f3-3dee0c27af6d,Maruti Baleno,Shreya Mehta,+91 8367271061,maruti_baleno_1369,2025-05-18T12:00:00,Battery Replacement,Battery terminals cleaned and new battery installed.,85514,5204.7,2026-03-02T12:00:00,Manoj
c18a5c55-40f7-46c1-a6b5-aad66145cc42,Hyundai Creta,Rohan Gupta,+91 7235945899,hyundai_creta_3513,2024-02-10T12:00:00,Battery Replacement,Battery terminals cleaned and new battery installed.,66416,8597.95,2024-10-19T12:00:00,Ramesh
38c13774-679f-481a-ac58-739bac12212a,Hyundai Creta,Rohan Sharma,+91 9505484704,hyundai_creta_3524,2023-09-23T12:00:00,AC Repair,"Cooling issue fixed, condenser cleaned.",145709,7056.88,2024-03-05T12:00:00,Manoj
e0042179-0eba-4936-a23a-e6c8da8e1be1,Mahindra XUV300,Nisha Sharma,+91 7220321383,mahindra_xuv300_4622,2024-07-29T12:00:00,AC Repair,AC vents cleaned and cabin filter replaced.,67826,5127.89,2024-11-18T12:00:00,Anil
9071e393-9fe6-42b8-9137-d66b4b121240,Maruti Swift,Rohan Patel,+91 8328464807,maruti_swift_4443,2025-02-03T12:00:00,General Service,"Engine oil and oil filter changed, general inspection done.",48677,2636.67,2025-07-13T12:00:00,Irfan
939af625-2303-48a1-acd0-9f9c4e07eba8,Maruti Baleno,Nisha Verma,+91 7762955862,maruti_baleno_4935,2024-04-02T12:00:00,General Service,"Periodic service, fluids checked and topped up.",89510,4753.62,2024-09-15T12:00:00,Deepak
4b2516e0-05df-462a-b969-330c3654de17,Kia Seltos,Sneha Mehta,+91 8376104113,kia_seltos_1972,2023-10-08T12:00:00,AC Repair,AC gas refilled and compressor checked.,168446,6741.86,2024-02-25T12:00:00,Irfan
b2a8ba28-1f52-4faf-8a25-b965d83af6e9,Maruti Baleno,Shreya Shetty,+91 7711830332,maruti_baleno_9264,2025-08-19T12:00:00,General Service,Standard service with air filter cleaning and washing.,34585,3291.55,2026-01-28T12:00:00,Irfan
99d2d352-55bf-4779-8999-4e07d0f176cf,Maruti Baleno,Amit Shetty,+91 9974527765,maruti_baleno_3584,2025-07-05T12:00:00,General Service,"Periodic service, fluids checked and topped up.",52871,2634.47,2026-01-04T12:00:00,Shiva
e6b823fd-6ee8-41a7-af14-33ace2212bb8,Maruti Baleno,Varsha Kumar,+91 7601484293,maruti_baleno_8021,2023-06-04T12:00:00,Wheel Alignment & Balancing,Steering pull corrected by wheel alignment.,139100,1577.72,2023-11-13T12:00:00,Irfan
654f2ac0-b4ea-4fcd-b5d1-97b2f83f32c9,Mahindra XUV300,Arjun Sharma,+91 7766439027,mahindra_xuv300_5809,2023-03-01T12:00:00,Clutch Overhaul,Full clutch kit replaced.,73375,17432.91,2024-03-18T12:00:00,Ramesh
bb4833b9-39f4-49be-9730-dcfa813c5321,Honda City,Rahul Shetty,+91 8936538077,honda_city_3692,2026-01-04T12:00:00,Brake Service,Front brake pads and discs inspected and replaced.,145972,3676.84,2026-07-23T12:00:00,Shiva
feb1d624-0252-407b-9624-adf331b5f432,Hyundai i20,Arjun Gupta,+91 9537752102,hyundai_i20_7862,2024-05-12T12:00:00,Wheel Alignment & Balancing,Steering pull corrected by wheel alignment.,8749,774.27,2024-12-27T12:00:00,Shiva
c83ae7c4-0ce6-48e8-b5a0-6f4011df923d,Tata Nexon,Arjun Gupta,+91 9394454280,tata_nexon_6876,2025-05-11T12:00:00,Brake Service,Rear brake pads replaced and brake fluid topped up.,13666,2275.79,2026-01-07T12:00:00,Sameer
c3965ae0-67b1-46a8-893a-91cadef08341,Kia Seltos,Sneha Shetty,+91 7298484594,kia_seltos_8235,2025-10-09T12:00:00,Brake Service,"Brake noise complaint resolved, pads adjusted.",62621,4430.51,2026-03-09T12:00:00,Kiran
60850b1b-cf72-4b9a-9cf5-a2fe4022dca7,Kia Seltos,Arjun Mehta,+91 7026319539,kia_seltos_4147,2023-09-21T12:00:00,AC Repair,AC vents cleaned and cabin filter replaced.,164611,6442.25,2024-03-30T12:00:00,Deepak
c2f862bb-b58e-42e1-b728-243ca4c6da5a,Mahindra XUV300,Nisha Mehta,+91 8773066129,mahindra_xuv300_6067,2023-08-26T12:00:00,Brake Service,Rear brake pads replaced and brake fluid topped up.,104199,5376.59,2024-03-17T12:00:00,Sameer
558755c2-6681-47ab-bdf2-b3d9edc138f9,Hyundai i20,Nisha Kumar,+91 9456114007,hyundai_i20_8054,2024-03-14T12:00:00,Brake Service,"Brake noise complaint resolved, pads adjusted.",156305,4602.12,2024-07-19T12:00:00,Irfan
2801362f-4704-4772-93ee-b14f11996a9d,Hyundai Creta,Arjun Naik,+91 8516543620,hyundai_creta_6212,2023-05-04T12:00:00,General Service,"Engine oil and oil filter changed, general inspection done.",42514,3910.94,2023-09-22T12:00:00,Kiran
e3f59cd3-d9ad-4d51-8a02-c83609e123b7,Mahindra XUV300,Varsha Verma,+91 9862040073,mahindra_xuv300_2030,2023-07-18T12:00:00,General Service,Standard service with air filter cleaning and washing.,140000,5606.25,2024-01-10T12:00:00,Ramesh
1cab6019-3587-4b11-80ba-4e45012a187b,Hyundai i20,Varsha Kumar,+91 7352894730,hyundai_i20_2676,2024-05-28T12:00:00,Brake Service,Front brake pads and discs inspected and replaced.,103830,2526.1,2024-11-01T12:00:00,Irfan
014f1357-33d6-4425-9c6c-bf877150e130,Maruti Swift,Praveen Reddy,+91 9772838418,maruti_swift_4390,2025-10-25T12:00:00,Clutch Overhaul,"Clutch slip issue fixed, release bearing replaced.",126112,22214.63,2026-10-23T12:00:00,Sameer
02f64210-c008-4644-8886-230ef79e397f,Tata Nexon,Shreya Kumar,+91 7863466589,tata_nexon_9814,2025-04-07T12:00:00,General Service,"Engine oil and oil filter changed, general inspection done.",83990,3493.9,2025-10-22T12:00:00,Kiran
beba3b24-0132-4677-8c5f-efbf576860f1,Honda City,Arjun Kumar,+91 7972264222,honda_city_9770,2023-12-02T12:00:00,General Service,"Periodic service, fluids checked and topped up.",158623,6801.8,2024-07-07T12:00:00,Irfan
3b1e59c1-d155-467f-9140-2853af4bc904,Kia Seltos,Amit Kumar,+91 8694798421,kia_seltos_6722,2024-12-17T12:00:00,Wheel Alignment & Balancing,Tyre rotation and balancing performed.,38811,957.64,2025-07-12T12:00:00,Irfan
e81f8907-cb93-432b-b1c2-4b0a6a9822a8,Tata Nexon,Karthik Verma,+91 7331167952,tata_nexon_9661,2024-02-20T12:00:00,AC Repair,AC vents cleaned and cabin filter replaced.,169876,6864.96,2024-09-05T12:00:00,Deepak
e270b004-44ad-40fa-bdae-01b7c1adc02a,Mahindra XUV300,Arjun Naik,+91 7650856693,mahindra_xuv300_2465,2023-09-08T12:00:00,Wheel Alignment & Balancing,4-wheel alignment and balancing done.,126114,1291.22,2024-02-21T12:00:00,Deepak
fd166a31-8fa6-4f0d-ae4d-03355186d6b0,Maruti Baleno,Varsha Gupta,+91 7930992310,maruti_baleno_3382,2023-11-12T12:00:00,Wheel Alignment & Balancing,Tyre rotation and balancing performed.,129685,2166.34,2024-06-25T12:00:00,Manoj
567c695c-2511-4c94-bde6-90650741659e,Honda City,Sneha Naik,+91 8996201579,honda_city_3914,2025-12-27T12:00:00,General Service,"Periodic service, fluids checked and topped up.",25340,3123.33,2026-08-04T12:00:00,Sameer
e9fdf25e-4a66-49e8-aa2a-3af09a706199,Maruti Baleno,Arjun Reddy,+91 7340100656,maruti_baleno_2943,2025-04-29T12:00:00,Clutch Overhaul,"Clutch slip issue fixed, release bearing replaced.",82359,14655.53,2026-08-22T12:00:00,Ramesh
72741ace-06f3-4229-b806-3f86ad1c3b5a,Kia Seltos,Amit Naik,+91 8649506133,kia_seltos_9513,2024-12-08T12:00:00,General Service,"Engine oil and oil filter changed, general inspection done.",87734,3370.54,2025-06-27T12:00:00,Kiran
07c08481-db0c-4d8e-b3e7-328855907d55,Mahindra XUV300,Rohan Naik,+91 7335164701,mahindra_xuv300_5886,2025-03-04T12:00:00,Engine Repair,Timing belt replaced and engine tuned.,137194,24188.46,2026-03-05T12:00:00,Anil
c9fda0d9-a788-4f98-9de0-c6ce9f5ff369,Tata Nexon,Rohan Rao,+91 7413841752,tata_nexon_1683,2025-08-15T12:00:00,AC Repair,AC gas refilled and compressor checked.,95254,5817.12,2026-04-04T12:00:00,Sameer
69b3dd4a-a504-47b7-acac-a7f3e694bc02,Hyundai i20,Shreya Rao,+91 7426660800,hyundai_i20_5963,2024-03-02T12:00:00,Battery Replacement,Battery terminals cleaned and new battery installed.,144860,9243.48,2025-04-04T12:00:00,Deepak
cc5714cb-6b9b-4003-a293-876a27b35375,Honda City,Varsha Reddy,+91 9027580818,honda_city_9745,2023-02-18T12:00:00,General Service,"Engine oil and oil filter changed, general inspection done.",84299,3002.68,2023-07-10T12:00:00,Shiva
8ec233fd-3535-4d4b-adf3-f355bb54aa15,Maruti Baleno,Rohan Naik,+91 8027787199,maruti_baleno_9375,2025-06-28T12:00:00,Wheel Alignment & Balancing,Steering pull corrected by wheel alignment.,123189,1891.09,2025-11-13T12:00:00,Deepak
d16d50c0-511e-4c64-9e40-957b87007799,Hyundai Creta,Rahul Gupta,+91 8667440822,hyundai_creta_8521,2026-01-03T12:00:00,Engine Repair,"Misfiring issue fixed, spark plugs replaced.",8378,9862.11,2027-03-20T12:00:00,Kiran
d77e8b06-7ca8-487d-9f54-0b87341a750f,Kia Seltos,Rohan Patel,+91 8334209341,kia_seltos_7684,2024-01-24T12:00:00,Wheel Alignment & Balancing,Steering pull corrected by wheel alignment.,117447,2058.7,2024-08-12T12:00:00,Manoj
db3a7b81-e60c-4756-ac27-086e395d7688,Kia Seltos,Rohan Shetty,+91 9632422357,kia_seltos_5051,2024-12-01T12:00:00,Battery Replacement,No-start issue fixed with new battery.,48195,8509.26,2026-01-17T12:00:00,Shiva
2f03c8a1-04ca-4134-93e3-2b62e6e5c3e5,Hyundai Creta,Rahul Kumar,+91 7321914682,hyundai_creta_6428,2024-01-10T12:00:00,General Service,"Periodic service, fluids checked and topped up.",37341,4013.71,2024-08-10T12:00:00,Irfan
bc728b49-7607-4a48-bc2b-5e18e83cd152,Hyundai Creta,Shreya Reddy,+91 7477874256,hyundai_creta_7277,2025-01-18T12:00:00,General Service,"Periodic service, fluids checked and topped up.",108195,3708.49,2025-08-10T12:00:00,Ramesh
0b2bc3ed-7599-4d79-9da7-b92ee86c863d,Hyundai Creta,Karthik Reddy,+91 7877398222,hyundai_creta_7685,2024-05-27T12:00:00,Brake Service,Rear brake pads replaced and brake fluid topped up.,162772,4374.38,2024-10-13T12:00:00,Ramesh
f3734147-be83-43f5-91a3-fc3299d89f45,Honda City,Rohan Kumar,+91 7621288257,honda_city_3762,2023-04-06T12:00:00,General Service,"Engine oil and oil filter changed, general inspection done.",152006,5650.31,2023-11-06T12:00:00,Irfan
c48b78d2-e287-4340-9ca6-e4bb7d5acec6,Maruti Swift,Rohan Patel,+91 9417161603,maruti_swift_8248,2024-10-22T12:00:00,Clutch Overhaul,Full clutch kit replaced.,177325,19631.81,2025-08-28T12:00:00,Sameer
d06ef15b-6f09-44ee-bad5-15f041c45109,Maruti Swift,Amit Sharma,+91 9533560226,maruti_swift_6526,2024-08-11T12:00:00,Brake Service,"Brake noise complaint resolved, pads adjusted.",137179,3636.69,2024-12-27T12:00:00,Ramesh
6c651ce8-0bd7-4003-bb9d-e32bbb6677ab,Kia Seltos,Shreya Patel,+91 9263164937,kia_seltos_7487,2023-05-30T12:00:00,General Service,"Engine oil and oil filter changed, general inspection done.",124623,8050.77,2023-12-28T12:00:00,Shiva
93243c0b-9adb-4011-b4af-b771e338593e,Tata Nexon,Amit Sharma,+91 9535331648,tata_nexon_6541,2025-06-07T12:00:00,AC Repair,AC vents cleaned and cabin filter replaced.,107865,4609.21,2026-01-27T12:00:00,Anil
153e70e5-dc69-43aa-9d57-cc2b52189371,Tata Nexon,Sneha Reddy,+91 9055375395,tata_nexon_8730,2023-10-28T12:00:00,General Service,"Periodic service, fluids checked and topped up.",91125,4080.57,2024-05-01T12:00:00,Kiran
bac3a314-18cf-40d8-b608-002e33892dde,Mahindra XUV300,Varsha Kumar,+91 9283041802,mahindra_xuv300_1831,2024-02-18T12:00:00,Engine Repair,Engine overhaul and major internal components serviced.,132668,13233.98,2025-08-24T12:00:00,Anil
db27ed4a-d6cf-4a26-837c-9c3024d746ed,Mahindra XUV300,Nisha Verma,+91 8478951447,mahindra_xuv300_8775,2024-03-11T12:00:00,Brake Service,"Brake noise complaint resolved, pads adjusted.",171595,6223.81,2024-07-24T12:00:00,Sameer
be116a2f-7a02-40c0-8da9-5909b921b07d,Tata Nexon,Rahul Reddy,+91 7967798640,tata_nexon_8377,2024-06-08T12:00:00,Brake Service,Rear brake pads replaced and brake fluid topped up.,101859,3125.32,2025-01-17T12:00:00,Anil
4bcb7920-1ae4-4fa1-8e85-1a6860aac2c3,Honda City,Rahul Rao,+91 9010424664,honda_city_9502,2025-08-25T12:00:00,AC Repair,"Cooling issue fixed, condenser cleaned.",74256,4135.14,2026-02-10T12:00:00,Ramesh
6236eb30-a5e5-4f76-ab85-1ca50247e1bf,Kia Seltos,Karthik Sharma,+91 8005376277,kia_seltos_4420,2024-03-18T12:00:00,Wheel Alignment & Balancing,Tyre rotation and balancing performed.,84139,2400.49,2024-09-05T12:00:00,Ramesh
f048a374-b699-4ca4-a47c-1f16f41b2ecc,Mahindra XUV300,Arjun Naik,+91 9423531742,mahindra_xuv300_6220,2024-07-11T12:00:00,AC Repair,AC vents cleaned and cabin filter replaced.,137209,3591.96,2024-12-09T12:00:00,Kiran
6a4715be-f195-4998-b9fa-de111905d429,Honda City,Varsha Verma,+91 9591330294,honda_city_9819,2024-03-11T12:00:00,General Service,"Engine oil and oil filter changed, general inspection done.",11820,2973.98,2024-10-20T12:00:00,Deepak
0a33476d-5ff2-464b-a5ee-43303f628d5b,Mahindra XUV300,Arjun Sharma,+91 7803380760,mahindra_xuv300_4724,2024-10-25T12:00:00,Battery Replacement,Old battery replaced with new 60Ah unit.,170785,6049.46,2025-08-06T12:00:00,Irfan
8bfa017d-a164-4f55-8040-8369bec633f3,Hyundai i20,Arjun Verma,+91 8373159619,hyundai_i20_7497,2023-08-04T12:00:00,Brake Service,"Brake noise complaint resolved, pads adjusted.",142754,3302.79,2024-02-03T12:00:00,Kiran
4dc3ddbe-d18b-4895-bea3-5d045a7b3f2c,Kia Seltos,Praveen Patel,+91 7767715372,kia_seltos_8978,2023-08-10T12:00:00,Engine Repair,Engine overhaul and major internal components serviced.,108061,20662.96,2024-12-11T12:00:00,Sameer
72d9c592-7562-47d9-bd6a-5a63cf74fe2a,Honda City,Amit Sharma,+91 9373148951,honda_city_2154,2023-07-15T12:00:00,Wheel Alignment & Balancing,Steering pull corrected by wheel alignment.,140514,2073.66,2024-02-22T12:00:00,Manoj
5f4e661c-a5bc-4d71-a1ea-f01347a55734,Tata Nexon,Rahul Kumar,+91 8378245347,tata_nexon_5921,2023-03-27T12:00:00,Wheel Alignment & Balancing,4-wheel alignment and balancing done.,101752,1748.82,2023-09-23T12:00:00,Kiran
65f17736-66ae-46a6-a1a6-a2bf606f01fb,Tata Nexon,Amit Mehta,+91 9401684452,tata_nexon_2938,2024-10-14T12:00:00,General Service,"Engine oil and oil filter changed, general inspection done.",137172,3513.14,2025-05-27T12:00:00,Manoj
bdec5df9-e844-4fc5-b4d2-6ed7e662813b,Hyundai Creta,Amit Rao,+91 7388402224,hyundai_creta_5972,2025-07-13T12:00:00,Battery Replacement,Old battery replaced with new 60Ah unit.,106272,9245.22,2026-10-21T12:00:00,Deepak
a03626eb-ec13-40a2-a318-2b3600fcaa0c,Maruti Baleno,Rohan Sharma,+91 8834029088,maruti_baleno_6748,2023-09-21T12:00:00,Brake Service,"Brake noise complaint resolved, pads adjusted.",130662,4725.05,2024-05-02T12:00:00,Kiran
faffe3bb-0257-425b-b8cb-32494c778583,Tata Nexon,Sneha Naik,+91 7182941432,tata_nexon_8875,2024-02-16T12:00:00,General Service,"Engine oil and oil filter changed, general inspection done.",177901,4773.54,2024-07-27T12:00:00,Deepak
888f530b-6f65-4ef8-a64f-ccabdc790b28,Kia Seltos,Arjun Shetty,+91 8343914454,kia_seltos_1936,2024-02-16T12:00:00,Wheel Alignment & Balancing,Tyre rotation and balancing performed.,46800,1668.62,2024-07-26T12:00:00,Kiran
ca44af29-0d9a-48ea-b3b2-f04793b7d8e5,Mahindra XUV300,Sneha Mehta,+91 9623033929,mahindra_xuv300_8002,2023-09-20T12:00:00,Wheel Alignment & Balancing,Tyre rotation and balancing performed.,50163,2019.19,2024-04-21T12:00:00,Irfan
3da5352c-142c-4637-9d72-4f67df7d7d34,Tata Nexon,Shreya Verma,+91 7957055145,tata_nexon_3026,2023-06-05T12:00:00,Brake Service,Front brake pads and discs inspected and replaced.,130090,3128.54,2024-02-03T12:00:00,Shiva
497e8b61-53ae-48ad-832f-2ff3c262704c,Kia Seltos,Karthik Verma,+91 7839620041,kia_seltos_8701,2025-09-01T12:00:00,Clutch Overhaul,"Clutch slip issue fixed, release bearing replaced.",78312,26086.91,2026-08-15T12:00:00,Deepak
cb3d227f-5733-405b-9a4e-3294694b12e1,Honda City,Arjun Rao,+91 8419576871,honda_city_9474,2023-11-07T12:00:00,General Service,"Periodic service, fluids checked and topped up.",113472,4878.45,2024-06-06T12:00:00,Anil
5ec9d818-3a29-4099-a900-c0fad7347377,Hyundai Creta,Nisha Shetty,+91 8970662359,hyundai_creta_1199,2024-04-24T12:00:00,Battery Replacement,Battery terminals cleaned and new battery installed.,110741,11145.57,2025-03-22T12:00:00,Shiva
4cda566d-8e0d-43bd-a170-a83ea7df97ed,Kia Seltos,Arjun Verma,+91 9900161288,kia_seltos_8507,2025-08-11T12:00:00,General Service,Standard service with air filter cleaning and washing.,133526,4156.07,2026-03-20T12:00:00,Kiran
d40a5b97-8720-48f8-a171-6a50ddaea77c,Hyundai i20,Sneha Shetty,+91 7116587945,hyundai_i20_6124,2025-10-14T12:00:00,General Service,Standard service with air filter cleaning and washing.,178396,5001.81,2026-04-30T12:00:00,Kiran
add18910-a2a8-473b-98ca-53e1a51e75a4,Maruti Baleno,Varsha Patel,+91 7889083095,maruti_baleno_9482,2024-04-15T12:00:00,AC Repair,"Cooling issue fixed, condenser cleaned.",20685,1875.57,2024-10-12T12:00:00,Manoj
e80e8182-09ca-4ca5-b2c5-5a5272599c7b,Mahindra XUV300,Rahul Shetty,+91 8558325585,mahindra_xuv300_3205,2025-07-11T12:00:00,General Service,"Periodic service, fluids checked and topped up.",58457,3613.48,2025-12-22T12:00:00,Anil
3bef5ed2-11a1-4eb6-aae4-1f60c0b0e2da,Hyundai i20,Praveen Rao,+91 7254908917,hyundai_i20_5931,2023-06-16T12:00:00,Brake Service,Rear brake pads replaced and brake fluid topped up.,118787,2793.92,2023-12-03T12:00:00,Shiva
e03542ae-e76e-4bc6-9941-9f955e6d9a4a,Kia Seltos,Karthik Sharma,+91 9401150953,kia_seltos_8880,2025-12-06T12:00:00,Brake Service,"Brake noise complaint resolved, pads adjusted.",126577,2700.07,2026-04-14T12:00:00,Ramesh
189d35c3-bfe6-4adf-adb8-1c1d3c70a75b,Mahindra XUV300,Nisha Verma,+91 8619254616,mahindra_xuv300_6623,2023-11-13T12:00:00,Brake Service,Front brake pads and discs inspected and replaced.,95978,4137.02,2024-05-09T12:00:00,Ramesh
c899c4cd-61c2-4eab-9c49-c611aa2ccea2,Kia Seltos,Shreya Verma,+91 7641266159,kia_seltos_9704,2023-04-11T12:00:00,Wheel Alignment & Balancing,4-wheel alignment and balancing done.,129984,2549.22,2023-12-04T12:00:00,Shiva
06bf9fba-f559-4de5-b6de-3dacc09e6986,Hyundai Creta,Amit Shetty,+91 8463643903,hyundai_creta_7208,2023-03-07T12:00:00,Clutch Overhaul,"Clutch slip issue fixed, release bearing replaced.",62138,21943.13,2024-09-02T12:00:00,Deepak
f4128a37-8a0b-4b1f-8bef-f1ff6687c016,Mahindra XUV300,Rahul Rao,+91 9373485862,mahindra_xuv300_1714,2024-03-14T12:00:00,General Service,"Engine oil and oil filter changed, general inspection done.",89704,5037.8,2024-08-30T12:00:00,Anil
7bd6294f-9d85-4925-8783-17d2208d16fa,Kia Seltos,Shreya Mehta,+91 7205336216,kia_seltos_7173,2026-01-05T12:00:00,Wheel Alignment & Balancing,Tyre rotation and balancing performed.,62022,1588.36,2026-06-15T12:00:00,Irfan
ca059604-71de-434d-8e3d-681c73d1e8bd,Hyundai Creta,Rahul Sharma,+91 8186489995,hyundai_creta_1749,2024-08-01T12:00:00,General Service,Standard service with air filter cleaning and washing.,104761,4456.66,2025-01-26T12:00:00,Deepak
b04d66e3-8f02-48a3-a174-af59fed1133c,Hyundai i20,Sneha Kumar,+91 7753977743,hyundai_i20_8136,2023-08-14T12:00:00,Brake Service,Rear brake pads replaced and brake fluid topped up.,111996,4010.3,2024-04-21T12:00:00,Manoj
3c01a343-2688-445b-915a-71a3cfab7525,Hyundai Creta,Shreya Kumar,+91 7388322737,hyundai_creta_9708,2025-07-20T12:00:00,Brake Service,Front brake pads and discs inspected and replaced.,173471,5155.13,2026-01-02T12:00:00,Kiran
611797c3-0759-4ada-8152-78dc1f43262b,Hyundai Creta,Amit Mehta,+91 7495047424,hyundai_creta_3434,2023-04-29T12:00:00,Wheel Alignment & Balancing,Steering pull corrected by wheel alignment.,9800,1251.14,2023-11-30T12:00:00,Sameer
64788e37-2a8e-4bc8-a7ec-df6b7dd50295,Tata Nexon,Nisha Naik,+91 8971560653,tata_nexon_9866,2024-07-13T12:00:00,General Service,Standard service with air filter cleaning and washing.,176742,7461.72,2024-11-30T12:00:00,Sameer
57626183-1604-4f48-8f25-cac1c9d6980f,Mahindra XUV300,Rohan Sharma,+91 8625386390,mahindra_xuv300_6173,2024-12-09T12:00:00,AC Repair,AC gas refilled and compressor checked.,14567,1885.9,2025-04-01T12:00:00,Ramesh
84f0ce25-005d-48a0-8adf-463748e79520,Tata Nexon,Sneha Verma,+91 7075773894,tata_nexon_7205,2023-04-10T12:00:00,General Service,Standard service with air filter cleaning and washing.,140610,4967.4,2023-09-23T12:00:00,Manoj
92ad8d51-a5cb-4fcd-82c8-cd3dbc5ec516,Honda City,Praveen Rao,+91 8462640720,honda_city_4668,2025-07-26T12:00:00,General Service,Standard service with air filter cleaning and washing.,7480,2343.3,2026-03-07T12:00:00,Shiva
eb78152c-bcb2-4e04-81de-4594f2a05f78,Tata Nexon,Rohan Sharma,+91 7015777490,tata_nexon_9721,2024-12-28T12:00:00,Brake Service,Front brake pads and discs inspected and replaced.,119290,2763.71,2025-07-01T12:00:00,Kiran
f43629a3-4791-44a6-ab45-97a16af3cd43,Tata Nexon,Amit Sharma,+91 7405288245,tata_nexon_7017,2023-08-12T12:00:00,Wheel Alignment & Balancing,Steering pull corrected by wheel alignment.,147407,1146.07,2024-02-14T12:00:00,Deepak
aeae3566-ce04-4c84-8d00-984aa86880f9,Honda City,Shreya Rao,+91 8640688089,honda_city_8578,2026-01-10T12:00:00,Clutch Overhaul,Clutch plate and pressure plate changed.,46000,15738.58,2026-12-20T12:00:00,Sameer
bb96ea13-569c-4e0c-9254-5264d7374799,Mahindra XUV300,Amit Verma,+91 7503198239,mahindra_xuv300_5349,2024-01-05T12:00:00,Engine Repair,Engine overhaul and major internal components serviced.,94545,19565.63,2025-02-19T12:00:00,Manoj
ea45bf28-20aa-4d54-8a04-ea4084d52ae1,Maruti Swift,Rohan Shetty,+91 7510379105,maruti_swift_1935,2023-12-09T12:00:00,Brake Service,Front brake pads and discs inspected and replaced.,92599,3247.47,2024-03-27T12:00:00,Kiran
0de98b7c-f91d-47a9-a0c0-5146f2565fb2,Kia Seltos,Sneha Kumar,+91 9361451213,kia_seltos_8391,2024-10-08T12:00:00,Battery Replacement,No-start issue fixed with new battery.,27117,7417.89,2025-07-10T12:00:00,Anil
c595ac9b-79dc-4439-b1b3-b0689a9f2661,Tata Nexon,Praveen Shetty,+91 7508064092,tata_nexon_6655,2024-09-23T12:00:00,Wheel Alignment & Balancing,Tyre rotation and balancing performed.,74174,2033.18,2025-03-16T12:00:00,Irfan
30ae2f9a-4508-408e-ac48-8f8be10f8707,Hyundai Creta,Nisha Rao,+91 9377181502,hyundai_creta_7808,2025-10-06T12:00:00,General Service,"Engine oil and oil filter changed, general inspection done.",84149,3529.38,2026-03-16T12:00:00,Irfan
818cfae2-cc54-4e16-a3fc-cdbdf4f4d4a0,Mahindra XUV300,Sneha Patel,+91 7866839570,mahindra_xuv300_1695,2025-01-01T12:00:00,General Service,"Engine oil and oil filter changed, general inspection done.",125737,4929.47,2025-05-25T12:00:00,Irfan
2b929881-fff9-454c-9f34-42e71ba99e2e,Tata Nexon,Amit Gupta,+91 7658581249,tata_nexon_8475,2023-02-09T12:00:00,General Service,Standard service with air filter cleaning and washing.,146540,3969.33,2023-09-07T12:00:00,Kiran
b512e8b5-69d7-436d-8559-0859661cf4c5,Tata Nexon,Sneha Mehta,+91 7304661373,tata_nexon_2729,2025-05-03T12:00:00,Brake Service,"Brake noise complaint resolved, pads adjusted.",142058,5149.86,2025-11-26T12:00:00,Manoj
4f12f120-9009-463a-bae3-f6c4b324f02b,Mahindra XUV300,Arjun Reddy,+91 9037023621,mahindra_xuv300_1622,2025-04-05T12:00:00,Wheel Alignment & Balancing,4-wheel alignment and balancing done.,28401,1901.2,2025-11-15T12:00:00,Anil
a0b2534f-c5c5-4175-801b-f6454eb7f043,Kia Seltos,Varsha Sharma,+91 7762371685,kia_seltos_9621,2024-02-02T12:00:00,General Service,"Engine oil and oil filter changed, general inspection done.",135568,7675.91,2024-08-06T12:00:00,Deepak
582fa1b8-eb3f-4a25-81ab-a406cfc5001d,Maruti Baleno,Karthik Shetty,+91 7154125884,maruti_baleno_7532,2023-06-17T12:00:00,AC Repair,"Cooling issue fixed, condenser cleaned.",72535,4946.31,2023-11-09T12:00:00,Irfan
9e0bfa50-b4e0-4f1e-9063-bfbefce9860d,Honda City,Praveen Rao,+91 7428422082,honda_city_8310,2025-01-27T12:00:00,Engine Repair,Engine overhaul and major internal components serviced.,133027,16957.15,2026-06-27T12:00:00,Manoj
c73876e0-ac81-4892-aacf-e15062e9ff40,Maruti Swift,Varsha Patel,+91 8795662753,maruti_swift_3824,2024-08-25T12:00:00,Clutch Overhaul,Full clutch kit replaced.,30667,10444.62,2026-02-21T12:00:00,Sameer
24e175af-8039-4028-8a96-1d0e9827ea10,Honda City,Varsha Reddy,+91 9694487384,honda_city_1280,2023-06-27T12:00:00,General Service,"Engine oil and oil filter changed, general inspection done.",41439,5494.9,2023-11-15T12:00:00,Sameer
407a7095-925a-4794-aa36-5392e28fbad4,Tata Nexon,Nisha Patel,+91 9110001417,tata_nexon_6122,2024-04-16T12:00:00,Engine Repair,Timing belt replaced and engine tuned.,13361,19869.22,2024-12-19T12:00:00,Irfan
656428b1-a878-4b1f-b596-9ac086b6422c,Tata Nexon,Amit Shetty,+91 7619319522,tata_nexon_2805,2024-08-13T12:00:00,Engine Repair,Engine overhaul and major internal components serviced.,48244,15924.68,2025-12-10T12:00:00,Kiran
d5cb07ad-9bf2-49a8-8f3d-bedc577229b3,Tata Nexon,Varsha Verma,+91 9881815890,tata_nexon_2054,2024-01-06T12:00:00,General Service,"Periodic service, fluids checked and topped up.",60455,4121.54,2024-05-29T12:00:00,Ramesh
0aabb009-824e-4195-a1d7-b53d20024a70,Hyundai Creta,Rohan Rao,+91 9144578251,hyundai_creta_9756,2024-05-15T12:00:00,General Service,"Periodic service, fluids checked and topped up.",134355,5397.76,2024-10-09T12:00:00,Irfan
6477d82b-1c77-4b3b-8bcb-d1414ec573bb,Maruti Swift,Amit Kumar,+91 7459043793,maruti_swift_5894,2025-08-15T12:00:00,AC Repair,"Cooling issue fixed, condenser cleaned.",6914,1533.5,2025-12-08T12:00:00,Irfan
c4a0149a-4055-402c-9fbc-8bf90e49c664,Tata Nexon,Arjun Gupta,+91 9110352869,tata_nexon_1514,2023-11-16T12:00:00,General Service,"Engine oil and oil filter changed, general inspection done.",7003,2891.1,2024-06-16T12:00:00,Sameer
c6725ea3-4e03-4e1e-b692-577e18fba5d6,Tata Nexon,Praveen Kumar,+91 9897955189,tata_nexon_9463,2024-08-01T12:00:00,Clutch Overhaul,Clutch plate and pressure plate changed.,74626,15934.5,2025-08-28T12:00:00,Manoj
0b34dc88-7230-44f6-ac9b-19dafcc4f7dc,Maruti Swift,Varsha Naik,+91 9942965640,maruti_swift_9695,2024-04-18T12:00:00,AC Repair,"Cooling issue fixed, condenser cleaned.",151809,5247.58,2024-09-02T12:00:00,Ramesh
168812ad-5dc1-4636-9a0d-930c5f01766f,Honda City,Rahul Gupta,+91 9531495973,honda_city_7516,2024-06-06T12:00:00,Brake Service,"Brake noise complaint resolved, pads adjusted.",153021,3846.16,2025-02-16T12:00:00,Irfan
51ef9cff-2203-4540-af87-1e89419d06ec,Mahindra XUV300,Karthik Gupta,+91 8021160747,mahindra_xuv300_5227,2023-09-01T12:00:00,Battery Replacement,No-start issue fixed with new battery.,61833,5241.72,2024-07-08T12:00:00,Sameer
89d10aea-8270-47b8-9111-a5116adc9c6c,Hyundai i20,Karthik Reddy,+91 9768766483,hyundai_i20_9286,2023-10-13T12:00:00,General Service,"Engine oil and oil filter changed, general inspection done.",74741,3611.95,2024-04-21T12:00:00,Kiran
cf3b01ef-f4f0-44ce-99ce-903f668011ad,Hyundai Creta,Karthik Verma,+91 8701564139,hyundai_creta_3321,2024-04-02T12:00:00,General Service,"Engine oil and oil filter changed, general inspection done.",163741,7319.86,2024-08-20T12:00:00,Kiran
1c2ddbbf-39ae-40ee-af6b-559616288d30,Honda City,Nisha Shetty,+91 9875976546,honda_city_5203,2024-11-07T12:00:00,Clutch Overhaul,Clutch plate and pressure plate changed.,5972,13152.34,2025-10-13T12:00:00,Kiran
bced6818-efe5-40f9-a90b-614f5e5f6bcf,Hyundai i20,Arjun Mehta,+91 9046954727,hyundai_i20_5884,2024-05-15T12:00:00,Wheel Alignment & Balancing,Steering pull corrected by wheel alignment.,62489,1270.26,2024-12-22T12:00:00,Shiva
69141175-d602-4709-b44f-535ba8781159,Tata Nexon,Nisha Kumar,+91 8999993016,tata_nexon_8215,2023-01-21T12:00:00,Brake Service,Rear brake pads replaced and brake fluid topped up.,37495,2987.74,2023-09-28T12:00:00,Shiva
e56043fb-0540-43e1-b5b8-262e6ee3417b,Mahindra XUV300,Karthik Reddy,+91 9938958609,mahindra_xuv300_7960,2024-08-28T12:00:00,Wheel Alignment & Balancing,Steering pull corrected by wheel alignment.,134118,1233.64,2025-02-15T12:00:00,Manoj
ddc8b646-0ed8-4743-96c6-e581d4bebd4d,Maruti Swift,Varsha Rao,+91 8709292415,maruti_swift_8104,2025-05-12T12:00:00,General Service,"Periodic service, fluids checked and topped up.",151173,4665.68,2025-12-04T12:00:00,Deepak
6d3fe101-bdcd-4789-a00d-f92bd5f64c46,Honda City,Shreya Naik,+91 9924031130,honda_city_1923,2025-06-03T12:00:00,Brake Service,"Brake noise complaint resolved, pads adjusted.",110585,4730.91,2026-01-21T12:00:00,Kiran
212c40cf-1090-4508-8ee3-963a3b64d942,Honda City,Shreya Reddy,+91 8272287122,honda_city_1989,2024-01-23T12:00:00,Brake Service,Front brake pads and discs inspected and replaced.,112340,4399.31,2024-09-05T12:00:00,Irfan
dd692480-9975-4499-a54e-8c95a2d9d0be,Hyundai Creta,Arjun Sharma,+91 9630200852,hyundai_creta_1900,2026-01-15T12:00:00,Wheel Alignment & Balancing,Tyre rotation and balancing performed.,42783,747.57,2026-05-17T12:00:00,Manoj
9a0a6090-2783-443d-8959-5409a617fb1e,Kia Seltos,Sneha Kumar,+91 9952220088,kia_seltos_5373,2024-10-28T12:00:00,Brake Service,"Brake noise complaint resolved, pads adjusted.",108464,4781.56,2025-06-20T12:00:00,Kiran
2f268341-44fa-4f23-87f7-7e8af9c99dfd,Kia Seltos,Rahul Mehta,+91 9298376761,kia_seltos_6177,2025-02-28T12:00:00,Battery Replacement,No-start issue fixed with new battery.,125834,9417.56,2025-10-18T12:00:00,Kiran
c6cdfc2e-9564-4d18-a009-b036a088d2ec,Hyundai Creta,Varsha Gupta,+91 7890629272,hyundai_creta_8621,2023-08-05T12:00:00,Battery Replacement,Battery terminals cleaned and new battery installed.,94811,7760.51,2024-06-14T12:00:00,Manoj
8e814022-490c-418a-99fb-92df9faa30f0,Maruti Swift,Sneha Naik,+91 7323737315,maruti_swift_8431,2024-06-30T12:00:00,General Service,Standard service with air filter cleaning and washing.,162004,4537.77,2024-11-12T12:00:00,Anil
5683477b-db07-4dfe-ac02-540886f37160,Mahindra XUV300,Varsha Sharma,+91 8744136113,mahindra_xuv300_2875,2024-05-15T12:00:00,General Service,Standard service with air filter cleaning and washing.,95147,5010.51,2024-10-12T12:00:00,Manoj
9ed95270-b181-43e5-bb63-5ecd20d9e8a5,Tata Nexon,Varsha Mehta,+91 9308689070,tata_nexon_7068,2024-07-05T12:00:00,General Service,"Engine oil and oil filter changed, general inspection done.",94992,4473.31,2024-12-30T12:00:00,Deepak
3bc94d20-eafc-4c7b-85d4-f41622ffc442,Maruti Swift,Nisha Sharma,+91 8848173596,maruti_swift_9654,2024-12-24T12:00:00,Wheel Alignment & Balancing,4-wheel alignment and balancing done.,158603,1264.55,2025-08-06T12:00:00,Sameer
5004e29a-a7e5-4038-921c-1cd48163f841,Maruti Baleno,Shreya Patel,+91 8142797042,maruti_baleno_1606,2025-12-27T12:00:00,General Service,"Engine oil and oil filter changed, general inspection done.",5951,2879.76,2026-06-13T12:00:00,Deepak
3724f577-345a-4f85-911c-5ef2b9ac7644,Honda City,Varsha Rao,+91 7342391309,honda_city_8209,2025-06-24T12:00:00,General Service,Standard service with air filter cleaning and washing.,17155,5482.17,2025-11-16T12:00:00,Irfan
efe9193f-75a4-46f4-870f-85ca504b6867,Hyundai i20,Shreya Kumar,+91 7498552365,hyundai_i20_8688,2026-01-09T12:00:00,Brake Service,Rear brake pads replaced and brake fluid topped up.,162498,4906.49,2026-08-06T12:00:00,Sameer
2c7dc3c9-f7e3-438e-a19d-bf69430d2936,Honda City,Rahul Rao,+91 7747034433,honda_city_8864,2023-08-02T12:00:00,General Service,Standard service with air filter cleaning and washing.,37458,3585.09,2024-01-30T12:00:00,Shiva
1986c0bc-1d52-4c3c-8aee-99aa49dec110,Kia Seltos,Varsha Gupta,+91 7748810187,kia_seltos_2373,2023-07-20T12:00:00,Clutch Overhaul,Clutch plate and pressure plate changed.,137896,26790.85,2024-11-20T12:00:00,Ramesh
9bc535be-e13a-4442-951d-0f9da90c3190,Hyundai i20,Karthik Mehta,+91 9424376779,hyundai_i20_2732,2023-07-17T12:00:00,Brake Service,Rear brake pads replaced and brake fluid topped up.,142279,3139.48,2024-01-03T12:00:00,Deepak
ae08da76-3eed-4e62-ae3c-c25902290d40,Hyundai Creta,Varsha Patel,+91 7969053974,hyundai_creta_6651,2024-11-30T12:00:00,Wheel Alignment & Balancing,Steering pull corrected by wheel alignment.,56118,2080.43,2025-05-31T12:00:00,Manoj
12cbb187-bd2c-4048-ba9d-ba653309b4e6,Tata Nexon,Arjun Patel,+91 9134642432,tata_nexon_2033,2025-01-27T12:00:00,General Service,"Periodic service, fluids checked and topped up.",22252,3720.61,2025-07-01T12:00:00,Anil
541bb4f0-8f59-49be-94d3-39320c49fbce,Hyundai Creta,Karthik Shetty,+91 9955855365,hyundai_creta_7313,2023-09-07T12:00:00,Brake Service,Front brake pads and discs inspected and replaced.,27002,3102.47,2024-02-06T12:00:00,Deepak
3a0e81f5-3bfa-4f8a-b448-af3671f9ae0e,Kia Seltos,Nisha Kumar,+91 7224766293,kia_seltos_9935,2023-02-28T12:00:00,Clutch Overhaul,Full clutch kit replaced.,106534,16641.58,2024-07-07T12:00:00,Kiran
af5de666-deca-438f-9078-7a8b0d78cc6e,Maruti Swift,Varsha Verma,+91 9424681464,maruti_swift_3767,2023-05-12T12:00:00,General Service,"Periodic service, fluids checked and topped up.",38407,4482.41,2023-11-03T12:00:00,Ramesh
e2ed46ed-0e17-4ddb-962e-0826ac48ddc9,Kia Seltos,Amit Patel,+91 7974118614,kia_seltos_5266,2024-04-07T12:00:00,Engine Repair,Engine overhaul and major internal components serviced.,57891,22730.12,2025-03-09T12:00:00,Anil
5421cafb-57d0-437b-b27d-e05c3259f19e,Tata Nexon,Praveen Reddy,+91 9325721472,tata_nexon_8992,2025-10-03T12:00:00,Engine Repair,"Misfiring issue fixed, spark plugs replaced.",84238,13068.28,2026-07-04T12:00:00,Deepak
4ad7f8a1-75e3-47dd-a716-bd57ae45b876,Maruti Swift,Amit Kumar,+91 9594572612,maruti_swift_3696,2023-03-01T12:00:00,AC Repair,AC gas refilled and compressor checked.,76466,4572.51,2023-07-26T12:00:00,Sameer
3adc7bc2-5683-428d-9c6a-94961e1d381d,Kia Seltos,Varsha Rao,+91 7775574396,kia_seltos_9264,2024-05-03T12:00:00,AC Repair,AC gas refilled and compressor checked.,65650,4212.96,2024-12-25T12:00:00,Kiran
08dbc8a7-bdff-458c-85bc-35f946b45bf3,Tata Nexon,Rahul Kumar,+91 8184836167,tata_nexon_7284,2024-02-12T12:00:00,AC Repair,AC gas refilled and compressor checked.,174337,4089.44,2024-06-23T12:00:00,Kiran
7cddc4ab-2561-466d-a95e-2d6dad92b00c,Maruti Swift,Shreya Naik,+91 9708490353,maruti_swift_9580,2025-11-29T12:00:00,General Service,"Periodic service, fluids checked and topped up.",36924,3455.11,2026-06-17T12:00:00,Shiva
bb55e554-9467-4d0b-b96d-1ac42fbc7101,Hyundai Creta,Sneha Patel,+91 8356415303,hyundai_creta_1738,2023-01-25T12:00:00,Engine Repair,Engine overhaul and major internal components serviced.,35258,25911.27,2024-07-08T12:00:00,Irfan
cca55fd0-206a-463e-95e3-3358063b7194,Maruti Baleno,Amit Shetty,+91 9388913438,maruti_baleno_2122,2025-02-07T12:00:00,AC Repair,AC vents cleaned and cabin filter replaced.,122027,3548.39,2025-06-07T12:00:00,Deepak
b4f25940-22f2-4939-a4d6-07119d809402,Honda City,Rahul Sharma,+91 7855480825,honda_city_8025,2024-04-12T12:00:00,Brake Service,"Brake noise complaint resolved, pads adjusted.",43259,2210.3,2024-11-15T12:00:00,Anil
ac565e9b-0e7c-49e0-9d9e-44f4d748e855,Mahindra XUV300,Karthik Patel,+91 8404725993,mahindra_xuv300_7340,2024-09-11T12:00:00,Brake Service,"Brake noise complaint resolved, pads adjusted.",141834,4500.78,2025-05-09T12:00:00,Irfan
78a626d2-693b-4e29-b87d-411da282eaa5,Maruti Swift,Rohan Verma,+91 7743474011,maruti_swift_8229,2023-09-19T12:00:00,Brake Service,"Brake noise complaint resolved, pads adjusted.",13980,3074.34,2024-02-11T12:00:00,Manoj
9159e642-0de0-43e2-b31c-4a4c1c07d349,Tata Nexon,Praveen Reddy,+91 7690091728,tata_nexon_4991,2024-11-20T12:00:00,General Service,"Engine oil and oil filter changed, general inspection done.",41816,3403.85,2025-04-10T12:00:00,Ramesh
d605bdb8-0667-490b-90af-6e812e21cce7,Tata Nexon,Shreya Shetty,+91 8380846786,tata_nexon_2119,2023-04-12T12:00:00,AC Repair,AC gas refilled and compressor checked.,61110,2680.9,2023-09-22T12:00:00,Irfan
0d7bef1b-4350-405e-a092-0a6c15a3954d,Maruti Baleno,Praveen Patel,+91 7670266019,maruti_baleno_6232,2023-12-26T12:00:00,General Service,"Engine oil and oil filter changed, general inspection done.",65731,2953.1,2024-05-11T12:00:00,Kiran
4b398090-c2fd-427f-8e08-6ae2beac4a9b,Hyundai i20,Varsha Naik,+91 7937301959,hyundai_i20_3352,2025-09-27T12:00:00,Engine Repair,Engine overhaul and major internal components serviced.,147603,31983.55,2026-06-21T12:00:00,Anil
ac961a4d-053f-4d11-bae3-2617d99d7323,Maruti Swift,Rahul Kumar,+91 8432326286,maruti_swift_2283,2024-12-20T12:00:00,Brake Service,Front brake pads and discs inspected and replaced.,67809,2845.39,2025-07-13T12:00:00,Irfan
76c97dad-949c-4e40-afb6-d1b8eeac73cb,Tata Nexon,Praveen Rao,+91 7879855606,tata_nexon_3558,2025-04-21T12:00:00,Engine Repair,Timing belt replaced and engine tuned.,36240,27605.19,2026-04-16T12:00:00,Ramesh
2132f9ab-4cb3-4381-a441-729ef85870ce,Hyundai i20,Karthik Shetty,+91 9929671864,hyundai_i20_4204,2023-01-28T12:00:00,Brake Service,"Brake noise complaint resolved, pads adjusted.",143924,4374.57,2023-08-21T12:00:00,Anil
104be629-3218-4736-9dff-de0d64342930,Honda City,Varsha Verma,+91 8159283212,honda_city_3433,2025-07-31T12:00:00,General Service,"Periodic service, fluids checked and topped up.",136762,5178.08,2026-01-30T12:00:00,Deepak
1695ea46-f4d1-4fbb-8610-49df5a3a1bb3,Hyundai i20,Rahul Reddy,+91 7113439009,hyundai_i20_2793,2026-01-02T12:00:00,Clutch Overhaul,"Clutch slip issue fixed, release bearing replaced.",107029,18239.09,2027-03-14T12:00:00,Sameer
178de50e-faf8-45ed-a199-dd91a56d0d33,Mahindra XUV300,Rahul Reddy,+91 7238928818,mahindra_xuv300_9131,2023-08-21T12:00:00,AC Repair,"Cooling issue fixed, condenser cleaned.",167564,5372.77,2024-01-04T12:00:00,Ramesh
65804b6c-8a56-4cd2-9d15-637f0bdac31c,Tata Nexon,Varsha Sharma,+91 9364530376,tata_nexon_9541,2023-07-15T12:00:00,Brake Service,Front brake pads and discs inspected and replaced.,155757,3190.46,2024-01-27T12:00:00,Sameer
4b818c49-64c9-45ba-8894-3a7ae7d7e552,Maruti Swift,Karthik Reddy,+91 8063321533,maruti_swift_4614,2025-08-17T12:00:00,Brake Service,"Brake noise complaint resolved, pads adjusted.",134648,4298.92,2025-12-29T12:00:00,Deepak
93c06363-1fb9-41b2-a484-5bab940c1647,Hyundai i20,Varsha Shetty,+91 7758979228,hyundai_i20_8630,2025-12-04T12:00:00,Brake Service,Front brake pads and discs inspected and replaced.,173421,5253.25,2026-04-26T12:00:00,Deepak
a5d33ab5-7783-44be-8f9b-336636e62085,Mahindra XUV300,Shreya Mehta,+91 7641800663,mahindra_xuv300_1602,2025-01-31T12:00:00,Clutch Overhaul,"Clutch slip issue fixed, release bearing replaced.",119863,14882.86,2026-05-03T12:00:00,Kiran
650bb42e-13c3-4445-a878-b3a67713e385,Hyundai Creta,Nisha Mehta,+91 7097563434,hyundai_creta_4758,2025-10-25T12:00:00,General Service,"Periodic service, fluids checked and topped up.",24957,3476.35,2026-05-24T12:00:00,Irfan
365c4b1f-e5a6-420b-90db-faaf0a4a8579,Tata Nexon,Nisha Naik,+91 7645979612,tata_nexon_5924,2024-01-13T12:00:00,General Service,"Periodic service, fluids checked and topped up.",171102,4719.73,2024-07-26T12:00:00,Anil
fd3cadb7-bb0e-4977-8e33-fea978d88c22,Honda City,Arjun Gupta,+91 9994028697,honda_city_5423,2023-05-17T12:00:00,Brake Service,"Brake noise complaint resolved, pads adjusted.",51342,2781.08,2023-11-23T12:00:00,Sameer
e44b768a-cab1-4db5-bc30-6211fefa21e6,Mahindra XUV300,Praveen Mehta,+91 7642626659,mahindra_xuv300_1102,2025-03-12T12:00:00,General Service,Standard service with air filter cleaning and washing.,146851,5954.53,2025-09-01T12:00:00,Ramesh
a9959b58-4c70-43fc-803c-bcd0a1911f0b,Maruti Baleno,Rahul Gupta,+91 7210539307,maruti_baleno_7831,2023-05-11T12:00:00,Brake Service,Rear brake pads replaced and brake fluid topped up.,42492,2018.8,2023-12-22T12:00:00,Shiva
dd2c9e41-78bc-4f8d-857e-c70f6659781d,Kia Seltos,Praveen Naik,+91 7877082683,kia_seltos_2056,2024-08-27T12:00:00,Brake Service,Front brake pads and discs inspected and replaced.,44807,2476.35,2025-04-06T12:00:00,Irfan
ee844442-8dc4-4a28-ace2-9b96576e70bd,Kia Seltos,Varsha Verma,+91 9966507029,kia_seltos_3839,2024-03-03T12:00:00,AC Repair,AC vents cleaned and cabin filter replaced.,98298,4655.31,2024-08-19T12:00:00,Deepak
8eb65180-3fb7-4372-acd7-d8ac29f28bdc,Hyundai Creta,Karthik Reddy,+91 9592274254,hyundai_creta_8993,2023-08-18T12:00:00,Brake Service,Rear brake pads replaced and brake fluid topped up.,51130,3521.09,2024-02-03T12:00:00,Ramesh
eb87a629-2078-429d-9ab6-968292dbeb17,Hyundai i20,Karthik Kumar,+91 8617457295,hyundai_i20_2784,2025-10-04T12:00:00,Brake Service,Rear brake pads replaced and brake fluid topped up.,174431,3309.49,2026-05-19T12:00:00,Shiva
7de72f0c-49ce-4556-8f91-737fac3784b6,Kia Seltos,Sneha Shetty,+91 8984029142,kia_seltos_3844,2023-05-26T12:00:00,Engine Repair,Engine overhaul and major internal components serviced.,42985,17213.29,2024-11-29T12:00:00,Sameer
2d6e7b83-d43d-49f4-a6a3-d02648f7fadb,Mahindra XUV300,Rahul Gupta,+91 7981247561,mahindra_xuv300_5493,2023-08-07T12:00:00,Brake Service,Front brake pads and discs inspected and replaced.,166546,6790.5,2024-03-29T12:00:00,Kiran
1b3cb6b1-008e-408d-903b-0325a8bf6ea1,Maruti Swift,Amit Gupta,+91 8037430875,maruti_swift_6427,2025-09-17T12:00:00,Brake Service,Front brake pads and discs inspected and replaced.,50833,2618.49,2026-04-05T12:00:00,Deepak
c447777f-2034-4f13-b328-1c87214e6aba,Maruti Swift,Amit Shetty,+91 7149677575,maruti_swift_2619,2023-06-27T12:00:00,Brake Service,"Brake noise complaint resolved, pads adjusted.",48358,1585.38,2024-02-16T12:00:00,Anil
d4b8eee6-0327-479d-8d54-03f07ab3ddf1,Tata Nexon,Rahul Shetty,+91 7078551583,tata_nexon_1564,2023-09-16T12:00:00,Battery Replacement,Battery terminals cleaned and new battery installed.,165541,10667.29,2024-12-15T12:00:00,Anil
e45cbae6-1829-4c2e-8dd5-19c04b0c04e6,Kia Seltos,Karthik Kumar,+91 7769117431,kia_seltos_9050,2025-04-17T12:00:00,AC Repair,"Cooling issue fixed, condenser cleaned.",166058,4389.32,2025-11-28T12:00:00,Deepak
ee52b018-a9b7-499f-838a-ddf902291109,Tata Nexon,Amit Sharma,+91 8094098068,tata_nexon_4552,2024-12-22T12:00:00,Brake Service,Rear brake pads replaced and brake fluid topped up.,114686,3799.62,2025-04-27T12:00:00,Deepak
f1593bcd-1f63-4762-8223-b0e308f2ab06,Hyundai Creta,Arjun Naik,+91 7996262950,hyundai_creta_6447,2025-08-03T12:00:00,AC Repair,AC vents cleaned and cabin filter replaced.,87461,4691.93,2026-03-16T12:00:00,Manoj
330e330e-409b-48b1-acaf-9b4f0aba84dd,Tata Nexon,Arjun Shetty,+91 9602837939,tata_nexon_3286,2023-04-22T12:00:00,Wheel Alignment & Balancing,Tyre rotation and balancing performed.,139091,1726.17,2023-10-22T12:00:00,Shiva
f0cc7fa7-9504-491b-81e6-ead1dccab7ff,Honda City,Praveen Patel,+91 9370839313,honda_city_1356,2023-08-03T12:00:00,General Service,"Periodic service, fluids checked and topped up.",128579,3711.36,2024-01-12T12:00:00,Sameer
23b0af0b-42d5-4caa-8039-e8298dd374a6,Hyundai i20,Varsha Shetty,+91 7421439060,hyundai_i20_2324,2025-05-12T12:00:00,General Service,"Engine oil and oil filter changed, general inspection done.",79891,5315.8,2025-09-27T12:00:00,Kiran
4ad7617d-8107-408b-b409-cd73f75c5f79,Honda City,Arjun Rao,+91 8190081401,honda_city_3139,2025-02-28T12:00:00,AC Repair,"Cooling issue fixed, condenser cleaned.",90393,4681.03,2025-06-22T12:00:00,Sameer
4991df6e-ff58-4507-a561-8ec6770209d5,Maruti Baleno,Praveen Gupta,+91 8881905860,maruti_baleno_8819,2025-11-22T12:00:00,General Service,"Periodic service, fluids checked and topped up.",60804,4216.28,2026-06-11T12:00:00,Ramesh
a3b8552b-5ed4-4ab8-afd3-2b79aed7cd00,Hyundai i20,Sneha Shetty,+91 7882521915,hyundai_i20_9921,2024-04-17T12:00:00,Brake Service,Rear brake pads replaced and brake fluid topped up.,174696,5707.61,2024-11-06T12:00:00,Sameer
39ce23af-18de-4ef1-95d7-f236e91ceb00,Maruti Swift,Shreya Mehta,+91 7252877181,maruti_swift_8997,2025-02-25T12:00:00,General Service,"Engine oil and oil filter changed, general inspection done.",7007,2010.24,2025-09-23T12:00:00,Manoj
d022acf5-2ccc-4e49-a45a-13f5a816adb4,Mahindra XUV300,Amit Patel,+91 8678311656,mahindra_xuv300_5939,2023-10-20T12:00:00,Brake Service,Front brake pads and discs inspected and replaced.,160814,4570.64,2024-05-23T12:00:00,Deepak
d39bb3fd-2716-411c-ac18-29b940e23a87,Maruti Swift,Rahul Naik,+91 8986516951,maruti_swift_3953,2025-06-19T12:00:00,General Service,"Periodic service, fluids checked and topped up.",38024,2507.33,2025-11-19T12:00:00,Deepak
f0ca282e-4dd7-413c-94c2-9ef03cc354ee,Maruti Swift,Arjun Rao,+91 8429932851,maruti_swift_6718,2026-01-12T12:00:00,General Service,"Engine oil and oil filter changed, general inspection done.",165052,6526.69,2026-05-30T12:00:00,Anil
5bb3f939-e615-4d3e-847c-40263a5b0625,Kia Seltos,Arjun Sharma,+91 9340482285,kia_seltos_9023,2023-06-14T12:00:00,Engine Repair,Engine overhaul and major internal components serviced.,165858,46176.6,2024-10-31T12:00:00,Sameer
138a6a14-467f-485d-b844-9a56f7dd3aa1,Maruti Swift,Nisha Reddy,+91 9728979180,maruti_swift_3228,2024-06-11T12:00:00,General Service,"Periodic service, fluids checked and topped up.",56594,3868.21,2024-11-20T12:00:00,Sameer
f30fd294-4ff1-4ea3-aad2-8b17438f0307,Honda City,Nisha Naik,+91 7890241261,honda_city_9698,2025-05-18T12:00:00,General Service,"Engine oil and oil filter changed, general inspection done.",33825,4408.28,2025-11-05T12:00:00,Manoj
e0f6d731-521d-436a-a930-d5d5717e000c,Hyundai i20,Sneha Mehta,+91 9197596658,hyundai_i20_8575,2023-12-21T12:00:00,Wheel Alignment & Balancing,4-wheel alignment and balancing done.,133536,1796.65,2024-06-12T12:00:00,Deepak
26f599e2-f588-4b3b-b3fc-0ffed1bdfa2c,Hyundai Creta,Rohan Mehta,+91 8055536783,hyundai_creta_8657,2025-11-15T12:00:00,General Service,"Periodic service, fluids checked and topped up.",126492,4356.5,2026-06-14T12:00:00,Kiran
5f430f57-ea94-4b5a-8db1-b89a4945d4d8,Hyundai i20,Amit Sharma,+91 8661621618,hyundai_i20_3141,2026-01-08T12:00:00,General Service,"Periodic service, fluids checked and topped up.",145856,5146.59,2026-06-13T12:00:00,Manoj
a53ff4e6-881e-4c71-913c-db9060b9b5c0,Mahindra XUV300,Nisha Shetty,+91 7789194815,mahindra_xuv300_9802,2023-09-19T12:00:00,General Service,"Engine oil and oil filter changed, general inspection done.",9584,2742.44,2024-02-25T12:00:00,Anil
675fa242-dd77-45a5-9dfd-d21d10700146,Kia Seltos,Shreya Naik,+91 9221105232,kia_seltos_4959,2023-06-11T12:00:00,Brake Service,"Brake noise complaint resolved, pads adjusted.",138005,3397.97,2024-02-12T12:00:00,Ramesh
0176ba4e-7633-4d8e-b2ae-cf16afb2aea7,Hyundai Creta,Sneha Verma,+91 7003814364,hyundai_creta_4413,2024-04-15T12:00:00,General Service,Standard service with air filter cleaning and washing.,95225,6678.69,2024-11-04T12:00:00,Anil
b0d289f4-5fdd-41b7-a2c1-f817044cbb86,Hyundai Creta,Karthik Naik,+91 7343234810,hyundai_creta_5337,2025-12-05T12:00:00,Brake Service,Rear brake pads replaced and brake fluid topped up.,104361,3605.64,2026-04-03T12:00:00,Deepak
3077d0d8-64c7-4b2d-a008-8d560ee0f2b5,Honda City,Amit Gupta,+91 8749099958,honda_city_7265,2023-03-07T12:00:00,General Service,Standard service with air filter cleaning and washing.,16914,2479.75,2023-08-26T12:00:00,Anil
1169809d-723b-4ff4-8014-6cc88e5f4646,Maruti Swift,Rohan Sharma,+91 9943825769,maruti_swift_8169,2025-12-09T12:00:00,General Service,"Engine oil and oil filter changed, general inspection done.",177706,5522.73,2026-05-09T12:00:00,Sameer
e3a7a279-8814-4101-940c-373370239452,Hyundai Creta,Amit Mehta,+91 9537766242,hyundai_creta_9955,2025-02-26T12:00:00,Engine Repair,Timing belt replaced and engine tuned.,64363,26993.27,2026-04-18T12:00:00,Manoj
8fb3b2e5-0ccb-4d25-8942-58f4b12a7db6,Maruti Swift,Rahul Verma,+91 7452667858,maruti_swift_7026,2025-06-30T12:00:00,Brake Service,"Brake noise complaint resolved, pads adjusted.",94091,2572.02,2026-01-28T12:00:00,Shiva
e74ce83e-cc03-4af8-9b6b-8022aefb0cd6,Kia Seltos,Amit Rao,+91 7688278102,kia_seltos_6759,2023-03-09T12:00:00,Brake Service,"Brake noise complaint resolved, pads adjusted.",99450,3280.82,2023-08-19T12:00:00,Ramesh
52f12683-d18e-4f0a-ac72-5f33235037a7,Tata Nexon,Rahul Shetty,+91 8792447525,tata_nexon_6186,2023-06-19T12:00:00,General Service,Standard service with air filter cleaning and washing.,60593,3781.43,2024-01-17T12:00:00,Ramesh
33ef1566-7b06-44a2-a227-1caeb8c97d9b,Maruti Baleno,Rohan Gupta,+91 7516590830,maruti_baleno_8904,2024-12-28T12:00:00,General Service,"Periodic service, fluids checked and topped up.",114799,5074.3,2025-07-10T12:00:00,Manoj
9e539ac0-c22b-4044-b5df-df9c54a44e52,Maruti Swift,Rahul Shetty,+91 9909189269,maruti_swift_7147,2023-08-11T12:00:00,Wheel Alignment & Balancing,Steering pull corrected by wheel alignment.,84078,1815.47,2023-12-11T12:00:00,Manoj
b01d3b6d-72dc-4d54-88f4-525e84ed8a9a,Maruti Baleno,Nisha Reddy,+91 7315425163,maruti_baleno_6346,2025-10-16T12:00:00,Wheel Alignment & Balancing,Tyre rotation and balancing performed.,140433,1545.3,2026-03-12T12:00:00,Anil
cb7c2985-5ed8-4f93-b530-fd7c271edb47,Honda City,Nisha Sharma,+91 7940568762,honda_city_9253,2023-04-12T12:00:00,General Service,Standard service with air filter cleaning and washing.,102566,7703.27,2023-11-13T12:00:00,Sameer
4947c714-65b9-4889-8ac2-33c6cc3684dc,Honda City,Arjun Kumar,+91 9949615432,honda_city_1635,2023-03-14T12:00:00,General Service,Standard service with air filter cleaning and washing.,126486,5264.12,2023-07-30T12:00:00,Deepak
cb97b230-3de5-494e-b6fe-ffe83b9260d0,Maruti Swift,Shreya Verma,+91 7007714942,maruti_swift_2927,2025-06-11T12:00:00,General Service,Standard service with air filter cleaning and washing.,140579,4151.02,2025-11-13T12:00:00,Anil
b9885d78-af93-4bb5-b785-d646dd50ea12,Mahindra XUV300,Karthik Verma,+91 9681525760,mahindra_xuv300_1087,2024-04-10T12:00:00,Battery Replacement,Old battery replaced with new 60Ah unit.,34472,9913.66,2025-01-07T12:00:00,Deepak
63ae8c58-ce7f-4aad-8910-7d613ce282f1,Tata Nexon,Varsha Verma,+91 8871654681,tata_nexon_2316,2025-04-25T12:00:00,Clutch Overhaul,Clutch plate and pressure plate changed.,102075,27352.21,2025-12-30T12:00:00,Irfan
30fafa26-7cd2-4494-b9f6-45a5037685d4,Maruti Swift,Varsha Rao,+91 9294947474,maruti_swift_2067,2023-08-02T12:00:00,Brake Service,Front brake pads and discs inspected and replaced.,81634,3221.69,2023-11-18T12:00:00,Anil
b6f099b6-dc5f-4ee2-b69f-7a59493ec244,Maruti Baleno,Arjun Verma,+91 8157004552,maruti_baleno_6148,2023-03-08T12:00:00,Brake Service,"Brake noise complaint resolved, pads adjusted.",64201,3275.44,2023-09-27T12:00:00,Deepak
a4a12d8f-1cef-4390-8553-288b7f615998,Kia Seltos,Nisha Sharma,+91 7850021652,kia_seltos_6437,2023-10-18T12:00:00,Engine Repair,Timing belt replaced and engine tuned.,141643,46303.7,2025-01-25T12:00:00,Kiran
d2779324-6653-48a5-a8e3-80f5e7aec4cb,Tata Nexon,Rohan Mehta,+91 8743726218,tata_nexon_9513,2023-12-03T12:00:00,AC Repair,"Cooling issue fixed, condenser cleaned.",52745,2759.0,2024-04-14T12:00:00,Deepak
21bd9d1f-ac25-40c1-8ee9-2ae96e846d0b,Hyundai Creta,Nisha Patel,+91 7293635473,hyundai_creta_1312,2024-12-06T12:00:00,General Service,"Periodic service, fluids checked and topped up.",135147,5710.27,2025-06-02T12:00:00,Manoj
7742ada3-6253-425d-8b08-8430426c2c1a,Kia Seltos,Amit Patel,+91 7027681129,kia_seltos_6006,2023-05-16T12:00:00,General Service,"Engine oil and oil filter changed, general inspection done.",118491,4685.2,2023-12-09T12:00:00,Manoj
af86b560-02b1-4295-a7ba-704a2800c60a,Hyundai Creta,Sneha Patel,+91 9326304947,hyundai_creta_1899,2025-09-30T12:00:00,Brake Service,Front brake pads and discs inspected and replaced.,166016,3696.31,2026-02-11T12:00:00,Deepak
8e12d1b1-1aa3-4f78-bf76-e5c08d80e49c,Hyundai i20,Rohan Sharma,+91 9885927589,hyundai_i20_7076,2023-09-04T12:00:00,General Service,Standard service with air filter cleaning and washing.,46378,4574.13,2024-04-16T12:00:00,Irfan
15a6469f-3bf2-40fb-9d9e-4b1d627f299d,Maruti Baleno,Karthik Gupta,+91 7195713103,maruti_baleno_4816,2023-05-17T12:00:00,Wheel Alignment & Balancing,Steering pull corrected by wheel alignment.,36710,1224.55,2023-11-28T12:00:00,Manoj
0f890e1c-b90e-4c3d-bbc5-62d7b84c2e1e,Hyundai i20,Sneha Naik,+91 8587131042,hyundai_i20_5651,2023-10-27T12:00:00,General Service,"Periodic service, fluids checked and topped up.",112628,5787.63,2024-05-29T12:00:00,Deepak
35b6d650-820e-4060-8895-faf70d83dd0b,Maruti Baleno,Nisha Mehta,+91 8005301359,maruti_baleno_5575,2023-11-17T12:00:00,AC Repair,"Cooling issue fixed, condenser cleaned.",74675,3235.94,2024-05-05T12:00:00,Ramesh
e7c94acd-97eb-49ca-b733-2d3ad642b24c,Maruti Baleno,Karthik Verma,+91 7937375930,maruti_baleno_6386,2023-02-27T12:00:00,General Service,"Periodic service, fluids checked and topped up.",54610,4306.93,2023-09-07T12:00:00,Anil
b03488f4-eda1-4f72-a664-ce4089c13e5a,Mahindra XUV300,Sneha Patel,+91 7998159546,mahindra_xuv300_6737,2024-09-03T12:00:00,General Service,"Periodic service, fluids checked and topped up.",154725,6938.29,2025-03-07T12:00:00,Sameer
4d75e82e-a18b-48dc-8c09-2bfcb4fb6f9b,Tata Nexon,Amit Patel,+91 9015268658,tata_nexon_1306,2025-11-21T12:00:00,Engine Repair,Timing belt replaced and engine tuned.,143537,20865.06,2027-02-19T12:00:00,Anil
e4fd9952-0012-4ec4-8905-80e7e23a402a,Tata Nexon,Varsha Shetty,+91 8688955552,tata_nexon_3176,2025-09-01T12:00:00,Clutch Overhaul,"Clutch slip issue fixed, release bearing replaced.",137236,21237.25,2027-02-21T12:00:00,Anil
a8c31502-4314-4974-ba20-02630cc2668f,Maruti Swift,Shreya Mehta,+91 9738115858,maruti_swift_8892,2024-05-14T12:00:00,AC Repair,AC gas refilled and compressor checked.,58779,2027.61,2024-09-15T12:00:00,Irfan
5e45040b-1449-4522-a06b-8b4766eb10fe,Hyundai i20,Rohan Gupta,+91 9518652935,hyundai_i20_7033,2024-10-12T12:00:00,AC Repair,AC gas refilled and compressor checked.,134464,4966.9,2025-01-31T12:00:00,Sameer
f8692b0d-432b-4462-9534-fff18b320497,Mahindra XUV300,Amit Gupta,+91 9366766895,mahindra_xuv300_8978,2023-02-23T12:00:00,Clutch Overhaul,Full clutch kit replaced.,103760,27789.36,2023-10-17T12:00:00,Ramesh
fd320310-eed2-4470-af6f-32b7f4970195,Maruti Baleno,Sneha Verma,+91 7003180872,maruti_baleno_4647,2023-08-28T12:00:00,AC Repair,AC vents cleaned and cabin filter replaced.,178150,7518.08,2024-02-15T12:00:00,Deepak
d5b0d543-f8dc-4aa3-bc12-be38935f1518,Hyundai i20,Rohan Patel,+91 8289282304,hyundai_i20_9779,2023-12-28T12:00:00,General Service,Standard service with air filter cleaning and washing.,163071,5642.59,2024-06-12T12:00:00,Sameer
cd313135-e914-4a42-811f-bd5375b440bf,Hyundai Creta,Karthik Gupta,+91 7559647817,hyundai_creta_7054,2025-10-28T12:00:00,AC Repair,AC gas refilled and compressor checked.,38010,3208.49,2026-06-21T12:00:00,Anil
6660fa26-7b27-4a54-9a26-395d81d6694a,Hyundai i20,Amit Naik,+91 9240097377,hyundai_i20_5985,2024-10-14T12:00:00,Engine Repair,"Misfiring issue fixed, spark plugs replaced.",29643,21442.29,2025-09-22T12:00:00,Deepak
24ee9567-14bb-417e-b4b1-67a22d0986a1,Hyundai i20,Varsha Kumar,+91 8241692847,hyundai_i20_6289,2023-08-31T12:00:00,Clutch Overhaul,Clutch plate and pressure plate changed.,31350,17605.52,2024-09-09T12:00:00,Ramesh
64c7c403-884b-4b51-8eea-51ef23fcd338,Kia Seltos,Shreya Patel,+91 7634766043,kia_seltos_9692,2023-08-23T12:00:00,Brake Service,Rear brake pads replaced and brake fluid topped up.,20865,2280.2,2024-04-03T12:00:00,Anil
b9944d86-d1e2-49c3-94bd-041ec0b3277a,Honda City,Varsha Gupta,+91 8513655588,honda_city_5413,2023-08-17T12:00:00,Brake Service,"Brake noise complaint resolved, pads adjusted.",9489,1816.26,2024-02-05T12:00:00,Ramesh
41a58b13-550c-49af-954e-f0ed2e76f606,Maruti Baleno,Rahul Verma,+91 8131520968,maruti_baleno_3261,2023-08-15T12:00:00,Clutch Overhaul,Full clutch kit replaced.,136789,25446.14,2024-05-25T12:00:00,Deepak
8dfe087c-fd66-4820-9c6c-867f9fc1120e,Hyundai Creta,Rahul Reddy,+91 9624459701,hyundai_creta_7195,2024-08-13T12:00:00,Clutch Overhaul,"Clutch slip issue fixed, release bearing replaced.",100085,22702.2,2026-01-15T12:00:00,Shiva
64d5116d-5cba-4395-8890-5038aec09b8e,Kia Seltos,Rohan Patel,+91 8106634248,kia_seltos_3926,2023-03-05T12:00:00,General Service,Standard service with air filter cleaning and washing.,46832,3088.58,2023-09-12T12:00:00,Kiran
cf499c49-6f2b-48a9-87ef-db7e39ad5528,Honda City,Rohan Gupta,+91 9354504825,honda_city_1010,2023-06-06T12:00:00,Wheel Alignment & Balancing,4-wheel alignment and balancing done.,137113,3095.39,2024-01-04T12:00:00,Ramesh
8d3254d1-9553-4e16-bacf-c601a5a30560,Hyundai Creta,Praveen Kumar,+91 7197807547,hyundai_creta_3023,2025-01-18T12:00:00,AC Repair,AC vents cleaned and cabin filter replaced.,16953,3142.73,2025-07-26T12:00:00,Irfan
c8b4689a-fb3c-439f-8f9f-39e88e3f25a8,Honda City,Sneha Kumar,+91 9613866872,honda_city_4117,2025-05-04T12:00:00,General Service,"Periodic service, fluids checked and topped up.",27283,3576.7,2025-10-30T12:00:00,Ramesh
7a95ccbf-35b9-4818-b2e3-bd5004466d18,Honda City,Nisha Sharma,+91 9825859057,honda_city_7324,2025-04-19T12:00:00,General Service,"Engine oil and oil filter changed, general inspection done.",92086,3595.45,2025-10-11T12:00:00,Manoj
f785f95c-45c8-401a-9091-1c46157d361e,Honda City,Arjun Mehta,+91 9770639868,honda_city_9521,2024-06-19T12:00:00,General Service,Standard service with air filter cleaning and washing.,79189,5787.48,2025-01-29T12:00:00,Ramesh
50fae760-7ca0-44f5-bde1-be80c1c2869c,Maruti Baleno,Arjun Reddy,+91 7355116575,maruti_baleno_5720,2024-05-23T12:00:00,Engine Repair,"Misfiring issue fixed, spark plugs replaced.",99635,22086.11,2025-04-30T12:00:00,Anil
4d31d727-b780-4f00-a268-f1cdefc88d8e,Hyundai Creta,Rahul Mehta,+91 9305692845,hyundai_creta_2247,2025-02-20T12:00:00,General Service,"Periodic service, fluids checked and topped up.",79459,5779.98,2025-09-03T12:00:00,Ramesh
9e519079-b013-4bda-8e08-d313641a8aed,Mahindra XUV300,Karthik Gupta,+91 8293459074,mahindra_xuv300_8519,2023-04-20T12:00:00,AC Repair,AC gas refilled and compressor checked.,151163,6453.67,2023-12-07T12:00:00,Deepak
962681ef-cfcf-40b1-8d57-b06daceeda2f,Hyundai i20,Shreya Patel,+91 9228013845,hyundai_i20_3202,2025-11-16T12:00:00,Clutch Overhaul,Clutch plate and pressure plate changed.,38119,10083.87,2027-01-23T12:00:00,Deepak
2af42696-5231-48f0-b031-31f483772204,Hyundai Creta,Praveen Gupta,+91 8630092682,hyundai_creta_2174,2023-04-06T12:00:00,Brake Service,Front brake pads and discs inspected and replaced.,166235,4695.96,2023-08-13T12:00:00,Sameer
0535a065-f3d5-4731-a4b0-c44e1157f415,Tata Nexon,Nisha Rao,+91 8092384974,tata_nexon_5218,2025-11-12T12:00:00,AC Repair,AC vents cleaned and cabin filter replaced.,51154,2586.83,2026-07-01T12:00:00,Deepak
62aef8d6-951e-4496-8d9f-660247b6f362,Maruti Baleno,Arjun Gupta,+91 8162974746,maruti_baleno_2747,2023-05-22T12:00:00,General Service,"Periodic service, fluids checked and topped up.",127375,7046.41,2023-10-24T12:00:00,Kiran
88362166-d089-49cb-aa33-277e1ff8ef79,Tata Nexon,Praveen Shetty,+91 8840482414,tata_nexon_7898,2023-05-21T12:00:00,General Service,Standard service with air filter cleaning and washing.,107947,3919.47,2023-12-22T12:00:00,Irfan
55f5e26f-d84f-4b98-ae1c-38de2c990db9,Maruti Baleno,Rahul Patel,+91 7034558356,maruti_baleno_6484,2023-09-22T12:00:00,Wheel Alignment & Balancing,Steering pull corrected by wheel alignment.,26118,1323.36,2024-05-29T12:00:00,Irfan
f5b4b5c1-5da2-4cfe-a2d4-4d07258b3f47,Maruti Baleno,Shreya Rao,+91 7028238436,maruti_baleno_9009,2025-06-11T12:00:00,General Service,Standard service with air filter cleaning and washing.,150979,4238.49,2025-11-08T12:00:00,Kiran
74d94693-674c-4d5b-b06d-7e1d18ce5650,Tata Nexon,Arjun Reddy,+91 8114387541,tata_nexon_4264,2023-05-03T12:00:00,General Service,"Periodic service, fluids checked and topped up.",38212,2870.84,2023-10-05T12:00:00,Shiva
1c795b4f-b746-4de9-9498-868329b70386,Maruti Swift,Arjun Kumar,+91 8211675685,maruti_swift_7626,2025-12-28T12:00:00,Wheel Alignment & Balancing,Steering pull corrected by wheel alignment.,69237,1449.12,2026-05-14T12:00:00,Anil
821bc1b7-1b26-4244-8c5a-056b38784745,Honda City,Arjun Shetty,+91 8819984564,honda_city_7423,2023-06-26T12:00:00,Engine Repair,Timing belt replaced and engine tuned.,118302,18931.53,2024-07-28T12:00:00,Deepak
685fa27e-630f-4159-b5b2-aeda9e4a4938,Hyundai Creta,Shreya Kumar,+91 7718161855,hyundai_creta_3580,2023-09-18T12:00:00,General Service,"Periodic service, fluids checked and topped up.",89806,4340.43,2024-02-10T12:00:00,Manoj
37cc02f9-1864-4e25-af28-0ff9eb04d394,Tata Nexon,Nisha Naik,+91 7294341007,tata_nexon_1886,2025-08-10T12:00:00,Clutch Overhaul,Full clutch kit replaced.,59000,21402.54,2026-08-07T12:00:00,Anil
6c77cb31-5ccc-4a15-9625-cf395bec7f63,Honda City,Arjun Naik,+91 8096000046,honda_city_5709,2024-09-21T12:00:00,Clutch Overhaul,Clutch plate and pressure plate changed.,138732,25291.57,2025-10-03T12:00:00,Manoj
cc806663-db17-4915-9fd4-233a5e5a24a9,Hyundai i20,Varsha Verma,+91 9425135036,hyundai_i20_7378,2024-01-13T12:00:00,AC Repair,AC vents cleaned and cabin filter replaced.,163478,6536.43,2024-09-07T12:00:00,Ramesh
051e6b01-80c7-4c99-a87c-39a359135f8e,Honda City,Varsha Patel,+91 7715329318,honda_city_4407,2024-10-16T12:00:00,Wheel Alignment & Balancing,Steering pull corrected by wheel alignment.,93298,1141.38,2025-01-30T12:00:00,Irfan
284f3235-d5dc-4f9c-9945-d478d431266d,Kia Seltos,Rohan Sharma,+91 7671378094,kia_seltos_7061,2024-05-11T12:00:00,Wheel Alignment & Balancing,Tyre rotation and balancing performed.,24555,1033.12,2025-01-04T12:00:00,Shiva
e8703ab2-6e70-4703-b520-6957c3f1ac17,Tata Nexon,Karthik Mehta,+91 9690575598,tata_nexon_8393,2025-12-06T12:00:00,Clutch Overhaul,"Clutch slip issue fixed, release bearing replaced.",62843,14347.92,2027-01-12T12:00:00,Anil
f9560129-53c2-41c0-a156-46ac6ec3e888,Maruti Baleno,Rahul Mehta,+91 7195442229,maruti_baleno_9475,2025-05-13T12:00:00,Clutch Overhaul,"Clutch slip issue fixed, release bearing replaced.",11653,12412.88,2026-03-03T12:00:00,Kiran
bfab44f5-c065-42aa-a40a-06b76ce6fe70,Mahindra XUV300,Sneha Patel,+91 7756042897,mahindra_xuv300_2295,2023-03-28T12:00:00,Brake Service,"Brake noise complaint resolved, pads adjusted.",162990,3298.69,2023-08-01T12:00:00,Deepak
14953123-e033-4393-8759-a2cc86305c5f,Maruti Swift,Sneha Sharma,+91 7806233045,maruti_swift_7958,2025-07-14T12:00:00,General Service,"Engine oil and oil filter changed, general inspection done.",154656,7478.05,2025-12-22T12:00:00,Irfan
8932e41f-c283-419b-b139-ccd7a1e83815,Hyundai i20,Rahul Kumar,+91 7587432811,hyundai_i20_6744,2024-02-06T12:00:00,General Service,Standard service with air filter cleaning and washing.,24957,2951.1,2024-08-29T12:00:00,Ramesh
671b9ad9-b3e0-4168-8613-ea3198315864,Maruti Baleno,Rahul Naik,+91 9214535688,maruti_baleno_1141,2025-08-07T12:00:00,AC Repair,"Cooling issue fixed, condenser cleaned.",64857,2759.66,2026-03-05T12:00:00,Deepak
19391b40-979f-44b9-a298-e68558a67d5d,Mahindra XUV300,Varsha Kumar,+91 9218772918,mahindra_xuv300_3566,2024-11-30T12:00:00,Brake Service,Front brake pads and discs inspected and replaced.,165885,4510.28,2025-03-18T12:00:00,Anil
346d0411-a958-4af8-8619-6dd2a49fc373,Honda City,Nisha Rao,+91 8053978920,honda_city_6397,2023-03-01T12:00:00,Wheel Alignment & Balancing,Tyre rotation and balancing performed.,86650,2043.46,2023-10-11T12:00:00,Sameer
33f73a44-17ad-4891-b1ba-3304c3a38199,Honda City,Shreya Naik,+91 9848737152,honda_city_8477,2024-09-20T12:00:00,General Service,"Engine oil and oil filter changed, general inspection done.",68385,4892.2,2025-02-25T12:00:00,Manoj
ca6e1558-3059-4de1-b721-e040d85f44f4,Kia Seltos,Karthik Reddy,+91 7672267666,kia_seltos_8075,2023-06-23T12:00:00,General Service,Standard service with air filter cleaning and washing.,8193,5022.69,2023-11-18T12:00:00,Kiran
071121cf-4979-492a-bc72-bd5f871c1db9,Maruti Baleno,Karthik Sharma,+91 7979938171,maruti_baleno_9704,2025-07-10T12:00:00,AC Repair,AC gas refilled and compressor checked.,140697,4258.13,2026-01-31T12:00:00,Manoj
d117d221-ac03-4cbd-8dd3-30ecd4ff8d1a,Maruti Baleno,Shreya Naik,+91 9516697878,maruti_baleno_2254,2023-03-13T12:00:00,Clutch Overhaul,Clutch plate and pressure plate changed.,27433,9935.61,2024-01-13T12:00:00,Kiran
65f5cabb-da3e-42b5-bf3f-bab4469258c3,Maruti Swift,Amit Sharma,+91 8387403644,maruti_swift_8444,2023-12-13T12:00:00,AC Repair,"Cooling issue fixed, condenser cleaned.",160018,4381.45,2024-05-06T12:00:00,Ramesh
97c60219-de4f-4716-b94f-2ae9c0932944,Maruti Swift,Varsha Mehta,+91 9967435530,maruti_swift_7548,2023-03-08T12:00:00,General Service,"Periodic service, fluids checked and topped up.",46873,4537.8,2023-09-09T12:00:00,Ramesh
98316139-0c0b-42b1-9e6d-052a7dbbf3b4,Kia Seltos,Varsha Kumar,+91 7769587881,kia_seltos_8398,2025-04-24T12:00:00,General Service,"Periodic service, fluids checked and topped up.",81422,4063.9,2025-11-03T12:00:00,Shiva
32aab23b-7833-4f3a-98c4-57d5b208715a,Kia Seltos,Sneha Reddy,+91 8239552001,kia_seltos_1915,2023-08-03T12:00:00,Wheel Alignment & Balancing,4-wheel alignment and balancing done.,145727,2449.1,2023-12-13T12:00:00,Sameer
87bfc1b0-6c94-4e46-acfa-c72e88571f4e,Mahindra XUV300,Shreya Gupta,+91 9352899406,mahindra_xuv300_7025,2024-11-10T12:00:00,General Service,"Periodic service, fluids checked and topped up.",33656,5316.81,2025-05-26T12:00:00,Sameer
f9da1b91-af28-4426-9f87-406c9de959a9,Maruti Baleno,Rahul Patel,+91 9540325625,maruti_baleno_4482,2025-07-08T12:00:00,Clutch Overhaul,Full clutch kit replaced.,93297,16904.41,2026-03-27T12:00:00,Kiran
42a8b496-7f39-4d59-9dca-12e65222e31e,Honda City,Nisha Naik,+91 7416199526,honda_city_2273,2023-12-15T12:00:00,Wheel Alignment & Balancing,4-wheel alignment and balancing done.,93558,1720.77,2024-05-21T12:00:00,Irfan
f328e3f8-4128-4e9a-9874-ee9107da96c7,Hyundai i20,Karthik Reddy,+91 9129317599,hyundai_i20_1160,2024-05-12T12:00:00,Clutch Overhaul,Full clutch kit replaced.,48807,16293.26,2025-05-30T12:00:00,Deepak
7dfad5cb-8b5f-4bea-bd63-85e1928e66d2,Maruti Swift,Rohan Gupta,+91 8439559490,maruti_swift_5147,2023-03-29T12:00:00,AC Repair,AC gas refilled and compressor checked.,125997,4476.09,2023-10-01T12:00:00,Manoj
b18e8a32-c265-4260-b9c7-4ba2662119b4,Mahindra XUV300,Amit Mehta,+91 7785586409,mahindra_xuv300_2638,2025-02-11T12:00:00,General Service,"Engine oil and oil filter changed, general inspection done.",78576,6778.93,2025-08-28T12:00:00,Shiva
224949a6-e655-4e2d-bc04-31ce2975660f,Maruti Swift,Nisha Kumar,+91 9899629342,maruti_swift_9793,2023-12-20T12:00:00,Battery Replacement,No-start issue fixed with new battery.,99938,7849.17,2024-12-25T12:00:00,Irfan
9080eceb-137c-4be2-b4a4-2f3be9dc4cd7,Hyundai Creta,Nisha Patel,+91 7448773022,hyundai_creta_4411,2023-03-16T12:00:00,Brake Service,Rear brake pads replaced and brake fluid topped up.,115453,3415.47,2023-09-27T12:00:00,Anil
0feb1f8b-6583-49ec-a943-838070ea4c47,Kia Seltos,Praveen Sharma,+91 8563924287,kia_seltos_3644,2025-10-10T12:00:00,General Service,Standard service with air filter cleaning and washing.,103693,4850.05,2026-04-24T12:00:00,Shiva
a2700cbf-b1e2-4ffe-ac1b-5405e23ba5f1,Maruti Swift,Arjun Kumar,+91 8212714691,maruti_swift_7140,2025-01-11T12:00:00,Clutch Overhaul,"Clutch slip issue fixed, release bearing replaced.",113151,13016.07,2025-08-27T12:00:00,Deepak
1e7a153f-f62b-45bd-a68f-7b802b1b7e65,Hyundai i20,Arjun Rao,+91 8784379710,hyundai_i20_8885,2025-09-09T12:00:00,General Service,Standard service with air filter cleaning and washing.,29412,2078.3,2026-04-20T12:00:00,Manoj
7811e1d0-b461-4eb9-b828-0767ee9dc86d,Tata Nexon,Rohan Shetty,+91 8473939382,tata_nexon_9038,2023-08-31T12:00:00,Engine Repair,"Misfiring issue fixed, spark plugs replaced.",7865,8906.89,2024-10-29T12:00:00,Kiran
d8a3e8cf-b7ca-4622-88c9-a5c419de106d,Kia Seltos,Nisha Naik,+91 7773278771,kia_seltos_2575,2025-02-18T12:00:00,General Service,Standard service with air filter cleaning and washing.,120113,5273.46,2025-07-07T12:00:00,Manoj
c68246dc-8356-4b99-94fb-bf56d1724476,Maruti Baleno,Nisha Rao,+91 8775312292,maruti_baleno_2834,2024-11-13T12:00:00,Brake Service,Front brake pads and discs inspected and replaced.,134002,3715.75,2025-03-13T12:00:00,Manoj
d2f327a2-b239-403f-b499-34c775b6ecaa,Tata Nexon,Rahul Rao,+91 8829602283,tata_nexon_7950,2025-06-26T12:00:00,Wheel Alignment & Balancing,Tyre rotation and balancing performed.,37483,723.61,2026-02-08T12:00:00,Irfan
2ca41334-9002-462f-afe3-7d5f47c71800,Hyundai i20,Sneha Reddy,+91 7687828536,hyundai_i20_1169,2024-01-23T12:00:00,Clutch Overhaul,"Clutch slip issue fixed, release bearing replaced.",132743,26059.75,2025-05-01T12:00:00,Manoj
2788365b-1fe8-4064-be11-619ea0eee875,Tata Nexon,Arjun Naik,+91 7668606182,tata_nexon_4083,2024-05-11T12:00:00,Clutch Overhaul,Full clutch kit replaced.,77428,12062.82,2025-05-09T12:00:00,Kiran
1867e6c6-7ea3-4f09-8651-807e750ad951,Hyundai Creta,Amit Reddy,+91 8158968863,hyundai_creta_9697,2024-07-22T12:00:00,Brake Service,Rear brake pads replaced and brake fluid topped up.,177445,5035.53,2025-01-10T12:00:00,Sameer
df7e7f93-cdb6-4c49-92dc-d3b9a18b1abb,Maruti Swift,Rohan Kumar,+91 9615456090,maruti_swift_4261,2024-02-02T12:00:00,Wheel Alignment & Balancing,4-wheel alignment and balancing done.,16165,709.06,2024-09-23T12:00:00,Anil
29aaaec1-4bf4-4081-8ca0-26436c917509,Maruti Baleno,Shreya Naik,+91 8055319614,maruti_baleno_6363,2025-07-31T12:00:00,AC Repair,AC gas refilled and compressor checked.,92262,4512.94,2025-12-19T12:00:00,Manoj
3218e750-347d-4c72-b987-fbe5f501dd5e,Mahindra XUV300,Varsha Rao,+91 7640594149,mahindra_xuv300_6423,2023-04-07T12:00:00,Brake Service,Rear brake pads replaced and brake fluid topped up.,103188,3309.33,2023-08-13T12:00:00,Irfan
43a0e3b2-6ac4-4d24-8eb1-3fc8051aa6e5,Hyundai i20,Arjun Shetty,+91 9292958445,hyundai_i20_7055,2025-01-29T12:00:00,AC Repair,AC gas refilled and compressor checked.,110402,4178.0,2025-09-03T12:00:00,Shiva
686236bd-b7f1-4d56-8f23-18054b1d2a3d,Hyundai i20,Rohan Gupta,+91 7658271881,hyundai_i20_8184,2025-11-12T12:00:00,Battery Replacement,Old battery replaced with new 60Ah unit.,119837,9722.66,2026-11-30T12:00:00,Sameer
e6d92631-3fcc-4d0c-bd63-87f76d996aba,Kia Seltos,Rahul Reddy,+91 9148771575,kia_seltos_4556,2025-08-22T12:00:00,AC Repair,AC gas refilled and compressor checked.,118352,3799.93,2026-04-13T12:00:00,Irfan
cae22381-0100-41ea-b1f5-265fec91fbc1,Honda City,Rahul Sharma,+91 8983058495,honda_city_8295,2024-11-30T12:00:00,AC Repair,"Cooling issue fixed, condenser cleaned.",99399,4257.76,2025-07-10T12:00:00,Anil
dbc1fc59-7fff-4086-a211-71c55a0a2b0c,Honda City,Varsha Reddy,+91 7530569430,honda_city_4833,2023-06-24T12:00:00,AC Repair,"Cooling issue fixed, condenser cleaned.",137705,5811.71,2023-11-22T12:00:00,Ramesh
09964e0e-cf71-44af-9041-949ac036fb24,Tata Nexon,Shreya Reddy,+91 9128698039,tata_nexon_8079,2025-12-23T12:00:00,AC Repair,AC gas refilled and compressor checked.,172148,3772.76,2026-08-28T12:00:00,Sameer
717c84f3-af9c-488b-bdd3-c3818e418f08,Hyundai i20,Amit Shetty,+91 8938196482,hyundai_i20_8130,2024-01-15T12:00:00,Brake Service,"Brake noise complaint resolved, pads adjusted.",52236,2903.66,2024-06-24T12:00:00,Anil
fa15a23a-fdd8-4791-997d-bdaf03bc9677,Mahindra XUV300,Nisha Shetty,+91 7910804374,mahindra_xuv300_5553,2023-02-04T12:00:00,AC Repair,AC vents cleaned and cabin filter replaced.,80197,3785.84,2023-09-05T12:00:00,Manoj
637c5748-3e36-41d5-9a4b-4182776df3e8,Kia Seltos,Karthik Kumar,+91 8730159948,kia_seltos_8522,2024-02-08T12:00:00,General Service,Standard service with air filter cleaning and washing.,57476,3925.46,2024-07-03T12:00:00,Sameer
5d3276cc-df8b-459d-813e-b9eb689f6fd3,Hyundai Creta,Sneha Shetty,+91 8786724631,hyundai_creta_9082,2025-09-11T12:00:00,General Service,"Engine oil and oil filter changed, general inspection done.",122852,7492.65,2026-03-18T12:00:00,Anil
b88c2f7c-ab05-4344-aaa9-ff08823c7d4b,Maruti Swift,Varsha Gupta,+91 7586309935,maruti_swift_7217,2024-04-10T12:00:00,Clutch Overhaul,Full clutch kit replaced.,15767,9914.79,2025-04-02T12:00:00,Manoj
74748689-99d3-401b-8903-1f9d2c4b220e,Maruti Baleno,Rahul Naik,+91 7787244189,maruti_baleno_3853,2025-12-04T12:00:00,General Service,"Periodic service, fluids checked and topped up.",163178,6674.99,2026-07-13T12:00:00,Irfan
4341269c-aeb0-4cd5-b36f-e5870d7aba4d,Hyundai i20,Nisha Verma,+91 8898602243,hyundai_i20_7113,2023-05-22T12:00:00,Brake Service,Front brake pads and discs inspected and replaced.,70052,2658.76,2023-11-12T12:00:00,Anil
ac810c8c-91be-4e89-abfe-2423d3f18c00,Kia Seltos,Arjun Gupta,+91 8264003736,kia_seltos_6610,2023-09-04T12:00:00,General Service,Standard service with air filter cleaning and washing.,38973,3182.64,2024-01-30T12:00:00,Kiran
db68f896-7ae2-42ce-a5d4-4803fc9794e5,Maruti Baleno,Sneha Gupta,+91 8120122239,maruti_baleno_4608,2025-03-11T12:00:00,Wheel Alignment & Balancing,Steering pull corrected by wheel alignment.,20151,754.16,2025-11-18T12:00:00,Anil
8a1f5d73-3f2f-47c4-9f98-43fe8ddf7b97,Tata Nexon,Amit Rao,+91 8970783718,tata_nexon_3026,2023-11-07T12:00:00,Wheel Alignment & Balancing,Tyre rotation and balancing performed.,52621,1057.71,2024-04-04T12:00:00,Sameer
0c9c8964-7929-44dd-9980-bb9262c6dcfa,Tata Nexon,Praveen Gupta,+91 7502319944,tata_nexon_3068,2023-12-04T12:00:00,Wheel Alignment & Balancing,Tyre rotation and balancing performed.,106303,2033.7,2024-06-12T12:00:00,Deepak
a47e4e02-1274-4265-814c-ab7985aeadb0,Kia Seltos,Praveen Rao,+91 8993338361,kia_seltos_5316,2023-01-20T12:00:00,General Service,Standard service with air filter cleaning and washing.,102001,6314.66,2023-06-04T12:00:00,Anil
17004c99-7048-46ef-9b89-53711b5f31ae,Maruti Baleno,Amit Reddy,+91 9724649125,maruti_baleno_6934,2024-03-27T12:00:00,Clutch Overhaul,Full clutch kit replaced.,9628,12931.77,2024-11-26T12:00:00,Kiran
6d12e2a7-f8f4-43d6-ab7e-1b2b91f6b537,Maruti Swift,Sneha Rao,+91 7736345572,maruti_swift_3084,2025-09-07T12:00:00,AC Repair,AC vents cleaned and cabin filter replaced.,140395,5626.35,2026-04-06T12:00:00,Ramesh
7b9f3aab-411e-48f6-805d-3e571cd4960f,Hyundai i20,Sneha Naik,+91 8074610491,hyundai_i20_6578,2025-07-28T12:00:00,Brake Service,"Brake noise complaint resolved, pads adjusted.",174116,4582.86,2025-12-22T12:00:00,Kiran
d88173a8-7b1e-4eb3-b55d-6e0261abd4a3,Tata Nexon,Karthik Gupta,+91 9366201572,tata_nexon_6022,2023-09-27T12:00:00,Battery Replacement,Battery terminals cleaned and new battery installed.,49423,9450.97,2024-09-24T12:00:00,Anil
7ec0aa72-549a-49a4-9cc9-b7b98624fb2c,Kia Seltos,Rohan Kumar,+91 9800054127,kia_seltos_5546,2025-11-26T12:00:00,AC Repair,AC vents cleaned and cabin filter replaced.,125430,5471.59,2026-07-13T12:00:00,Irfan
3676c08c-ceca-42ed-a85c-393f91eb2528,Tata Nexon,Sneha Sharma,+91 9420193770,tata_nexon_4207,2023-02-05T12:00:00,Engine Repair,"Misfiring issue fixed, spark plugs replaced.",131219,30594.57,2024-02-13T12:00:00,Ramesh
27a505ee-4974-4648-9d82-05764b40722d,Maruti Swift,Rahul Shetty,+91 7514784498,maruti_swift_9348,2024-02-09T12:00:00,Wheel Alignment & Balancing,4-wheel alignment and balancing done.,28511,1556.18,2024-07-16T12:00:00,Irfan
6ef852c0-317b-4772-948b-19945bc970cf,Maruti Baleno,Praveen Mehta,+91 8664783581,maruti_baleno_7210,2025-10-20T12:00:00,AC Repair,AC vents cleaned and cabin filter replaced.,19243,2177.11,2026-02-22T12:00:00,Ramesh
53f20448-f0aa-42b4-b927-063c750c1713,Mahindra XUV300,Arjun Reddy,+91 9141025233,mahindra_xuv300_8389,2023-12-12T12:00:00,General Service,"Engine oil and oil filter changed, general inspection done.",6670,3064.61,2024-06-23T12:00:00,Shiva
a0228547-39b2-40f4-a8a9-16251ca25561,Mahindra XUV300,Rahul Verma,+91 9931784673,mahindra_xuv300_1395,2023-05-06T12:00:00,Clutch Overhaul,Clutch plate and pressure plate changed.,165430,22903.21,2024-09-15T12:00:00,Manoj
eba75008-ed5d-4686-b382-dbbdfb5101a1,Hyundai i20,Praveen Naik,+91 8799970926,hyundai_i20_7945,2025-07-02T12:00:00,AC Repair,AC vents cleaned and cabin filter replaced.,144478,6268.89,2025-11-05T12:00:00,Deepak
18bc1d2d-5317-406b-a9a2-599db2a5ca41,Kia Seltos,Amit Naik,+91 9336661264,kia_seltos_1353,2025-05-22T12:00:00,Brake Service,Rear brake pads replaced and brake fluid topped up.,116531,3867.12,2025-09-27T12:00:00,Deepak
f8a918eb-9a00-4ed2-9e09-575273b735a9,Maruti Baleno,Sneha Rao,+91 7078589623,maruti_baleno_7348,2024-10-29T12:00:00,Brake Service,"Brake noise complaint resolved, pads adjusted.",73237,4054.01,2025-06-02T12:00:00,Irfan
888e0318-076d-4ee2-9ede-9a7f94c0a21f,Hyundai Creta,Karthik Reddy,+91 8928879460,hyundai_creta_4083,2025-05-20T12:00:00,General Service,"Periodic service, fluids checked and topped up.",10477,4411.69,2025-12-27T12:00:00,Sameer
4f7c9da2-2fba-4fd9-aeec-17fc725679ba,Hyundai i20,Sneha Kumar,+91 8866684033,hyundai_i20_8371,2025-12-01T12:00:00,Brake Service,"Brake noise complaint resolved, pads adjusted.",84117,2254.14,2026-07-27T12:00:00,Ramesh
cf51be7c-9854-4d0d-ac1d-e70cebb3f39e,Kia Seltos,Amit Patel,+91 7515373144,kia_seltos_7442,2023-02-13T12:00:00,Wheel Alignment & Balancing,Tyre rotation and balancing performed.,145791,1418.93,2023-08-15T12:00:00,Ramesh
c3dac2f8-a8a8-40c6-a2c5-ba3608688535,Mahindra XUV300,Shreya Gupta,+91 8823876246,mahindra_xuv300_4707,2024-06-16T12:00:00,General Service,"Periodic service, fluids checked and topped up.",14767,2551.42,2024-11-18T12:00:00,Irfan
e5c61a25-00cb-4df7-bdc0-817537de0041,Maruti Baleno,Rahul Shetty,+91 7457257719,maruti_baleno_2560,2025-08-27T12:00:00,Wheel Alignment & Balancing,4-wheel alignment and balancing done.,76820,2196.98,2025-12-23T12:00:00,Kiran
c7ef20fc-0046-441d-9980-3103d2c1e43b,Kia Seltos,Karthik Sharma,+91 9199433531,kia_seltos_7367,2023-03-02T12:00:00,Engine Repair,Engine overhaul and major internal components serviced.,43266,17493.53,2023-10-13T12:00:00,Kiran
9c6e337b-8be1-4625-9071-eed615adaab2,Hyundai i20,Rahul Naik,+91 9182381334,hyundai_i20_2438,2024-01-25T12:00:00,Brake Service,"Brake noise complaint resolved, pads adjusted.",68172,3145.84,2024-05-16T12:00:00,Irfan
19f07832-9f82-473d-8d75-39f7173adbe6,Kia Seltos,Rohan Kumar,+91 7908362422,kia_seltos_6823,2023-05-04T12:00:00,General Service,"Periodic service, fluids checked and topped up.",113090,7515.0,2023-10-19T12:00:00,Manoj
78a0fc4f-1cb0-4477-9329-69d11d4c1ee1,Maruti Baleno,Nisha Rao,+91 9216823088,maruti_baleno_7472,2023-03-28T12:00:00,General Service,"Engine oil and oil filter changed, general inspection done.",134875,5432.07,2023-11-08T12:00:00,Ramesh
254f00bd-2e88-477b-ab23-392722b284d1,Honda City,Rohan Naik,+91 8029439376,honda_city_6145,2025-02-07T12:00:00,Clutch Overhaul,Full clutch kit replaced.,82143,12172.73,2025-12-13T12:00:00,Shiva
c796c3bc-5537-482f-92a3-574356e905c8,Maruti Swift,Sneha Rao,+91 9616422099,maruti_swift_8743,2024-09-11T12:00:00,General Service,"Engine oil and oil filter changed, general inspection done.",150745,5794.14,2025-03-17T12:00:00,Manoj
ddc27265-a1fe-4b6f-9bfe-dbac5dbd9f0d,Honda City,Shreya Sharma,+91 9204196579,honda_city_3567,2025-05-27T12:00:00,Brake Service,Front brake pads and discs inspected and replaced.,24804,2225.52,2026-01-26T12:00:00,Deepak
3a12b19e-172a-42b5-b911-63aec2e4db23,Honda City,Karthik Patel,+91 8610752452,honda_city_6860,2023-08-16T12:00:00,General Service,"Engine oil and oil filter changed, general inspection done.",106635,4497.91,2024-03-03T12:00:00,Manoj
a7e25149-1ecd-404d-8f6c-ea331879bc29,Tata Nexon,Rahul Sharma,+91 8062617875,tata_nexon_6293,2024-11-19T12:00:00,Wheel Alignment & Balancing,Tyre rotation and balancing performed.,104162,1259.65,2025-03-18T12:00:00,Anil
1bbbff9a-602a-4372-8809-dc720cdf1093,Honda City,Nisha Kumar,+91 8639842174,honda_city_1955,2025-12-15T12:00:00,Clutch Overhaul,Full clutch kit replaced.,132109,28178.81,2027-03-06T12:00:00,Irfan
1137d700-03ad-4215-b68e-d89091946955,Maruti Baleno,Rohan Naik,+91 9914093824,maruti_baleno_7368,2023-03-29T12:00:00,Wheel Alignment & Balancing,Tyre rotation and balancing performed.,57955,1793.49,2023-12-08T12:00:00,Sameer
a6a6fabb-a3fc-4b0a-bfe5-6dd93a351105,Kia Seltos,Amit Kumar,+91 7360541230,kia_seltos_1148,2024-12-09T12:00:00,General Service,Standard service with air filter cleaning and washing.,38527,4792.92,2025-07-18T12:00:00,Irfan
c1da1e24-9439-42fe-a239-4ecae42b4c12,Hyundai i20,Rahul Sharma,+91 7495608316,hyundai_i20_1824,2023-01-24T12:00:00,Battery Replacement,No-start issue fixed with new battery.,98939,4372.85,2024-04-02T12:00:00,Anil
93f7c4bf-4433-4c67-8954-1b3c73a53082,Kia Seltos,Sneha Kumar,+91 9779731621,kia_seltos_2509,2024-02-01T12:00:00,Clutch Overhaul,"Clutch slip issue fixed, release bearing replaced.",58132,24381.79,2024-10-30T12:00:00,Anil
2628209a-aacf-45ec-82ae-8b2c1020656e,Honda City,Sneha Gupta,+91 9668785294,honda_city_4040,2023-01-28T12:00:00,General Service,"Periodic service, fluids checked and topped up.",30971,3772.21,2023-08-25T12:00:00,Ramesh
49cbdac0-3374-4296-acff-7ea4cabb1e5f,Tata Nexon,Rohan Rao,+91 7379804271,tata_nexon_5534,2023-12-31T12:00:00,Brake Service,"Brake noise complaint resolved, pads adjusted.",40922,3135.31,2024-08-13T12:00:00,Shiva
85c98e0c-edf1-49cd-932d-503c6dc8b7d3,Maruti Swift,Shreya Mehta,+91 9208843559,maruti_swift_8818,2023-09-11T12:00:00,General Service,Standard service with air filter cleaning and washing.,54510,2696.78,2024-01-28T12:00:00,Ramesh
609be379-a12d-4696-a555-ed559c321b79,Tata Nexon,Praveen Gupta,+91 8221225842,tata_nexon_3615,2024-01-02T12:00:00,Wheel Alignment & Balancing,Steering pull corrected by wheel alignment.,136095,2335.71,2024-08-04T12:00:00,Deepak
2137335d-29ce-4569-a76b-4069b0f4f361,Mahindra XUV300,Amit Sharma,+91 7239415998,mahindra_xuv300_3490,2025-12-23T12:00:00,AC Repair,AC vents cleaned and cabin filter replaced.,162830,3379.7,2026-06-23T12:00:00,Anil
42698c2d-d0e7-4549-ae47-aba7277c2e82,Tata Nexon,Praveen Sharma,+91 8138393124,tata_nexon_2804,2025-12-17T12:00:00,Wheel Alignment & Balancing,Steering pull corrected by wheel alignment.,57491,1182.28,2026-08-22T12:00:00,Sameer
b3b5582a-3c0e-4546-9fd7-3a4865fc8148,Hyundai i20,Arjun Naik,+91 9552232068,hyundai_i20_2822,2023-05-31T12:00:00,General Service,"Periodic service, fluids checked and topped up.",145123,3991.45,2023-10-22T12:00:00,Kiran
8a184d8a-c857-4f24-ac6b-f6801470f86a,Hyundai i20,Rohan Mehta,+91 7169379649,hyundai_i20_5077,2025-02-18T12:00:00,Brake Service,Rear brake pads replaced and brake fluid topped up.,51660,4301.33,2025-09-01T12:00:00,Anil
37df823e-5209-4b62-aff5-0bf07ba7d5a3,Maruti Baleno,Amit Kumar,+91 7077911727,maruti_baleno_6594,2025-10-02T12:00:00,Clutch Overhaul,"Clutch slip issue fixed, release bearing replaced.",98144,16798.32,2026-12-14T12:00:00,Sameer
f6b4156b-b1cd-4012-8829-875ef102c401,Mahindra XUV300,Karthik Naik,+91 8484689907,mahindra_xuv300_9823,2023-09-24T12:00:00,AC Repair,AC gas refilled and compressor checked.,139064,2874.2,2024-06-05T12:00:00,Anil
9bcd8950-6891-4143-bcff-87a458ec2241,Hyundai i20,Sneha Verma,+91 7686968111,hyundai_i20_6050,2023-08-09T12:00:00,Brake Service,Rear brake pads replaced and brake fluid topped up.,74835,3793.29,2023-12-25T12:00:00,Ramesh
20bb5c59-4852-44dd-a90b-663d84644fad,Kia Seltos,Arjun Gupta,+91 8740347460,kia_seltos_8536,2024-05-19T12:00:00,General Service,"Engine oil and oil filter changed, general inspection done.",122609,5689.92,2024-12-01T12:00:00,Manoj
1d9a691d-854a-4e98-b18d-4cd14bd35362,Hyundai i20,Amit Patel,+91 8311152588,hyundai_i20_3771,2025-11-30T12:00:00,Battery Replacement,Battery terminals cleaned and new battery installed.,81670,5047.08,2027-05-08T12:00:00,Deepak
3aebfa45-390d-418f-97e1-bc4071433a17,Hyundai Creta,Amit Reddy,+91 7191715085,hyundai_creta_1352,2024-02-04T12:00:00,General Service,Standard service with air filter cleaning and washing.,120425,6361.63,2024-07-25T12:00:00,Sameer
35f35b8c-cace-4202-8bf4-104705472557,Honda City,Sneha Kumar,+91 7140209863,honda_city_1554,2024-04-25T12:00:00,General Service,"Periodic service, fluids checked and topped up.",143684,6300.18,2024-12-04T12:00:00,Shiva
31fda27e-445b-4097-8372-40ff09194045,Honda City,Arjun Naik,+91 9561291384,honda_city_3617,2025-11-02T12:00:00,AC Repair,AC vents cleaned and cabin filter replaced.,93613,5166.22,2026-04-29T12:00:00,Anil
fbb65107-7110-45ed-bba6-0ecdfad58a67,Kia Seltos,Rohan Naik,+91 7179676268,kia_seltos_5397,2023-04-25T12:00:00,General Service,"Engine oil and oil filter changed, general inspection done.",66650,5991.86,2023-09-11T12:00:00,Deepak
08691ddd-2196-4eea-9f14-a19658832a55,Mahindra XUV300,Praveen Patel,+91 7476675770,mahindra_xuv300_8915,2024-11-19T12:00:00,Clutch Overhaul,Full clutch kit replaced.,162923,15641.52,2025-08-07T12:00:00,Irfan
9565dce8-68fe-439c-aeb7-26ba85eb7d14,Honda City,Rahul Verma,+91 9807313531,honda_city_4746,2024-02-06T12:00:00,AC Repair,AC vents cleaned and cabin filter replaced.,146608,3703.66,2024-06-17T12:00:00,Anil
98133e00-fa39-4631-bc08-ecd69166f36a,Hyundai i20,Arjun Rao,+91 8690655069,hyundai_i20_2071,2024-08-30T12:00:00,Wheel Alignment & Balancing,Steering pull corrected by wheel alignment.,161881,1894.52,2025-03-12T12:00:00,Manoj
27a8d375-4e51-46e5-bede-1a81b6297751,Maruti Swift,Sneha Naik,+91 9725288029,maruti_swift_3572,2025-05-10T12:00:00,Wheel Alignment & Balancing,Tyre rotation and balancing performed.,50885,1230.75,2025-10-17T12:00:00,Deepak
9d11a892-fcd9-4c58-94e1-508fd946455f,Mahindra XUV300,Sneha Gupta,+91 8494247408,mahindra_xuv300_2733,2023-05-18T12:00:00,General Service,"Periodic service, fluids checked and topped up.",45141,3225.26,2023-10-13T12:00:00,Shiva
41707508-2f1c-4d4a-b948-3779a7771fa8,Tata Nexon,Arjun Gupta,+91 8538780450,tata_nexon_3722,2023-04-28T12:00:00,Clutch Overhaul,"Clutch slip issue fixed, release bearing replaced.",33921,12958.29,2024-03-27T12:00:00,Manoj
dc1fbe80-b15a-4420-be19-7bec9a952ade,Tata Nexon,Sneha Mehta,+91 8332651010,tata_nexon_3562,2024-01-09T12:00:00,Wheel Alignment & Balancing,Tyre rotation and balancing performed.,109954,1077.33,2024-05-24T12:00:00,Sameer
2ee13052-0a51-4fdb-983e-ccd79e7964ef,Kia Seltos,Karthik Rao,+91 9876736832,kia_seltos_5712,2025-04-27T12:00:00,Wheel Alignment & Balancing,Steering pull corrected by wheel alignment.,66917,2343.07,2025-12-19T12:00:00,Shiva
51f86964-bb8d-4c15-87d2-abdd3a3bffaf,Honda City,Praveen Kumar,+91 9757461673,honda_city_6997,2023-10-18T12:00:00,Brake Service,Front brake pads and discs inspected and replaced.,94103,3895.4,2024-04-17T12:00:00,Shiva
b6df21b2-be5b-4987-90df-7ab7aac70353,Maruti Baleno,Praveen Gupta,+91 8123133547,maruti_baleno_4835,2023-10-14T12:00:00,AC Repair,AC vents cleaned and cabin filter replaced.,97516,3816.59,2024-02-14T12:00:00,Deepak
532835bb-2058-4a0a-8bbe-232186017ed4,Maruti Swift,Praveen Verma,+91 8298486342,maruti_swift_8686,2025-06-27T12:00:00,Brake Service,Rear brake pads replaced and brake fluid topped up.,11335,2537.38,2026-01-14T12:00:00,Irfan
91740421-1060-4957-a110-2623c4368274,Tata Nexon,Sneha Gupta,+91 7681569719,tata_nexon_6916,2024-10-08T12:00:00,General Service,Standard service with air filter cleaning and washing.,26734,4361.56,2025-04-22T12:00:00,Manoj
d90c6b60-bf5e-4706-8178-93fe9efb96c8,Hyundai i20,Sneha Shetty,+91 7096844137,hyundai_i20_9273,2024-06-01T12:00:00,General Service,"Engine oil and oil filter changed, general inspection done.",98308,3654.78,2024-10-16T12:00:00,Sameer
af32ffdf-85be-43d9-8040-7c6535595a75,Hyundai i20,Nisha Mehta,+91 8765727542,hyundai_i20_3800,2025-03-15T12:00:00,Brake Service,"Brake noise complaint resolved, pads adjusted.",5102,2910.67,2025-07-28T12:00:00,Anil
94ed3846-3493-4f47-bd3c-faadbabf08a9,Maruti Baleno,Shreya Kumar,+91 9383949704,maruti_baleno_5527,2025-08-28T12:00:00,General Service,Standard service with air filter cleaning and washing.,129998,4669.73,2026-02-01T12:00:00,Shiva
ef081fde-b584-4786-8ab6-b914d1301359,Honda City,Varsha Naik,+91 7116015466,honda_city_4777,2025-12-20T12:00:00,General Service,"Periodic service, fluids checked and topped up.",120628,4127.53,2026-07-27T12:00:00,Ramesh
898fd3b8-d845-4d4e-b9fa-ac5015c09406,Maruti Swift,Amit Sharma,+91 7307945341,maruti_swift_5667,2023-03-12T12:00:00,General Service,Standard service with air filter cleaning and washing.,29236,4008.84,2023-09-07T12:00:00,Sameer
deae1b38-b9b2-4e06-84f6-0c64180ec423,Mahindra XUV300,Varsha Verma,+91 9274596169,mahindra_xuv300_6498,2024-07-25T12:00:00,AC Repair,AC vents cleaned and cabin filter replaced.,26806,3011.02,2025-02-09T12:00:00,Deepak
f5d936ba-5412-4599-91f2-d8bcf493a4be,Hyundai Creta,Arjun Sharma,+91 7233776204,hyundai_creta_4873,2023-02-02T12:00:00,General Service,Standard service with air filter cleaning and washing.,58850,5493.06,2023-06-27T12:00:00,Deepak
82a90109-f07a-421e-9c3f-50bedca7855e,Hyundai i20,Varsha Kumar,+91 7149226106,hyundai_i20_7600,2025-07-03T12:00:00,General Service,Standard service with air filter cleaning and washing.,96218,5725.89,2025-12-07T12:00:00,Anil
4016c659-d802-4745-a61b-828881f81e09,Maruti Swift,Arjun Reddy,+91 7132411824,maruti_swift_9580,2023-04-13T12:00:00,General Service,"Periodic service, fluids checked and topped up.",21662,3617.01,2023-10-16T12:00:00,Manoj
fbe70cc4-fe8f-4b9d-881c-b0527de030f0,Mahindra XUV300,Arjun Gupta,+91 8518177563,mahindra_xuv300_1763,2023-05-18T12:00:00,Clutch Overhaul,"Clutch slip issue fixed, release bearing replaced.",25453,14140.38,2024-06-07T12:00:00,Anil
47434f00-b67c-4a6c-a22d-fe1a142091c0,Kia Seltos,Karthik Kumar,+91 9305824050,kia_seltos_8643,2025-04-06T12:00:00,General Service,"Periodic service, fluids checked and topped up.",114607,8537.62,2025-09-06T12:00:00,Shiva
75bbeae5-0e2f-4b92-b036-b1ede0c59b19,Maruti Baleno,Nisha Gupta,+91 9036406266,maruti_baleno_1047,2024-04-19T12:00:00,General Service,"Periodic service, fluids checked and topped up.",71033,4359.97,2024-10-10T12:00:00,Kiran
21c1ebed-0ed1-42e2-894e-326a44444438,Mahindra XUV300,Arjun Shetty,+91 8282984834,mahindra_xuv300_7801,2024-08-05T12:00:00,Brake Service,"Brake noise complaint resolved, pads adjusted.",131886,4570.0,2024-12-19T12:00:00,Sameer
417725ae-4165-4d5b-84f3-62246b7a3c77,Kia Seltos,Varsha Reddy,+91 8160823251,kia_seltos_9979,2024-12-19T12:00:00,Brake Service,"Brake noise complaint resolved, pads adjusted.",88183,3611.61,2025-07-02T12:00:00,Kiran
c238e33d-2a67-4fa8-9746-7b37dd9f7815,Hyundai i20,Shreya Mehta,+91 9601847863,hyundai_i20_8008,2024-05-30T12:00:00,Brake Service,"Brake noise complaint resolved, pads adjusted.",137859,3519.28,2024-11-22T12:00:00,Deepak
100f3d44-81a1-413b-840a-effc966ad119,Maruti Baleno,Shreya Gupta,+91 7724864358,maruti_baleno_3856,2024-11-27T12:00:00,AC Repair,"Cooling issue fixed, condenser cleaned.",100031,5197.18,2025-05-22T12:00:00,Kiran
7dbf86a9-609d-446d-9fab-1acc75028c09,Hyundai i20,Karthik Rao,+91 9852751728,hyundai_i20_1904,2024-11-22T12:00:00,General Service,Standard service with air filter cleaning and washing.,118841,4772.09,2025-05-15T12:00:00,Sameer
030a3933-dfdf-4f5c-b498-56e254f2496a,Maruti Swift,Shreya Shetty,+91 7455448522,maruti_swift_6194,2023-04-21T12:00:00,General Service,"Periodic service, fluids checked and topped up.",113407,5738.92,2023-11-09T12:00:00,Deepak
52a6dfd6-37b5-4c8a-8d61-3cfd482dbbba,Hyundai i20,Amit Kumar,+91 9850362818,hyundai_i20_1454,2023-01-21T12:00:00,General Service,Standard service with air filter cleaning and washing.,25203,2911.26,2023-07-25T12:00:00,Anil
997e345a-9033-4b80-af7c-7f29dbe79398,Mahindra XUV300,Praveen Naik,+91 8820559598,mahindra_xuv300_6864,2023-09-12T12:00:00,General Service,Standard service with air filter cleaning and washing.,94657,4779.55,2024-04-06T12:00:00,Irfan
bb77403f-8c4b-4185-bf53-e8ff2dfcae0a,Maruti Swift,Rahul Mehta,+91 7588300088,maruti_swift_3039,2024-07-29T12:00:00,General Service,Standard service with air filter cleaning and washing.,109695,4531.71,2025-03-01T12:00:00,Manoj
ea12d70f-f489-4082-917c-a621d6a7fcfd,Hyundai Creta,Sneha Sharma,+91 8286659807,hyundai_creta_1974,2024-03-08T12:00:00,Battery Replacement,No-start issue fixed with new battery.,111149,8244.85,2025-02-03T12:00:00,Anil
39934974-bffd-4325-bf60-d5f259d71c67,Honda City,Rahul Rao,+91 7821891375,honda_city_5883,2025-03-24T12:00:00,Clutch Overhaul,Full clutch kit replaced.,69943,12861.09,2026-08-31T12:00:00,Manoj
75c2a5bb-f990-4ab7-90ca-785463b0ab7f,Kia Seltos,Sneha Patel,+91 8921182080,kia_seltos_4436,2023-09-30T12:00:00,Brake Service,Rear brake pads replaced and brake fluid topped up.,111722,5262.87,2024-02-04T12:00:00,Ramesh
97df4814-5e5f-4efd-8231-111d9f7907d0,Honda City,Amit Patel,+91 7312680082,honda_city_1080,2025-02-03T12:00:00,AC Repair,"Cooling issue fixed, condenser cleaned.",78829,4153.77,2025-09-04T12:00:00,Deepak
58340dbd-bd6a-43a3-ba87-4ae466d1bf46,Tata Nexon,Varsha Sharma,+91 7668814538,tata_nexon_2338,2025-12-09T12:00:00,General Service,"Engine oil and oil filter changed, general inspection done.",74584,5003.49,2026-04-29T12:00:00,Deepak
0ed74f8f-e359-45a6-a15e-4b20539a7f65,Tata Nexon,Rahul Rao,+91 9778242974,tata_nexon_9378,2023-10-07T12:00:00,Brake Service,Front brake pads and discs inspected and replaced.,24214,2243.16,2024-04-24T12:00:00,Manoj
2c432693-237b-4f06-ba76-c2d4d289cab4,Maruti Swift,Nisha Sharma,+91 9549709192,maruti_swift_7331,2023-09-30T12:00:00,General Service,"Engine oil and oil filter changed, general inspection done.",74186,3876.02,2024-05-10T12:00:00,Anil
2d17fc7e-cd2d-4a12-a615-f6417c11c34e,Kia Seltos,Praveen Kumar,+91 9977907466,kia_seltos_5530,2025-07-10T12:00:00,Clutch Overhaul,Full clutch kit replaced.,41028,16870.39,2027-01-13T12:00:00,Deepak
bbeba448-9b2b-449b-8ee4-24062434312f,Maruti Baleno,Rohan Reddy,+91 9316363156,maruti_baleno_7533,2023-10-21T12:00:00,Brake Service,"Brake noise complaint resolved, pads adjusted.",43160,2397.93,2024-04-03T12:00:00,Shiva
dc232401-b93a-4080-9d4d-26957b791994,Hyundai Creta,Rahul Patel,+91 7628212688,hyundai_creta_3262,2024-04-12T12:00:00,Wheel Alignment & Balancing,4-wheel alignment and balancing done.,156755,2159.68,2024-12-11T12:00:00,Anil
4a60a890-8aef-45db-8c62-fb8ff71287a8,Kia Seltos,Amit Reddy,+91 9469222870,kia_seltos_1953,2025-12-02T12:00:00,General Service,Standard service with air filter cleaning and washing.,124300,5206.29,2026-06-29T12:00:00,Irfan
3a88deaa-aed1-4bf5-a254-78262c475903,Maruti Swift,Nisha Shetty,+91 9719030018,maruti_swift_1953,2024-07-29T12:00:00,Clutch Overhaul,Clutch plate and pressure plate changed.,127383,17636.46,2025-04-27T12:00:00,Deepak
8f8fc2e0-3ec2-45a2-8ed6-042970d4e8a1,Kia Seltos,Rohan Kumar,+91 9937546806,kia_seltos_4105,2026-01-10T12:00:00,Brake Service,"Brake noise complaint resolved, pads adjusted.",49369,4582.17,2026-05-30T12:00:00,Manoj
15b48e35-f769-493d-b35d-377ca46a3e4e,Maruti Baleno,Shreya Reddy,+91 7854062111,maruti_baleno_5744,2025-09-14T12:00:00,Brake Service,"Brake noise complaint resolved, pads adjusted.",20556,3306.84,2026-02-21T12:00:00,Irfan
91a33744-0dd3-420c-873e-6b68ed785d7b,Hyundai Creta,Arjun Patel,+91 9255574393,hyundai_creta_1139,2023-10-27T12:00:00,Brake Service,"Brake noise complaint resolved, pads adjusted.",73947,3423.21,2024-06-05T12:00:00,Deepak
0f2397ab-640c-4f80-8694-e7105a127e50,Maruti Swift,Varsha Gupta,+91 9173566254,maruti_swift_9199,2024-01-10T12:00:00,Clutch Overhaul,"Clutch slip issue fixed, release bearing replaced.",122673,19123.25,2025-02-01T12:00:00,Kiran
dea17872-7631-4ae0-8401-08ffed29b587,Kia Seltos,Praveen Verma,+91 9497587360,kia_seltos_4171,2023-06-03T12:00:00,AC Repair,AC gas refilled and compressor checked.,33338,3976.79,2023-12-16T12:00:00,Anil
c498c161-d03c-4f0c-a0f5-2aecc5078974,Hyundai Creta,Karthik Naik,+91 9723579167,hyundai_creta_9446,2025-11-02T12:00:00,General Service,Standard service with air filter cleaning and washing.,140481,5313.33,2026-06-09T12:00:00,Kiran
baf71418-2f31-4d90-984c-a88077cb7a15,Maruti Baleno,Amit Kumar,+91 7892793213,maruti_baleno_5693,2024-08-24T12:00:00,Brake Service,"Brake noise complaint resolved, pads adjusted.",176576,4894.26,2025-04-30T12:00:00,Sameer
4d78a060-0655-4a99-932f-e23038af781a,Hyundai i20,Varsha Kumar,+91 9629684617,hyundai_i20_7369,2025-05-25T12:00:00,General Service,Standard service with air filter cleaning and washing.,32680,2778.67,2025-11-17T12:00:00,Sameer
1febff36-1a29-45c5-a2ed-6f0bd9ce03f3,Hyundai Creta,Karthik Verma,+91 9469233462,hyundai_creta_5194,2025-09-27T12:00:00,Engine Repair,"Misfiring issue fixed, spark plugs replaced.",179231,19914.41,2026-05-10T12:00:00,Manoj
dc57ba28-75cf-4cce-b1b0-e9704e932172,Kia Seltos,Sneha Verma,+91 8716780488,kia_seltos_1727,2023-11-06T12:00:00,Clutch Overhaul,Clutch plate and pressure plate changed.,104490,18611.88,2025-05-11T12:00:00,Sameer
be388ff8-3c62-4665-a70b-c8e157c0a491,Hyundai Creta,Karthik Verma,+91 7152315758,hyundai_creta_5900,2024-04-02T12:00:00,AC Repair,"Cooling issue fixed, condenser cleaned.",117845,5454.22,2024-10-20T12:00:00,Manoj
ff57d388-ff29-4ccb-ab4a-7d23ccd1d0de,Maruti Swift,Karthik Patel,+91 9694232672,maruti_swift_5226,2024-02-27T12:00:00,Wheel Alignment & Balancing,Steering pull corrected by wheel alignment.,143939,1911.51,2024-06-23T12:00:00,Ramesh
6906cd19-ca15-450d-9eab-d9033d293c6a,Honda City,Karthik Gupta,+91 8255932446,honda_city_7412,2023-06-11T12:00:00,General Service,"Engine oil and oil filter changed, general inspection done.",122186,6365.8,2023-12-18T12:00:00,Sameer
de0a4ccf-136d-454b-b200-fd332935a09f,Maruti Swift,Praveen Sharma,+91 9674301204,maruti_swift_3918,2025-04-20T12:00:00,Brake Service,"Brake noise complaint resolved, pads adjusted.",85267,3811.28,2025-12-09T12:00:00,Sameer
b7d8d218-7e94-4e9d-a990-74a45ef92c75,Hyundai i20,Rohan Kumar,+91 8138809652,hyundai_i20_8598,2023-01-17T12:00:00,General Service,"Engine oil and oil filter changed, general inspection done.",52790,3505.43,2023-06-20T12:00:00,Manoj
99f0b87b-3b30-4795-b098-710d7d3393d7,Tata Nexon,Sneha Naik,+91 8598479503,tata_nexon_8191,2023-09-28T12:00:00,Brake Service,Rear brake pads replaced and brake fluid topped up.,156322,5541.93,2024-03-24T12:00:00,Ramesh
88932bea-df96-4fba-b711-04557e166521,Tata Nexon,Praveen Mehta,+91 7576383922,tata_nexon_4177,2024-05-13T12:00:00,Wheel Alignment & Balancing,4-wheel alignment and balancing done.,79488,1374.72,2024-10-22T12:00:00,Manoj
a993ec4d-4e03-4def-b8d2-288d1c76d077,Mahindra XUV300,Arjun Mehta,+91 7679577079,mahindra_xuv300_3150,2024-04-15T12:00:00,Battery Replacement,Old battery replaced with new 60Ah unit.,155106,8324.18,2025-07-31T12:00:00,Kiran
a4539115-7455-4f03-83a1-5518d4a4c2a8,Hyundai Creta,Varsha Gupta,+91 8408228164,hyundai_creta_5205,2024-02-05T12:00:00,General Service,"Engine oil and oil filter changed, general inspection done.",163018,3731.97,2024-08-13T12:00:00,Anil
ef8969aa-5246-4cbf-a5f3-5b6f0d07a79a,Hyundai i20,Praveen Mehta,+91 9891769622,hyundai_i20_8840,2023-02-16T12:00:00,Clutch Overhaul,Full clutch kit replaced.,130584,14847.32,2023-10-31T12:00:00,Sameer
e55e80d1-ae0b-4b29-b2e6-0e0d88775796,Mahindra XUV300,Arjun Patel,+91 7797842127,mahindra_xuv300_1890,2024-04-20T12:00:00,Wheel Alignment & Balancing,4-wheel alignment and balancing done.,24932,811.58,2024-11-17T12:00:00,Sameer
e3d455e5-fe32-4417-8708-47f3493d07af,Hyundai Creta,Shreya Kumar,+91 7814339141,hyundai_creta_2990,2023-07-24T12:00:00,Battery Replacement,No-start issue fixed with new battery.,90225,5238.72,2025-01-18T12:00:00,Irfan
01ff59fc-65d7-4db1-83dc-9b9ba383befb,Tata Nexon,Nisha Gupta,+91 7900397896,tata_nexon_9696,2025-03-23T12:00:00,Wheel Alignment & Balancing,Tyre rotation and balancing performed.,81356,1451.68,2025-10-09T12:00:00,Shiva
967d929f-b96c-49fb-bcb3-bae033b632c2,Mahindra XUV300,Karthik Patel,+91 9535946054,mahindra_xuv300_3093,2024-04-15T12:00:00,General Service,Standard service with air filter cleaning and washing.,157201,5293.6,2024-11-05T12:00:00,Ramesh
fcb4fc57-e178-4512-8f85-96e4eae04b64,Maruti Swift,Rohan Mehta,+91 9401016820,maruti_swift_4348,2023-09-25T12:00:00,Battery Replacement,Old battery replaced with new 60Ah unit.,17131,3880.8,2025-03-14T12:00:00,Irfan
bca5bd9e-3064-45ec-97d7-48fb01a6fe43,Maruti Baleno,Sneha Naik,+91 7082617013,maruti_baleno_8207,2026-01-10T12:00:00,Wheel Alignment & Balancing,Steering pull corrected by wheel alignment.,81919,1479.39,2026-08-19T12:00:00,Sameer
737f6d27-e147-48b2-be05-30330725fee4,Honda City,Rahul Mehta,+91 9892752003,honda_city_4860,2024-01-28T12:00:00,Brake Service,"Brake noise complaint resolved, pads adjusted.",141427,5923.71,2024-07-12T12:00:00,Deepak
cd111180-22ca-4b2f-a58c-b4f18dba3f8c,Hyundai Creta,Shreya Patel,+91 7290470742,hyundai_creta_3509,2023-10-05T12:00:00,AC Repair,"Cooling issue fixed, condenser cleaned.",105207,4662.99,2024-03-18T12:00:00,Deepak
ffb175ed-8433-45e5-bb61-52ba640934da,Mahindra XUV300,Shreya Shetty,+91 7970917621,mahindra_xuv300_8503,2025-09-06T12:00:00,General Service,"Periodic service, fluids checked and topped up.",52125,5697.19,2026-03-24T12:00:00,Kiran
5ae3b444-63ce-4f79-95d0-7977125174a4,Kia Seltos,Praveen Verma,+91 8089133792,kia_seltos_7159,2024-11-17T12:00:00,General Service,"Engine oil and oil filter changed, general inspection done.",159398,6153.97,2025-06-07T12:00:00,Kiran
139f0dbd-8c15-46f9-825f-104c38decc46,Maruti Baleno,Nisha Patel,+91 9318385862,maruti_baleno_8443,2024-06-15T12:00:00,Wheel Alignment & Balancing,Steering pull corrected by wheel alignment.,53395,1488.45,2025-01-24T12:00:00,Sameer
49fd3390-c850-4b7a-ad46-68fea3335b25,Hyundai Creta,Rohan Naik,+91 8022542357,hyundai_creta_5701,2024-12-01T12:00:00,Engine Repair,"Misfiring issue fixed, spark plugs replaced.",101567,35418.77,2026-04-15T12:00:00,Shiva
71d7364b-b01e-4f04-afa9-08a28a229e6e,Tata Nexon,Rohan Reddy,+91 7795770370,tata_nexon_6857,2025-11-10T12:00:00,General Service,Standard service with air filter cleaning and washing.,40736,3864.3,2026-04-02T12:00:00,Sameer
bbfa73ce-9be9-4e82-a6ce-cc479f737f40,Hyundai i20,Praveen Reddy,+91 7325984522,hyundai_i20_2057,2024-05-01T12:00:00,General Service,"Periodic service, fluids checked and topped up.",77611,3396.84,2024-10-04T12:00:00,Irfan
a8e8f9ee-851a-4509-b072-9201ff0f4f2e,Kia Seltos,Karthik Sharma,+91 7475755935,kia_seltos_3691,2023-05-21T12:00:00,Clutch Overhaul,Clutch plate and pressure plate changed.,130598,13844.49,2024-05-30T12:00:00,Deepak
662f852b-33e3-4a46-af4a-64cb8bf3e0e2,Hyundai i20,Rohan Kumar,+91 7505676273,hyundai_i20_1756,2024-04-24T12:00:00,Brake Service,Rear brake pads replaced and brake fluid topped up.,160562,4294.76,2024-10-13T12:00:00,Sameer
f415268a-16ef-47d9-ae92-4dbc3c1e131c,Mahindra XUV300,Amit Mehta,+91 8704574024,mahindra_xuv300_3635,2023-06-25T12:00:00,Brake Service,Front brake pads and discs inspected and replaced.,156694,3159.25,2024-03-06T12:00:00,Ramesh
bf59dd75-8012-4452-aaa3-f38261c0a679,Honda City,Arjun Reddy,+91 7496779639,honda_city_7378,2025-01-30T12:00:00,General Service,"Periodic service, fluids checked and topped up.",132381,6920.92,2025-07-05T12:00:00,Deepak
5f8a7465-91ab-4e41-a87f-64d637854b76,Mahindra XUV300,Amit Mehta,+91 8573846986,mahindra_xuv300_5500,2023-03-22T12:00:00,General Service,"Engine oil and oil filter changed, general inspection done.",169123,8666.13,2023-10-19T12:00:00,Deepak
58be68d7-295d-4423-9741-3e5cb91db339,Hyundai Creta,Amit Mehta,+91 8417823462,hyundai_creta_8759,2023-05-27T12:00:00,Clutch Overhaul,"Clutch slip issue fixed, release bearing replaced.",165832,31496.9,2024-11-14T12:00:00,Sameer
0b922a58-a69a-4fd8-84ff-7acb4935c50c,Maruti Baleno,Sneha Sharma,+91 9079397352,maruti_baleno_9665,2025-10-06T12:00:00,General Service,"Periodic service, fluids checked and topped up.",20388,3366.71,2026-04-23T12:00:00,Irfan
4d92b5cd-3c81-4177-aa1c-2eddedff3372,Honda City,Shreya Kumar,+91 8724640085,honda_city_2753,2023-03-26T12:00:00,Wheel Alignment & Balancing,Steering pull corrected by wheel alignment.,112477,1408.47,2023-09-05T12:00:00,Sameer
e99cb193-12be-485e-8099-d9378c461a89,Maruti Swift,Rahul Reddy,+91 7040663876,maruti_swift_2874,2024-09-02T12:00:00,AC Repair,AC gas refilled and compressor checked.,126542,5518.88,2025-01-25T12:00:00,Manoj
4585daa5-87b3-41dc-9198-d7701b87ef57,Hyundai i20,Arjun Gupta,+91 8714002800,hyundai_i20_1400,2023-11-13T12:00:00,General Service,Standard service with air filter cleaning and washing.,118710,3377.47,2024-05-17T12:00:00,Anil
b6f1da4c-bd61-4c4e-ab9a-105963e20ec5,Honda City,Nisha Gupta,+91 8969183781,honda_city_9066,2025-01-13T12:00:00,AC Repair,AC vents cleaned and cabin filter replaced.,56075,2700.68,2025-06-05T12:00:00,Anil
e82e06e3-f43f-44a9-a282-e6e088272520,Hyundai i20,Shreya Mehta,+91 7991337490,hyundai_i20_9804,2024-10-15T12:00:00,Brake Service,Front brake pads and discs inspected and replaced.,24809,2348.23,2025-04-07T12:00:00,Manoj
a1e0fdab-f002-4817-a435-5b779ba3f206,Maruti Swift,Shreya Sharma,+91 7756255818,maruti_swift_2593,2024-11-14T12:00:00,General Service,"Engine oil and oil filter changed, general inspection done.",153158,7471.95,2025-04-06T12:00:00,Anil
d5ed55df-93e6-41ef-9d0b-d163471afac3,Hyundai Creta,Rahul Kumar,+91 7531511136,hyundai_creta_4999,2026-01-13T12:00:00,Wheel Alignment & Balancing,4-wheel alignment and balancing done.,74104,1626.6,2026-06-19T12:00:00,Manoj
1d1163a6-0028-4525-bea9-4a36c6efb6f1,Maruti Swift,Amit Shetty,+91 9399601770,maruti_swift_6425,2024-01-22T12:00:00,Brake Service,"Brake noise complaint resolved, pads adjusted.",85084,4188.5,2024-05-27T12:00:00,Irfan
5e5b0859-07cc-4e03-9fd1-5762828d0558,Maruti Swift,Rohan Patel,+91 9150894922,maruti_swift_8770,2025-03-05T12:00:00,General Service,"Periodic service, fluids checked and topped up.",172763,7781.19,2025-08-19T12:00:00,Manoj
85bb7d64-3d52-4638-aa00-6480f0a6bc75,Maruti Swift,Varsha Gupta,+91 7060761588,maruti_swift_6179,2025-01-21T12:00:00,General Service,"Engine oil and oil filter changed, general inspection done.",139585,4954.56,2025-08-21T12:00:00,Deepak
940ecb10-c536-4554-b918-aa814a6138f1,Honda City,Arjun Shetty,+91 7416775557,honda_city_3035,2024-04-11T12:00:00,General Service,"Engine oil and oil filter changed, general inspection done.",146806,3438.55,2024-09-17T12:00:00,Anil
e192198e-0410-4296-9d68-372f53cbe349,Tata Nexon,Varsha Shetty,+91 8928220256,tata_nexon_8701,2025-12-29T12:00:00,AC Repair,"Cooling issue fixed, condenser cleaned.",111541,4216.58,2026-08-20T12:00:00,Manoj
9d4b13fe-f533-4914-bfdd-707d7b5e7ced,Hyundai i20,Nisha Verma,+91 8545661882,hyundai_i20_9520,2024-11-04T12:00:00,Wheel Alignment & Balancing,4-wheel alignment and balancing done.,16706,744.3,2025-05-27T12:00:00,Ramesh
369f3af2-846f-4ed6-a244-15a077b4a54a,Tata Nexon,Rahul Reddy,+91 9057475852,tata_nexon_8912,2023-04-02T12:00:00,General Service,Standard service with air filter cleaning and washing.,129812,5432.59,2023-09-17T12:00:00,Ramesh
114ba0ac-a4fc-4d69-9da0-ebea09d68653,Hyundai Creta,Sneha Naik,+91 7822977743,hyundai_creta_4853,2025-07-04T12:00:00,General Service,Standard service with air filter cleaning and washing.,143471,8853.85,2025-11-23T12:00:00,Manoj
b945ec03-a76d-4f51-9363-b8f272c33059,Tata Nexon,Karthik Patel,+91 8741534411,tata_nexon_2961,2023-10-08T12:00:00,Engine Repair,Engine overhaul and major internal components serviced.,104371,13418.94,2024-10-24T12:00:00,Sameer
2c3cd651-36f5-4ca7-b619-9ef165c63480,Hyundai i20,Nisha Mehta,+91 8251287818,hyundai_i20_8991,2024-06-05T12:00:00,Wheel Alignment & Balancing,Tyre rotation and balancing performed.,87131,2084.74,2024-12-31T12:00:00,Ramesh
4abb746e-e6c4-405f-8e96-93a474117d8a,Hyundai i20,Shreya Patel,+91 8388773603,hyundai_i20_2818,2025-12-21T12:00:00,General Service,"Engine oil and oil filter changed, general inspection done.",169674,5828.15,2026-05-27T12:00:00,Shiva
5304fd86-9a6a-465e-b66f-13e83aeed127,Hyundai i20,Shreya Rao,+91 7668659382,hyundai_i20_1352,2025-02-15T12:00:00,Engine Repair,Engine overhaul and major internal components serviced.,26972,17427.54,2026-03-03T12:00:00,Sameer
1ab7a954-d5a0-47ca-89a9-1c379d8146ea,Hyundai Creta,Praveen Verma,+91 7686209873,hyundai_creta_6250,2025-12-17T12:00:00,Battery Replacement,Old battery replaced with new 60Ah unit.,145612,5704.1,2026-08-19T12:00:00,Ramesh
d683ca49-77f1-4885-a3e2-598007238b3e,Kia Seltos,Varsha Reddy,+91 8170213264,kia_seltos_7379,2025-02-13T12:00:00,Battery Replacement,Battery terminals cleaned and new battery installed.,67310,9286.92,2026-06-23T12:00:00,Ramesh
9806ba67-c924-493a-8390-b47071a9fbd7,Honda City,Arjun Mehta,+91 9014925710,honda_city_9303,2025-05-07T12:00:00,Brake Service,Rear brake pads replaced and brake fluid topped up.,49535,3214.57,2026-01-17T12:00:00,Shiva
8e9e2761-0a0a-49b3-a390-bf042a9504d4,Mahindra XUV300,Karthik Verma,+91 9828465779,mahindra_xuv300_9388,2025-09-19T12:00:00,General Service,"Periodic service, fluids checked and topped up.",177863,8114.78,2026-03-09T12:00:00,Irfan
2536f4ab-17a8-4f46-ace6-9f499e078333,Kia Seltos,Sneha Kumar,+91 8316942282,kia_seltos_8784,2025-07-26T12:00:00,AC Repair,AC vents cleaned and cabin filter replaced.,64208,3750.42,2026-03-08T12:00:00,Kiran
7ab4d58b-d27a-4ffd-b340-a450931aea2d,Mahindra XUV300,Nisha Naik,+91 9597822919,mahindra_xuv300_8749,2025-02-10T12:00:00,General Service,Standard service with air filter cleaning and washing.,27881,3872.37,2025-09-13T12:00:00,Manoj
6d83dc18-473c-4b2c-8359-5fb2c35a807a,Honda City,Sneha Verma,+91 8402563380,honda_city_5222,2023-06-23T12:00:00,General Service,"Periodic service, fluids checked and topped up.",67560,5237.04,2023-11-06T12:00:00,Deepak
14d2d533-8bbe-4261-988d-957f4a06237f,Hyundai i20,Amit Gupta,+91 9867586684,hyundai_i20_6656,2023-03-02T12:00:00,General Service,"Periodic service, fluids checked and topped up.",76787,4002.48,2023-08-24T12:00:00,Anil
ca4e3074-522b-4259-845c-0797d4d4a381,Hyundai i20,Praveen Rao,+91 9855061464,hyundai_i20_7631,2024-08-21T12:00:00,General Service,"Engine oil and oil filter changed, general inspection done.",137350,6396.41,2025-02-17T12:00:00,Anil
c92b9f4b-0393-401d-baa0-ff8349d96be0,Maruti Swift,Nisha Naik,+91 9382022011,maruti_swift_6557,2024-10-02T12:00:00,Clutch Overhaul,"Clutch slip issue fixed, release bearing replaced.",90281,17887.88,2026-03-18T12:00:00,Shiva
e4f3df88-2bfe-4981-a069-2b526a479b49,Maruti Baleno,Sneha Verma,+91 7105268160,maruti_baleno_1752,2025-07-14T12:00:00,Wheel Alignment & Balancing,Steering pull corrected by wheel alignment.,142870,2191.13,2026-03-07T12:00:00,Kiran
b72b6cb2-ef8a-4de9-a9f7-7fd0fb71ff13,Maruti Swift,Karthik Shetty,+91 7128887450,maruti_swift_2528,2024-03-19T12:00:00,Wheel Alignment & Balancing,4-wheel alignment and balancing done.,14345,1522.02,2024-08-05T12:00:00,Ramesh
d7056852-8c7a-4666-bb74-5458b865531d,Hyundai i20,Amit Gupta,+91 7982480587,hyundai_i20_2898,2025-09-26T12:00:00,Brake Service,"Brake noise complaint resolved, pads adjusted.",79821,3506.3,2026-01-22T12:00:00,Anil
82613064-9372-4c89-a82b-a17af27e7088,Maruti Baleno,Rohan Gupta,+91 8479772112,maruti_baleno_7324,2025-01-07T12:00:00,General Service,"Engine oil and oil filter changed, general inspection done.",131812,5425.81,2025-06-18T12:00:00,Anil
21c1594f-ec0f-4c46-9913-5599d92ec56c,Hyundai i20,Shreya Rao,+91 8065836201,hyundai_i20_7962,2025-02-04T12:00:00,Brake Service,Rear brake pads replaced and brake fluid topped up.,18691,2594.55,2025-07-31T12:00:00,Ramesh
194aed03-3bc7-4e1b-84a5-14f1c09f0223,Tata Nexon,Rahul Verma,+91 7239013699,tata_nexon_3750,2025-12-16T12:00:00,Engine Repair,"Misfiring issue fixed, spark plugs replaced.",102947,21413.33,2027-04-12T12:00:00,Kiran
413b7b6b-5785-4810-9f80-4081ede24a3e,Honda City,Nisha Verma,+91 9710329053,honda_city_2547,2023-06-14T12:00:00,General Service,"Engine oil and oil filter changed, general inspection done.",71648,3327.1,2023-11-26T12:00:00,Irfan
97b8cfca-d8b6-46a7-8117-e1127bc41001,Hyundai i20,Rohan Reddy,+91 9195140843,hyundai_i20_2538,2025-03-26T12:00:00,General Service,Standard service with air filter cleaning and washing.,105491,6475.43,2025-10-29T12:00:00,Irfan
490b4700-42ad-4356-b1d9-2ad8ffa8aad4,Hyundai i20,Arjun Verma,+91 8390687142,hyundai_i20_7961,2024-12-03T12:00:00,General Service,"Engine oil and oil filter changed, general inspection done.",115890,6393.23,2025-05-11T12:00:00,Sameer
dd95244c-012e-421b-b74e-61ed2e5ef789,Tata Nexon,Karthik Verma,+91 9597774090,tata_nexon_8814,2024-03-17T12:00:00,General Service,Standard service with air filter cleaning and washing.,117780,3519.34,2024-09-21T12:00:00,Irfan
9ba7c904-2b03-4435-95fb-d68535f83678,Tata Nexon,Amit Rao,+91 8066944973,tata_nexon_7361,2025-04-10T12:00:00,Clutch Overhaul,"Clutch slip issue fixed, release bearing replaced.",32614,12133.55,2025-12-15T12:00:00,Manoj
5d3d7af6-3aa6-408a-80d1-17a69452ba28,Hyundai Creta,Arjun Mehta,+91 9987240575,hyundai_creta_7819,2024-05-30T12:00:00,Wheel Alignment & Balancing,4-wheel alignment and balancing done.,49863,1460.06,2024-10-13T12:00:00,Manoj
fbe46f68-75ef-46f9-8d6d-ca0a9daaffa6,Maruti Swift,Rohan Sharma,+91 7463142716,maruti_swift_1985,2023-06-15T12:00:00,Battery Replacement,No-start issue fixed with new battery.,48860,5813.6,2024-05-27T12:00:00,Shiva
5bc9f3d1-838d-4557-8374-b5c6e34eecdb,Hyundai Creta,Varsha Reddy,+91 7942387071,hyundai_creta_7588,2026-01-15T12:00:00,Brake Service,"Brake noise complaint resolved, pads adjusted.",52135,2569.5,2026-08-26T12:00:00,Ramesh
0558c55d-fbb2-4fbc-9466-d09e747f817d,Maruti Baleno,Rahul Shetty,+91 8699762529,maruti_baleno_3131,2023-08-02T12:00:00,Engine Repair,Timing belt replaced and engine tuned.,89439,27973.3,2024-07-16T12:00:00,Manoj
eab1c482-e911-44be-aea0-1a8966df902b,Hyundai Creta,Rohan Kumar,+91 7913516755,hyundai_creta_4693,2023-07-24T12:00:00,General Service,"Engine oil and oil filter changed, general inspection done.",9973,3550.5,2024-02-23T12:00:00,Irfan
7915ee13-4f39-44a3-87ee-fa47eed51fa6,Maruti Swift,Arjun Naik,+91 9465614512,maruti_swift_5666,2024-05-15T12:00:00,AC Repair,AC gas refilled and compressor checked.,87383,3911.11,2024-10-14T12:00:00,Irfan
cb652abf-bb08-4912-9596-c80e0f03e452,Maruti Baleno,Arjun Shetty,+91 9409103427,maruti_baleno_4008,2025-08-08T12:00:00,General Service,Standard service with air filter cleaning and washing.,175105,4694.5,2025-12-21T12:00:00,Sameer
dd006024-4815-4f87-89d9-ee7cb4efc109,Hyundai i20,Amit Shetty,+91 7628602983,hyundai_i20_4722,2024-06-22T12:00:00,General Service,"Engine oil and oil filter changed, general inspection done.",24223,4060.34,2024-12-26T12:00:00,Kiran
4fd2be23-1958-4d3e-94a5-b5e997828399,Hyundai Creta,Shreya Shetty,+91 7932951724,hyundai_creta_9161,2025-10-24T12:00:00,General Service,"Engine oil and oil filter changed, general inspection done.",11325,3823.88,2026-06-05T12:00:00,Shiva
9e5c7fdb-e884-49e8-8087-ff4f745430c9,Kia Seltos,Varsha Naik,+91 9102176000,kia_seltos_2068,2025-11-02T12:00:00,Wheel Alignment & Balancing,Tyre rotation and balancing performed.,68439,2109.43,2026-03-01T12:00:00,Deepak
5508da18-0fe3-470b-a004-86f0d067f451,Hyundai i20,Varsha Kumar,+91 8788556724,hyundai_i20_2281,2023-10-15T12:00:00,AC Repair,AC vents cleaned and cabin filter replaced.,121130,5787.54,2024-05-06T12:00:00,Ramesh
7b39a1aa-f82a-488f-b4a6-ecd561373475,Hyundai i20,Arjun Shetty,+91 9524678969,hyundai_i20_2864,2024-09-16T12:00:00,Wheel Alignment & Balancing,4-wheel alignment and balancing done.,83226,895.71,2025-04-27T12:00:00,Shiva
e7a1be79-9795-415d-9c92-622e1c84e958,Tata Nexon,Rohan Reddy,+91 8471026833,tata_nexon_7920,2023-10-29T12:00:00,AC Repair,"Cooling issue fixed, condenser cleaned.",175489,5429.61,2024-04-07T12:00:00,Kiran
feee1ab4-08db-4bfa-873e-2a298a40fedb,Honda City,Nisha Reddy,+91 8840451352,honda_city_9840,2024-12-19T12:00:00,Battery Replacement,Old battery replaced with new 60Ah unit.,17177,8261.5,2025-12-29T12:00:00,Deepak
8a8891c3-4c34-4d4b-a098-e8d3396f3e1e,Mahindra XUV300,Varsha Mehta,+91 8252550077,mahindra_xuv300_4684,2024-11-12T12:00:00,General Service,"Engine oil and oil filter changed, general inspection done.",148122,5665.83,2025-04-18T12:00:00,Irfan
4d269ca2-da3b-4b6b-ad56-757d9c50a357,Maruti Swift,Arjun Naik,+91 9187787133,maruti_swift_7129,2023-06-09T12:00:00,Wheel Alignment & Balancing,4-wheel alignment and balancing done.,75603,1291.8,2023-10-30T12:00:00,Ramesh
c2a9918a-9d6d-4bd2-9648-6462ca0bcc62,Honda City,Karthik Rao,+91 9417224326,honda_city_4421,2024-07-25T12:00:00,General Service,"Engine oil and oil filter changed, general inspection done.",7594,4096.94,2024-12-23T12:00:00,Ramesh
431e247b-eee2-4740-a11c-6aca8715f2a8,Mahindra XUV300,Nisha Verma,+91 7671369758,mahindra_xuv300_6951,2023-12-18T12:00:00,Battery Replacement,Battery terminals cleaned and new battery installed.,135146,6719.62,2025-05-18T12:00:00,Sameer
f832ed4e-d300-429c-8ba9-35a4218b206c,Honda City,Nisha Sharma,+91 7117203401,honda_city_7157,2024-02-16T12:00:00,Wheel Alignment & Balancing,Steering pull corrected by wheel alignment.,152540,1949.36,2024-10-01T12:00:00,Anil
3792aefb-a8ec-445f-8c75-f95addefc510,Mahindra XUV300,Rahul Shetty,+91 9059026739,mahindra_xuv300_3887,2023-09-12T12:00:00,General Service,Standard service with air filter cleaning and washing.,170655,5478.77,2024-02-13T12:00:00,Kiran
e032bc9c-3684-4900-8e06-da53744df783,Tata Nexon,Rohan Verma,+91 7544817393,tata_nexon_2592,2025-02-22T12:00:00,Clutch Overhaul,"Clutch slip issue fixed, release bearing replaced.",58878,15586.42,2026-02-12T12:00:00,Kiran
d77dce63-8816-4f36-8245-f578c1c29304,Mahindra XUV300,Rahul Patel,+91 9899871818,mahindra_xuv300_3823,2024-06-05T12:00:00,AC Repair,AC gas refilled and compressor checked.,47557,2153.27,2024-11-04T12:00:00,Ramesh
a33bd2f0-4d15-4d90-96b9-f0a41711e41a,Hyundai Creta,Rohan Kumar,+91 8890140124,hyundai_creta_4601,2023-12-30T12:00:00,General Service,Standard service with air filter cleaning and washing.,170513,5636.92,2024-06-22T12:00:00,Kiran
834c0fa6-a516-45ac-b074-a3f7018bd2df,Honda City,Varsha Mehta,+91 8421937755,honda_city_9416,2025-12-24T12:00:00,Battery Replacement,Battery terminals cleaned and new battery installed.,158067,7479.35,2027-01-02T12:00:00,Shiva
392c8c7b-df89-4cf6-aebd-96c3083e36bf,Mahindra XUV300,Praveen Kumar,+91 7677745534,mahindra_xuv300_7009,2024-02-06T12:00:00,Brake Service,"Brake noise complaint resolved, pads adjusted.",41184,3712.42,2024-08-19T12:00:00,Sameer
a768ec2c-3afd-483c-a4a2-dd8c137f99db,Hyundai i20,Nisha Verma,+91 8913237496,hyundai_i20_2316,2024-12-06T12:00:00,Clutch Overhaul,"Clutch slip issue fixed, release bearing replaced.",94501,19970.55,2026-05-02T12:00:00,Anil
50906e99-9dce-419f-a05b-7bc5639bb188,Mahindra XUV300,Shreya Patel,+91 8739672778,mahindra_xuv300_6904,2023-06-11T12:00:00,General Service,"Periodic service, fluids checked and topped up.",72839,3106.55,2023-12-31T12:00:00,Kiran
7115bfb4-4874-4872-89c7-3b1ffef04ccc,Maruti Swift,Praveen Verma,+91 7835381270,maruti_swift_4742,2023-05-22T12:00:00,Wheel Alignment & Balancing,4-wheel alignment and balancing done.,43421,1601.39,2023-09-09T12:00:00,Manoj
e3e39209-2321-4f9e-a75f-252bfad0a6b1,Hyundai Creta,Nisha Sharma,+91 9234686110,hyundai_creta_9766,2023-03-11T12:00:00,General Service,Standard service with air filter cleaning and washing.,103724,3099.13,2023-09-17T12:00:00,Anil
16251985-f29c-41e5-a161-4e22de9421d4,Kia Seltos,Varsha Gupta,+91 7187572383,kia_seltos_8595,2023-10-22T12:00:00,Battery Replacement,Battery terminals cleaned and new battery installed.,84147,5677.73,2024-09-29T12:00:00,Shiva
0e28fe48-b0eb-4715-b27c-091567d1cbe2,Hyundai i20,Arjun Mehta,+91 9086039456,hyundai_i20_8674,2024-02-24T12:00:00,General Service,"Engine oil and oil filter changed, general inspection done.",21369,3243.33,2024-09-18T12:00:00,Shiva
8b8b649e-e18d-4eb4-be51-c0ed9f361834,Hyundai Creta,Varsha Shetty,+91 8125100718,hyundai_creta_5944,2025-06-15T12:00:00,Brake Service,Rear brake pads replaced and brake fluid topped up.,124615,3591.53,2025-12-19T12:00:00,Manoj
af05d82a-5497-4e79-a13a-2c8652eb7d43,Tata Nexon,Shreya Verma,+91 7802242003,tata_nexon_9306,2023-05-25T12:00:00,Wheel Alignment & Balancing,Steering pull corrected by wheel alignment.,114499,2551.12,2024-01-28T12:00:00,Ramesh
14b830b6-f890-4218-bff6-20be0945cc20,Mahindra XUV300,Rahul Sharma,+91 9248337676,mahindra_xuv300_4479,2024-03-03T12:00:00,General Service,Standard service with air filter cleaning and washing.,145859,5790.5,2024-08-13T12:00:00,Shiva
6d6baa24-1137-4a2c-9cdc-635c0a2ad390,Maruti Baleno,Rahul Gupta,+91 7812235076,maruti_baleno_2633,2023-09-03T12:00:00,Brake Service,Rear brake pads replaced and brake fluid topped up.,29022,1636.39,2024-01-27T12:00:00,Kiran
a2f4fa78-ff85-41a7-9d6b-5559a5eaabd5,Tata Nexon,Nisha Mehta,+91 8751493479,tata_nexon_1566,2025-12-12T12:00:00,General Service,Standard service with air filter cleaning and washing.,82200,3702.27,2026-06-17T12:00:00,Shiva
b75ca518-c840-474d-a501-edd48f9df5ca,Hyundai Creta,Rohan Gupta,+91 7494222891,hyundai_creta_7886,2024-08-19T12:00:00,Brake Service,"Brake noise complaint resolved, pads adjusted.",147499,3671.6,2025-03-14T12:00:00,Manoj
2a9a470a-341f-418d-92dd-714c77f6ecfb,Hyundai Creta,Sneha Patel,+91 7835951142,hyundai_creta_8510,2023-11-03T12:00:00,Engine Repair,Timing belt replaced and engine tuned.,58290,10869.18,2025-04-01T12:00:00,Deepak
fbf57265-b3b5-40a6-b68e-60e26a3280be,Hyundai Creta,Praveen Sharma,+91 8272197934,hyundai_creta_5611,2024-10-03T12:00:00,AC Repair,AC gas refilled and compressor checked.,33509,2622.93,2025-02-28T12:00:00,Irfan
dff19bed-eecd-4148-917e-1e9a0380ced1,Mahindra XUV300,Rohan Reddy,+91 8002977530,mahindra_xuv300_7360,2023-10-04T12:00:00,Wheel Alignment & Balancing,4-wheel alignment and balancing done.,31664,1095.36,2024-05-19T12:00:00,Irfan
00d7646f-814d-4218-a25d-94a220672e97,Hyundai Creta,Varsha Kumar,+91 8963015653,hyundai_creta_9071,2025-04-28T12:00:00,General Service,"Engine oil and oil filter changed, general inspection done.",8514,4004.48,2025-11-04T12:00:00,Irfan
493ee528-e77c-494a-be49-0ea326673661,Maruti Baleno,Varsha Reddy,+91 8837751561,maruti_baleno_2745,2024-02-01T12:00:00,Clutch Overhaul,"Clutch slip issue fixed, release bearing replaced.",43565,13593.72,2025-06-22T12:00:00,Kiran
ba5c6d4f-cb21-4d33-a674-dd6137670fa1,Mahindra XUV300,Amit Kumar,+91 8178275130,mahindra_xuv300_1968,2024-04-25T12:00:00,General Service,"Engine oil and oil filter changed, general inspection done.",78441,4998.97,2024-10-01T12:00:00,Deepak
c345c2e2-d68c-4eae-a407-e98b8674fd4a,Maruti Swift,Nisha Rao,+91 8448763655,maruti_swift_2527,2023-06-05T12:00:00,AC Repair,AC gas refilled and compressor checked.,116867,4561.25,2024-01-01T12:00:00,Irfan
cf798e16-868e-47d0-8b80-2d4146240d2a,Hyundai i20,Praveen Verma,+91 9953937493,hyundai_i20_7213,2023-01-16T12:00:00,General Service,Standard service with air filter cleaning and washing.,169449,4717.61,2023-08-02T12:00:00,Irfan
9db7b103-8035-4db9-96be-f2366a4bd2a0,Mahindra XUV300,Shreya Mehta,+91 9227352450,mahindra_xuv300_3301,2023-08-20T12:00:00,General Service,Standard service with air filter cleaning and washing.,128691,6622.95,2024-01-12T12:00:00,Irfan
43f71e10-7281-4c01-b61b-94cd7f0ae2ec,Maruti Swift,Karthik Verma,+91 7604834713,maruti_swift_6877,2025-02-21T12:00:00,Wheel Alignment & Balancing,4-wheel alignment and balancing done.,51019,1092.83,2025-07-01T12:00:00,Ramesh
6429d72f-cd5a-4069-88ee-e7213622e59e,Maruti Baleno,Rahul Naik,+91 7591718254,maruti_baleno_1708,2024-08-03T12:00:00,General Service,Standard service with air filter cleaning and washing.,127513,6733.56,2025-01-18T12:00:00,Ramesh
9155dc1e-938e-4dc1-a3dc-f77e239ef540,Hyundai Creta,Rahul Rao,+91 7786720679,hyundai_creta_8695,2024-02-07T12:00:00,Wheel Alignment & Balancing,Steering pull corrected by wheel alignment.,84667,1764.84,2024-08-14T12:00:00,Deepak
70d2a38e-08db-433d-8ed7-cae37999a189,Maruti Swift,Arjun Sharma,+91 7737302700,maruti_swift_8428,2023-12-06T12:00:00,Brake Service,"Brake noise complaint resolved, pads adjusted.",85723,3020.71,2024-04-09T12:00:00,Irfan
05e00588-ddd1-4a80-b872-947b07d8ed54,Maruti Swift,Varsha Reddy,+91 8190616060,maruti_swift_7855,2023-03-03T12:00:00,Clutch Overhaul,"Clutch slip issue fixed, release bearing replaced.",93814,23917.09,2024-02-06T12:00:00,Manoj
c01b2550-5f63-48cf-a7b1-ac06bced1589,Mahindra XUV300,Rahul Naik,+91 9732099967,mahindra_xuv300_1460,2025-10-06T12:00:00,Wheel Alignment & Balancing,Tyre rotation and balancing performed.,81618,1051.37,2026-05-23T12:00:00,Kiran
b2047884-e901-4401-9e89-70ee8dd92bde,Maruti Swift,Praveen Patel,+91 8970604507,maruti_swift_1879,2023-04-21T12:00:00,General Service,"Engine oil and oil filter changed, general inspection done.",148183,4397.5,2023-11-20T12:00:00,Irfan
b405739e-cd78-4095-808f-80404d647175,Hyundai i20,Amit Sharma,+91 7231555075,hyundai_i20_2886,2025-02-01T12:00:00,Clutch Overhaul,Clutch plate and pressure plate changed.,127195,21385.19,2025-12-24T12:00:00,Manoj
320c1838-3fbd-4d72-adfd-c8cb19404f0c,Hyundai i20,Rahul Mehta,+91 9413481243,hyundai_i20_6470,2023-02-17T12:00:00,General Service,Standard service with air filter cleaning and washing.,46335,3624.55,2023-07-27T12:00:00,Shiva
e7cd28e9-719c-4063-875b-7280f9901c9b,Maruti Baleno,Arjun Rao,+91 9860306601,maruti_baleno_1514,2026-01-01T12:00:00,Battery Replacement,No-start issue fixed with new battery.,147940,8867.64,2027-04-13T12:00:00,Manoj
0c275d7d-7ba1-43dc-8130-d4c5c36baae4,Hyundai Creta,Sneha Verma,+91 7857380672,hyundai_creta_1159,2025-04-01T12:00:00,AC Repair,AC vents cleaned and cabin filter replaced.,88415,4869.65,2025-07-27T12:00:00,Sameer
e500f965-4c7f-44e7-be76-329a2fa693a0,Hyundai i20,Amit Kumar,+91 8077095827,hyundai_i20_5177,2024-10-22T12:00:00,Brake Service,"Brake noise complaint resolved, pads adjusted.",21492,2240.11,2025-03-12T12:00:00,Kiran
09d47047-7cc6-40b9-894d-6238f8474ce3,Maruti Swift,Amit Patel,+91 7767525870,maruti_swift_5046,2025-04-04T12:00:00,AC Repair,"Cooling issue fixed, condenser cleaned.",117197,6174.8,2025-08-04T12:00:00,Irfan
35eea798-2015-4636-8738-04f9a3df3381,Hyundai Creta,Nisha Kumar,+91 7798935258,hyundai_creta_4979,2023-03-27T12:00:00,Wheel Alignment & Balancing,Steering pull corrected by wheel alignment.,152026,2210.29,2023-07-14T12:00:00,Irfan
637de816-509f-46f2-b580-3f189e6b3a30,Hyundai i20,Sneha Kumar,+91 9792502288,hyundai_i20_2345,2025-09-19T12:00:00,Brake Service,Front brake pads and discs inspected and replaced.,78578,4009.03,2026-03-06T12:00:00,Sameer
704202c7-e95d-4287-aaff-b884fc4f2fa2,Maruti Baleno,Amit Sharma,+91 9509836165,maruti_baleno_7808,2025-11-19T12:00:00,Clutch Overhaul,"Clutch slip issue fixed, release bearing replaced.",53438,12853.3,2027-02-19T12:00:00,Deepak
1bd75d15-70ee-4ae8-964e-3e5af12ae46e,Tata Nexon,Shreya Gupta,+91 9943589472,tata_nexon_5691,2023-09-14T12:00:00,General Service,"Periodic service, fluids checked and topped up.",71277,6523.42,2024-03-09T12:00:00,Anil
ae748c56-47f8-424d-814a-e73bb46b30a4,Mahindra XUV300,Sneha Mehta,+91 7633716188,mahindra_xuv300_4140,2024-12-22T12:00:00,General Service,"Periodic service, fluids checked and topped up.",77266,2884.32,2025-07-04T12:00:00,Sameer
1742b264-cac2-4b2e-9f16-ab412152ce3e,Kia Seltos,Rahul Reddy,+91 7916403027,kia_seltos_5698,2025-12-28T12:00:00,General Service,Standard service with air filter cleaning and washing.,128876,6969.16,2026-06-29T12:00:00,Shiva
37eb38d9-0e50-4051-a854-2cbce1a4ae5b,Hyundai i20,Shreya Mehta,+91 8407984405,hyundai_i20_1933,2023-03-12T12:00:00,Brake Service,"Brake noise complaint resolved, pads adjusted.",136897,2226.92,2023-09-17T12:00:00,Deepak
07f363b8-dda2-4f39-ad15-fbd4df52f55e,Kia Seltos,Amit Reddy,+91 7967007332,kia_seltos_7678,2025-07-01T12:00:00,Brake Service,Front brake pads and discs inspected and replaced.,116421,3345.17,2025-11-09T12:00:00,Shiva
ce57055f-0751-481d-8369-0d48c877bfac,Hyundai Creta,Rohan Reddy,+91 7926244897,hyundai_creta_1495,2024-11-30T12:00:00,General Service,"Periodic service, fluids checked and topped up.",66306,5009.26,2025-04-28T12:00:00,Anil
676513ec-163f-42cf-b71e-d28e5061b76c,Honda City,Sneha Shetty,+91 9054674095,honda_city_6604,2025-07-27T12:00:00,Clutch Overhaul,Clutch plate and pressure plate changed.,106843,20131.48,2026-09-11T12:00:00,Irfan
7ce1f318-b48a-40bf-b42e-1e92a0df7d78,Tata Nexon,Sneha Sharma,+91 9493822166,tata_nexon_7969,2024-02-22T12:00:00,Brake Service,Rear brake pads replaced and brake fluid topped up.,130440,2763.23,2024-06-25T12:00:00,Ramesh
16efd44d-6970-4db6-a8a8-31fc8b0ac6d9,Tata Nexon,Praveen Reddy,+91 7232924061,tata_nexon_6050,2025-06-12T12:00:00,AC Repair,AC gas refilled and compressor checked.,132200,5186.33,2026-02-09T12:00:00,Deepak
9b9f01d1-db25-4461-8505-6b4a4d8c199b,Maruti Baleno,Amit Verma,+91 7562402385,maruti_baleno_2172,2025-11-20T12:00:00,Battery Replacement,Old battery replaced with new 60Ah unit.,107561,6610.95,2026-09-08T12:00:00,Sameer
613891b9-6e55-4292-b8bf-f71aa4140249,Maruti Baleno,Sneha Verma,+91 9953034862,maruti_baleno_5502,2023-09-16T12:00:00,Battery Replacement,No-start issue fixed with new battery.,18556,4012.67,2025-02-22T12:00:00,Deepak
e7158850-ba4b-4ab9-ab32-a1c28e39b1bd,Hyundai i20,Varsha Mehta,+91 7166229774,hyundai_i20_7592,2024-05-05T12:00:00,Clutch Overhaul,Full clutch kit replaced.,165405,21682.71,2025-08-10T12:00:00,Kiran
1a88d87a-b1dc-4ff2-b04d-7ff656ba5f30,Maruti Swift,Rohan Sharma,+91 7245484776,maruti_swift_1751,2023-02-08T12:00:00,Clutch Overhaul,Clutch plate and pressure plate changed.,45293,17181.49,2023-10-02T12:00:00,Sameer
9b6fbe88-82ca-4a13-83fe-c8fa1dbcdaca,Maruti Swift,Karthik Mehta,+91 9242648861,maruti_swift_7022,2024-05-17T12:00:00,General Service,Standard service with air filter cleaning and washing.,174649,3898.66,2024-11-29T12:00:00,Kiran
2c7f358b-e20e-4f34-9f5a-a7046be52088,Kia Seltos,Rahul Gupta,+91 9765827318,kia_seltos_3596,2025-07-13T12:00:00,Wheel Alignment & Balancing,Tyre rotation and balancing performed.,161774,1687.79,2026-01-21T12:00:00,Shiva
fa36223d-42c8-42c8-9ae4-83b21555f725,Kia Seltos,Sneha Patel,+91 9658617109,kia_seltos_2191,2025-04-10T12:00:00,AC Repair,"Cooling issue fixed, condenser cleaned.",145081,6817.04,2025-12-04T12:00:00,Anil
eff72b2e-d0d6-45cf-b085-72289ffdfdfc,Maruti Baleno,Rohan Rao,+91 8607106615,maruti_baleno_3206,2025-04-13T12:00:00,Brake Service,Rear brake pads replaced and brake fluid topped up.,41677,2357.04,2025-08-26T12:00:00,Manoj
6f1f9904-73a2-447d-b691-1579a478116e,Hyundai i20,Rohan Gupta,+91 7604051278,hyundai_i20_3110,2023-10-29T12:00:00,General Service,"Periodic service, fluids checked and topped up.",160693,6808.24,2024-05-21T12:00:00,Deepak
1487dedf-123c-4e83-928e-187064d35368,Mahindra XUV300,Sneha Rao,+91 8373263149,mahindra_xuv300_5367,2024-09-04T12:00:00,General Service,"Periodic service, fluids checked and topped up.",179699,9498.59,2025-01-30T12:00:00,Ramesh
87ff284e-7075-45cb-9e0e-5b7a007b28aa,Hyundai i20,Nisha Reddy,+91 7266690445,hyundai_i20_8952,2025-12-07T12:00:00,General Service,"Engine oil and oil filter changed, general inspection done.",42512,2881.08,2026-06-01T12:00:00,Irfan
5fedddc1-d539-46e5-8b94-ebe864c32efe,Tata Nexon,Amit Sharma,+91 9715566215,tata_nexon_1792,2024-09-25T12:00:00,Engine Repair,Engine overhaul and major internal components serviced.,47927,18320.09,2025-11-23T12:00:00,Shiva
a8864c91-4f76-42e4-850d-3f3576aaf478,Hyundai i20,Arjun Shetty,+91 7133186995,hyundai_i20_5590,2024-02-20T12:00:00,Battery Replacement,No-start issue fixed with new battery.,52618,4859.16,2025-06-13T12:00:00,Anil
1806391a-8abc-40b1-9c20-52066e3e7760,Honda City,Amit Verma,+91 7205976489,honda_city_7924,2025-11-08T12:00:00,AC Repair,AC vents cleaned and cabin filter replaced.,162848,7937.35,2026-07-02T12:00:00,Manoj
7607136d-e14b-406a-892c-94e1aceb9f4a,Honda City,Rahul Verma,+91 8501150419,honda_city_8925,2025-04-20T12:00:00,Clutch Overhaul,"Clutch slip issue fixed, release bearing replaced.",142109,16824.44,2026-08-15T12:00:00,Manoj
9a3d1f6b-a9ac-4c0f-8251-c905eff10bfa,Honda City,Rahul Patel,+91 9689769133,honda_city_4902,2025-06-28T12:00:00,General Service,Standard service with air filter cleaning and washing.,139353,7026.43,2026-01-21T12:00:00,Shiva
46c974be-ff78-4285-aee1-96dbcfa13c36,Maruti Swift,Rohan Naik,+91 7228189335,maruti_swift_4335,2024-08-02T12:00:00,Wheel Alignment & Balancing,Tyre rotation and balancing performed.,177816,2190.01,2025-03-29T12:00:00,Ramesh
40f10a09-6c5a-4f8e-9773-aff5c740020d,Maruti Swift,Nisha Mehta,+91 7956523210,maruti_swift_9080,2024-08-31T12:00:00,Clutch Overhaul,Clutch plate and pressure plate changed.,138925,12400.24,2025-07-03T12:00:00,Sameer
7700602e-a304-4c62-848f-ec422f72e7aa,Honda City,Karthik Naik,+91 8711548946,honda_city_7186,2025-05-31T12:00:00,Brake Service,Rear brake pads replaced and brake fluid topped up.,27717,2583.55,2025-10-13T12:00:00,Sameer
2dee5d78-660d-4bea-bce8-536dcc672b3d,Hyundai Creta,Amit Kumar,+91 8586195672,hyundai_creta_5277,2023-08-02T12:00:00,AC Repair,"Cooling issue fixed, condenser cleaned.",45088,3648.39,2024-02-29T12:00:00,Sameer
6e6a00a5-2954-44e9-a9a9-2cce3034647d,Tata Nexon,Karthik Patel,+91 9362424945,tata_nexon_2472,2023-04-24T12:00:00,Wheel Alignment & Balancing,4-wheel alignment and balancing done.,109828,2404.75,2023-12-04T12:00:00,Anil
90dba849-71bb-4f70-ac22-e7263fe074b1,Mahindra XUV300,Nisha Shetty,+91 8660900807,mahindra_xuv300_2761,2023-08-06T12:00:00,General Service,"Engine oil and oil filter changed, general inspection done.",166133,6944.33,2023-12-22T12:00:00,Irfan
7a8ddfae-f35d-4d7a-9a26-b5cc37dd2297,Hyundai Creta,Varsha Gupta,+91 7265208286,hyundai_creta_5754,2025-05-22T12:00:00,General Service,"Engine oil and oil filter changed, general inspection done.",121801,3646.51,2025-12-16T12:00:00,Kiran
253ae91b-b47a-4b96-96ec-62a7934200dd,Maruti Swift,Nisha Sharma,+91 9783365473,maruti_swift_9163,2025-04-20T12:00:00,General Service,"Periodic service, fluids checked and topped up.",132637,6735.63,2025-09-25T12:00:00,Shiva
63b17447-982e-4e58-941a-6012a2748945,Maruti Baleno,Karthik Mehta,+91 7050636576,maruti_baleno_6391,2024-06-04T12:00:00,Brake Service,Front brake pads and discs inspected and replaced.,28685,3647.66,2025-01-15T12:00:00,Irfan
7a456432-9bec-469f-8f22-b9107676e0e3,Maruti Baleno,Amit Verma,+91 8831781712,maruti_baleno_8100,2025-12-05T12:00:00,Clutch Overhaul,"Clutch slip issue fixed, release bearing replaced.",36544,15110.84,2026-09-15T12:00:00,Anil
60641fbd-2519-4f1f-ab91-14ed7d5ab231,Hyundai Creta,Sneha Reddy,+91 7535202813,hyundai_creta_4602,2024-03-07T12:00:00,General Service,"Periodic service, fluids checked and topped up.",95094,6937.39,2024-09-15T12:00:00,Kiran
af3c6ac9-9292-4619-8adf-070bfccb06ae,Mahindra XUV300,Rahul Verma,+91 9408905078,mahindra_xuv300_6157,2023-10-24T12:00:00,Clutch Overhaul,Clutch plate and pressure plate changed.,81246,15960.15,2024-07-12T12:00:00,Kiran
8007fb79-6954-4492-97de-731672dfb6be,Kia Seltos,Sneha Rao,+91 7443179535,kia_seltos_9824,2024-04-25T12:00:00,Wheel Alignment & Balancing,4-wheel alignment and balancing done.,41469,2038.3,2024-12-03T12:00:00,Deepak
d665baef-dd67-48b5-ade4-ec90b570cf24,Hyundai i20,Shreya Naik,+91 9854528125,hyundai_i20_8228,2024-10-04T12:00:00,General Service,"Periodic service, fluids checked and topped up.",39476,3487.82,2025-02-26T12:00:00,Shiva
de8d281d-aafd-411e-9dcd-8970b7a736e3,Honda City,Sneha Rao,+91 7927559423,honda_city_6341,2023-01-29T12:00:00,Engine Repair,"Misfiring issue fixed, spark plugs replaced.",74284,29646.3,2024-02-04T12:00:00,Deepak
9a8890a6-6e1b-470c-9c68-1644144b150c,Hyundai Creta,Sneha Naik,+91 8904443120,hyundai_creta_1598,2025-09-12T12:00:00,Brake Service,"Brake noise complaint resolved, pads adjusted.",36633,3061.68,2026-05-19T12:00:00,Deepak
d41ec5fc-62df-41bb-953c-290128cec694,Tata Nexon,Varsha Rao,+91 8921561629,tata_nexon_3450,2023-07-15T12:00:00,AC Repair,"Cooling issue fixed, condenser cleaned.",166234,5566.37,2024-01-28T12:00:00,Manoj
aa0d6e1f-bf13-400e-b0f7-7cf484206378,Honda City,Karthik Kumar,+91 8117180488,honda_city_7690,2026-01-07T12:00:00,Brake Service,Front brake pads and discs inspected and replaced.,26148,3565.78,2026-06-19T12:00:00,Ramesh
0b7d7d0b-3840-4c22-a6ac-40d78d2e10bc,Hyundai Creta,Arjun Shetty,+91 9737300676,hyundai_creta_3530,2025-10-26T12:00:00,Clutch Overhaul,Full clutch kit replaced.,130713,19785.26,2027-01-19T12:00:00,Kiran
73778adf-d4e1-435f-9ef2-5488e5235959,Maruti Baleno,Shreya Gupta,+91 9396881737,maruti_baleno_3517,2025-01-16T12:00:00,General Service,"Periodic service, fluids checked and topped up.",145761,4328.46,2025-08-02T12:00:00,Anil
4df957f4-b30f-4262-9e38-659f6ef57ccb,Maruti Swift,Shreya Rao,+91 8387164300,maruti_swift_2175,2025-10-25T12:00:00,General Service,Standard service with air filter cleaning and washing.,163784,5918.6,2026-04-09T12:00:00,Irfan
139da8ff-b0dc-4c27-88b3-eea6bc2b1b16,Tata Nexon,Rohan Mehta,+91 9778995717,tata_nexon_2824,2025-03-30T12:00:00,General Service,Standard service with air filter cleaning and washing.,70174,3897.33,2025-09-29T12:00:00,Sameer
d32a45f5-e811-4218-ba6e-97f9f53d4a92,Maruti Swift,Sneha Mehta,+91 7321709803,maruti_swift_7254,2024-05-14T12:00:00,Battery Replacement,Battery terminals cleaned and new battery installed.,136233,7497.55,2025-04-17T12:00:00,Manoj
18111e1e-29cb-4888-a3b0-f77e22eb4ae1,Hyundai Creta,Shreya Sharma,+91 9632054958,hyundai_creta_4273,2023-03-01T12:00:00,Wheel Alignment & Balancing,Tyre rotation and balancing performed.,104028,1462.3,2023-06-28T12:00:00,Ramesh
430f607a-ab6a-4fee-b639-c219ea87c9d6,Honda City,Praveen Naik,+91 7311028801,honda_city_7947,2024-04-13T12:00:00,General Service,"Engine oil and oil filter changed, general inspection done.",115750,5833.7,2024-10-30T12:00:00,Kiran
fbfeb5fd-99bf-494b-8c85-af40d8eee256,Maruti Swift,Sneha Patel,+91 9183075187,maruti_swift_7237,2024-10-02T12:00:00,Wheel Alignment & Balancing,Steering pull corrected by wheel alignment.,12647,1684.3,2025-03-07T12:00:00,Kiran
9c8148a1-420e-4e60-bb9a-b1523a50b288,Hyundai Creta,Arjun Reddy,+91 9410000317,hyundai_creta_8991,2025-07-22T12:00:00,Brake Service,Front brake pads and discs inspected and replaced.,148647,4636.53,2026-01-10T12:00:00,Shiva
94b22405-6aff-48d3-952f-ca846f375db3,Kia Seltos,Karthik Verma,+91 8087679353,kia_seltos_1769,2024-08-04T12:00:00,Wheel Alignment & Balancing,4-wheel alignment and balancing done.,85685,1528.56,2024-12-08T12:00:00,Kiran
4c606058-0954-41f1-8714-5c435c66e799,Hyundai i20,Varsha Sharma,+91 7444768930,hyundai_i20_3086,2025-11-20T12:00:00,General Service,"Periodic service, fluids checked and topped up.",18887,2435.45,2026-06-03T12:00:00,Shiva
33ea16e9-e8c4-4f9e-881a-1c394958212d,Honda City,Varsha Gupta,+91 9041028156,honda_city_2971,2023-03-18T12:00:00,Brake Service,Rear brake pads replaced and brake fluid topped up.,172881,6027.47,2023-09-22T12:00:00,Anil
ec191094-64fe-47b3-b111-0d4e90229294,Hyundai i20,Sneha Mehta,+91 7000816966,hyundai_i20_7379,2024-11-11T12:00:00,General Service,"Periodic service, fluids checked and topped up.",100568,3348.57,2025-05-11T12:00:00,Anil
7954ee63-1973-49f5-9d95-87d19c6ab59a,Hyundai Creta,Amit Verma,+91 7480664825,hyundai_creta_1705,2024-04-16T12:00:00,AC Repair,AC gas refilled and compressor checked.,24766,3547.36,2024-10-05T12:00:00,Anil
ab27d40f-397f-4cc4-822d-7f7185ad2922,Maruti Swift,Nisha Shetty,+91 9512853286,maruti_swift_8848,2023-02-19T12:00:00,Wheel Alignment & Balancing,4-wheel alignment and balancing done.,130681,1005.27,2023-07-04T12:00:00,Kiran
07b5407b-5131-45df-918e-74aa8b556e6d,Maruti Swift,Nisha Kumar,+91 8852189120,maruti_swift_8100,2025-05-29T12:00:00,General Service,"Periodic service, fluids checked and topped up.",104677,3845.09,2025-10-14T12:00:00,Irfan
186599df-c7a6-423d-a0bd-19e78bcbe5b5,Honda City,Varsha Mehta,+91 8097905435,honda_city_2869,2025-02-18T12:00:00,Brake Service,Front brake pads and discs inspected and replaced.,68399,2737.66,2025-10-21T12:00:00,Shiva
1cea84ea-c1bc-4dee-b87f-2f6ba06ac2bf,Tata Nexon,Shreya Kumar,+91 9600249449,tata_nexon_2030,2025-10-19T12:00:00,Wheel Alignment & Balancing,Steering pull corrected by wheel alignment.,68045,984.27,2026-06-12T12:00:00,Manoj
e0a7ec62-f7e0-4518-8c73-b73c0b87c86c,Honda City,Rohan Kumar,+91 7124413645,honda_city_3218,2023-08-29T12:00:00,Brake Service,"Brake noise complaint resolved, pads adjusted.",169354,4520.18,2024-05-07T12:00:00,Sameer
1e08de28-0a7b-4d93-b7b3-20e264637868,Tata Nexon,Nisha Mehta,+91 7441494044,tata_nexon_1510,2023-10-22T12:00:00,Engine Repair,Engine overhaul and major internal components serviced.,143535,31466.78,2024-09-07T12:00:00,Shiva
a68aa11b-54c0-413d-bc33-415b7293dfe4,Hyundai Creta,Rahul Gupta,+91 7736005398,hyundai_creta_7955,2024-04-23T12:00:00,Battery Replacement,Old battery replaced with new 60Ah unit.,137672,6891.87,2025-02-11T12:00:00,Sameer
d70cf05a-d813-4781-baac-39e76ee84993,Honda City,Praveen Shetty,+91 8077534007,honda_city_7200,2025-08-21T12:00:00,General Service,"Engine oil and oil filter changed, general inspection done.",162030,5305.08,2026-01-14T12:00:00,Ramesh
43c2ab5e-0d7c-4c83-acac-4432b023697d,Kia Seltos,Nisha Gupta,+91 9993803161,kia_seltos_8930,2023-08-02T12:00:00,Wheel Alignment & Balancing,4-wheel alignment and balancing done.,47453,1042.84,2023-12-19T12:00:00,Irfan
647cf091-65d4-43fb-8d92-f14acac77ff4,Maruti Baleno,Praveen Kumar,+91 9422184554,maruti_baleno_7681,2025-11-13T12:00:00,General Service,Standard service with air filter cleaning and washing.,16243,4624.27,2026-03-30T12:00:00,Shiva
7946ddd6-1c57-44e8-94c8-a2d920cb76d3,Hyundai i20,Arjun Naik,+91 8032256447,hyundai_i20_8494,2023-10-19T12:00:00,General Service,"Periodic service, fluids checked and topped up.",69728,3284.2,2024-05-29T12:00:00,Deepak
ba20dbe5-a5cd-42f3-8c85-2330c5310e62,Honda City,Nisha Naik,+91 9168928883,honda_city_2835,2024-07-13T12:00:00,Brake Service,Front brake pads and discs inspected and replaced.,80624,3853.0,2025-02-13T12:00:00,Anil
a88f92c2-f5ac-4770-af45-49a3dfcd65f0,Kia Seltos,Rahul Verma,+91 7899695852,kia_seltos_6210,2024-09-05T12:00:00,Clutch Overhaul,"Clutch slip issue fixed, release bearing replaced.",52725,19434.73,2025-08-04T12:00:00,Manoj
341e802d-21b2-4285-b22a-4a88642e12d4,Maruti Swift,Praveen Reddy,+91 8642163185,maruti_swift_9169,2024-07-21T12:00:00,General Service,Standard service with air filter cleaning and washing.,56443,2914.21,2024-12-11T12:00:00,Ramesh
8abad459-e928-41fe-a8d2-8607a02bd995,Honda City,Arjun Gupta,+91 8814622356,honda_city_7429,2024-11-06T12:00:00,Clutch Overhaul,Clutch plate and pressure plate changed.,115628,24187.22,2025-07-23T12:00:00,Ramesh
a99069f3-7530-4dd6-b0f5-3cfa8c047252,Kia Seltos,Varsha Rao,+91 9619698976,kia_seltos_5905,2025-01-20T12:00:00,Engine Repair,"Misfiring issue fixed, spark plugs replaced.",96748,22545.61,2025-11-20T12:00:00,Kiran
0e3213d9-4337-4a9a-8b7d-40220d04999b,Honda City,Praveen Rao,+91 8130492544,honda_city_4786,2023-03-03T12:00:00,Engine Repair,Engine overhaul and major internal components serviced.,146940,14217.34,2024-01-12T12:00:00,Deepak
8ab529dd-ee9b-473a-8a76-c364bdb6bd6a,Maruti Swift,Rohan Reddy,+91 8609393983,maruti_swift_1573,2025-03-02T12:00:00,Clutch Overhaul,Clutch plate and pressure plate changed.,162495,18264.84,2026-03-23T12:00:00,Anil
b88ce139-1583-4692-b3cf-86361989e806,Kia Seltos,Arjun Sharma,+91 8002836012,kia_seltos_4769,2025-12-18T12:00:00,Engine Repair,Engine overhaul and major internal components serviced.,34135,18008.37,2027-05-07T12:00:00,Kiran
c3077f71-240a-4a92-8454-199fce8dbbb0,Maruti Baleno,Praveen Kumar,+91 8404177560,maruti_baleno_8123,2024-04-18T12:00:00,Brake Service,Rear brake pads replaced and brake fluid topped up.,171030,4931.27,2024-11-26T12:00:00,Kiran
ab29bf57-08e4-41f3-a5a8-fd73917de6f2,Tata Nexon,Sneha Kumar,+91 8543074684,tata_nexon_4009,2024-09-20T12:00:00,General Service,Standard service with air filter cleaning and washing.,163413,3762.76,2025-03-24T12:00:00,Anil
24e26e14-da32-4c6e-a797-4ec9eeb99b40,Kia Seltos,Praveen Rao,+91 8446490180,kia_seltos_6500,2025-07-28T12:00:00,Brake Service,Front brake pads and discs inspected and replaced.,171193,2928.79,2026-03-06T12:00:00,Deepak
8893560c-7652-46c9-ad9c-6898689b2793,Maruti Swift,Varsha Sharma,+91 8900968277,maruti_swift_6540,2024-03-20T12:00:00,General Service,"Periodic service, fluids checked and topped up.",63050,3138.33,2024-10-08T12:00:00,Kiran
1ba59cee-221e-4085-aaec-a4f0819f1264,Kia Seltos,Amit Kumar,+91 9859753327,kia_seltos_8516,2025-09-23T12:00:00,Brake Service,"Brake noise complaint resolved, pads adjusted.",21517,2884.2,2026-05-22T12:00:00,Kiran
06114542-9100-43c7-a3fe-971b19c47932,Maruti Swift,Rahul Naik,+91 7189908503,maruti_swift_2673,2025-03-02T12:00:00,General Service,Standard service with air filter cleaning and washing.,63790,3815.47,2025-09-18T12:00:00,Deepak
cbf03b3a-8ffd-431d-8230-847c10d573d3,Maruti Baleno,Rohan Shetty,+91 7870911050,maruti_baleno_1158,2025-04-20T12:00:00,AC Repair,AC vents cleaned and cabin filter replaced.,25589,3817.62,2025-11-11T12:00:00,Deepak
e0401aab-523b-4727-a541-6b98de4fcad9,Maruti Baleno,Praveen Reddy,+91 9409011274,maruti_baleno_2395,2025-07-24T12:00:00,Brake Service,"Brake noise complaint resolved, pads adjusted.",179785,3040.29,2026-01-16T12:00:00,Deepak
8a8bfeaf-6fd4-40df-8b2b-10dc6b723733,Hyundai Creta,Praveen Mehta,+91 9209342456,hyundai_creta_5662,2023-12-14T12:00:00,Wheel Alignment & Balancing,4-wheel alignment and balancing done.,70044,1802.16,2024-07-31T12:00:00,Anil
0d0aa282-c76b-48c8-b027-ea86234c36bc,Hyundai Creta,Varsha Verma,+91 9465960394,hyundai_creta_4938,2025-01-08T12:00:00,General Service,Standard service with air filter cleaning and washing.,69452,4511.65,2025-05-25T12:00:00,Anil
d11437ce-0d85-4f95-a256-58be1b0fa2e6,Hyundai Creta,Shreya Shetty,+91 7267934383,hyundai_creta_7798,2025-03-28T12:00:00,General Service,Standard service with air filter cleaning and washing.,25737,3048.83,2025-11-05T12:00:00,Irfan
a5bafedc-7d45-4e25-b58a-8a027fe320c4,Tata Nexon,Nisha Naik,+91 9975757801,tata_nexon_2003,2023-06-25T12:00:00,Wheel Alignment & Balancing,Tyre rotation and balancing performed.,44564,1206.89,2023-10-19T12:00:00,Kiran
75565d68-5b07-4a32-b93d-30e70a1cc8ba,Hyundai i20,Rohan Kumar,+91 7662422047,hyundai_i20_6766,2025-11-24T12:00:00,General Service,"Engine oil and oil filter changed, general inspection done.",168344,4842.26,2026-06-20T12:00:00,Kiran
c484f1a8-5d07-4d52-b295-7e515ff1e9a2,Kia Seltos,Shreya Mehta,+91 9101158131,kia_seltos_8024,2025-04-23T12:00:00,Brake Service,Front brake pads and discs inspected and replaced.,171728,6028.01,2025-10-07T12:00:00,Irfan
5e6cd4e3-15d0-4266-859f-ca9066b2718c,Hyundai Creta,Amit Reddy,+91 7525287208,hyundai_creta_9131,2024-01-11T12:00:00,Battery Replacement,No-start issue fixed with new battery.,90079,6060.03,2025-04-20T12:00:00,Irfan
adf4c9a8-3a9d-477e-9766-74f962a8959a,Tata Nexon,Shreya Reddy,+91 9825913907,tata_nexon_7692,2023-11-25T12:00:00,Wheel Alignment & Balancing,4-wheel alignment and balancing done.,13936,1376.86,2024-03-22T12:00:00,Sameer
ebad7c79-9b9f-465a-bb4b-62f58ae1afcf,Tata Nexon,Sneha Naik,+91 8777977303,tata_nexon_9671,2023-02-06T12:00:00,AC Repair,AC gas refilled and compressor checked.,94284,4220.96,2023-08-18T12:00:00,Anil
0c5d94fa-cd1f-4039-bafa-30ca98e5d3f6,Hyundai Creta,Amit Mehta,+91 9841487349,hyundai_creta_4479,2023-10-25T12:00:00,Wheel Alignment & Balancing,Steering pull corrected by wheel alignment.,84346,1532.42,2024-02-18T12:00:00,Irfan
a228b527-2bfd-48da-9391-3acd2ecc6811,Mahindra XUV300,Arjun Kumar,+91 8138036074,mahindra_xuv300_6734,2025-02-28T12:00:00,Wheel Alignment & Balancing,Tyre rotation and balancing performed.,117079,1930.4,2025-09-25T12:00:00,Irfan
9e7993a4-2308-4c2b-b67c-015e8c28e4ff,Hyundai i20,Varsha Naik,+91 9539803976,hyundai_i20_6193,2024-02-17T12:00:00,AC Repair,"Cooling issue fixed, condenser cleaned.",68739,3106.39,2024-09-25T12:00:00,Anil
09accbf0-f5b4-4ee7-b696-1847d0b2fa88,Maruti Swift,Rohan Kumar,+91 7714733702,maruti_swift_9471,2025-12-17T12:00:00,Battery Replacement,No-start issue fixed with new battery.,174228,9794.51,2026-11-16T12:00:00,Deepak
5c6c8a51-2be6-45f7-b777-b15cbae6eb6b,Maruti Swift,Rahul Shetty,+91 8303005781,maruti_swift_6360,2025-10-28T12:00:00,General Service,"Periodic service, fluids checked and topped up.",135330,5209.61,2026-04-06T12:00:00,Kiran
4fab2dd4-e3ed-4f77-8d61-bda8c4d30525,Hyundai i20,Sneha Mehta,+91 8446358738,hyundai_i20_8059,2023-04-12T12:00:00,Clutch Overhaul,Full clutch kit replaced.,18727,13474.75,2024-04-14T12:00:00,Kiran
510cb168-fda2-46fd-8347-17eb1de128e7,Kia Seltos,Arjun Verma,+91 9148161649,kia_seltos_2553,2025-01-16T12:00:00,General Service,Standard service with air filter cleaning and washing.,111903,6552.07,2025-06-30T12:00:00,Manoj
656a8012-b143-4140-b02c-efae980fef5e,Tata Nexon,Nisha Patel,+91 7294542888,tata_nexon_2235,2023-05-14T12:00:00,General Service,Standard service with air filter cleaning and washing.,127221,4608.27,2023-10-17T12:00:00,Sameer
19804c28-0d77-48ee-86f0-6a91b4c426aa,Honda City,Varsha Gupta,+91 7214960152,honda_city_5510,2024-01-07T12:00:00,AC Repair,"Cooling issue fixed, condenser cleaned.",26754,2636.86,2024-07-20T12:00:00,Manoj
af5b0116-c682-41b1-8fac-6fad723d5de3,Hyundai i20,Arjun Rao,+91 8167711693,hyundai_i20_5874,2024-12-23T12:00:00,General Service,"Periodic service, fluids checked and topped up.",97983,4893.93,2025-07-28T12:00:00,Irfan
938adfe8-8859-45cb-b42c-3434a35cb2c5,Tata Nexon,Shreya Verma,+91 8938190333,tata_nexon_4442,2024-05-11T12:00:00,General Service,"Engine oil and oil filter changed, general inspection done.",15238,4060.52,2024-12-01T12:00:00,Shiva
b82473f0-e8f2-4879-b679-283d61d33d63,Tata Nexon,Karthik Mehta,+91 7710252524,tata_nexon_5184,2023-05-04T12:00:00,General Service,Standard service with air filter cleaning and washing.,158017,4432.57,2023-11-13T12:00:00,Deepak
92cefd44-49a4-41d7-a3ea-b9e46b011eb1,Maruti Baleno,Karthik Naik,+91 8770478702,maruti_baleno_8792,2025-06-06T12:00:00,Clutch Overhaul,Full clutch kit replaced.,33377,16154.4,2026-03-11T12:00:00,Kiran
3fb1a9f2-bd64-4f10-90c5-d3719ad0e1cf,Mahindra XUV300,Rohan Rao,+91 8751503309,mahindra_xuv300_6899,2023-10-08T12:00:00,Wheel Alignment & Balancing,Steering pull corrected by wheel alignment.,113476,1165.47,2024-05-21T12:00:00,Kiran
d8ff73b9-db39-4623-a8c9-c6c1d4fd4d61,Kia Seltos,Praveen Sharma,+91 7971211036,kia_seltos_5198,2024-04-15T12:00:00,General Service,"Engine oil and oil filter changed, general inspection done.",14573,3375.16,2024-09-02T12:00:00,Anil
f02d05f8-95fd-4985-b040-676813d139aa,Tata Nexon,Varsha Mehta,+91 9741527015,tata_nexon_9184,2023-11-11T12:00:00,Brake Service,Front brake pads and discs inspected and replaced.,46086,3544.58,2024-07-14T12:00:00,Sameer
4955c1fa-b40b-49dc-8763-791d47d9363f,Kia Seltos,Karthik Kumar,+91 9424499121,kia_seltos_3130,2023-04-17T12:00:00,AC Repair,"Cooling issue fixed, condenser cleaned.",28501,4321.27,2023-11-20T12:00:00,Irfan
22c242b7-d080-4bfe-8f4d-f3f5f6dcd349,Tata Nexon,Karthik Gupta,+91 9441874896,tata_nexon_5252,2024-09-05T12:00:00,Wheel Alignment & Balancing,Tyre rotation and balancing performed.,167456,2545.91,2024-12-27T12:00:00,Sameer
0c4fd644-4c81-4add-9f68-98a1fa1a2e9c,Honda City,Amit Kumar,+91 8427830243,honda_city_6769,2025-04-15T12:00:00,Clutch Overhaul,"Clutch slip issue fixed, release bearing replaced.",171957,19649.73,2026-01-21T12:00:00,Anil
1ab6711e-105a-428b-a627-680bdc1a0c0b,Tata Nexon,Arjun Verma,+91 9951019090,tata_nexon_1327,2025-05-07T12:00:00,Brake Service,"Brake noise complaint resolved, pads adjusted.",23231,3105.52,2025-11-23T12:00:00,Shiva
2286ac2e-9fb9-4aac-8e12-8e6ef70e9356,Maruti Swift,Rahul Naik,+91 8249814503,maruti_swift_7598,2025-11-12T12:00:00,Wheel Alignment & Balancing,4-wheel alignment and balancing done.,138692,996.11,2026-06-22T12:00:00,Shiva
4ad4ba57-25c7-4270-9c22-ac419f131c7b,Mahindra XUV300,Shreya Verma,+91 8557701997,mahindra_xuv300_9230,2024-08-28T12:00:00,General Service,"Periodic service, fluids checked and topped up.",96552,5120.57,2025-02-24T12:00:00,Ramesh
f202a2b4-17c0-4789-8816-a768ce2a37d7,Hyundai i20,Praveen Shetty,+91 8751293189,hyundai_i20_1102,2025-11-13T12:00:00,Battery Replacement,Old battery replaced with new 60Ah unit.,150709,8033.83,2026-10-04T12:00:00,Sameer
873a9a38-b92c-4efc-89f1-48cd830efa3c,Mahindra XUV300,Karthik Verma,+91 9677083116,mahindra_xuv300_7090,2025-02-11T12:00:00,General Service,Standard service with air filter cleaning and washing.,119808,6060.6,2025-08-02T12:00:00,Shiva
f6469145-1dc2-424c-b557-8c8b8a8d16b0,Hyundai i20,Varsha Sharma,+91 9084787293,hyundai_i20_4644,2025-04-02T12:00:00,Brake Service,"Brake noise complaint resolved, pads adjusted.",52525,2972.09,2025-11-17T12:00:00,Anil
552521f0-fe4f-4eb6-832c-bd28e6d95ba8,Maruti Swift,Amit Mehta,+91 7400628977,maruti_swift_2287,2026-01-01T12:00:00,Brake Service,Rear brake pads replaced and brake fluid topped up.,97449,2192.05,2026-08-08T12:00:00,Deepak
7c925f7a-d26f-488f-b793-9f9f127a8773,Mahindra XUV300,Shreya Naik,+91 9888483928,mahindra_xuv300_6853,2023-07-29T12:00:00,General Service,Standard service with air filter cleaning and washing.,113793,7034.72,2023-12-11T12:00:00,Deepak
7e20c3f4-81e5-497f-a217-ce97229453e4,Maruti Swift,Nisha Reddy,+91 7761216280,maruti_swift_3481,2023-08-22T12:00:00,Wheel Alignment & Balancing,Steering pull corrected by wheel alignment.,111269,1346.63,2024-01-03T12:00:00,Manoj
6b03aa7e-2ad1-4aae-be48-4a5caf843b63,Mahindra XUV300,Nisha Mehta,+91 8446457231,mahindra_xuv300_1537,2024-02-03T12:00:00,Brake Service,Front brake pads and discs inspected and replaced.,174968,3745.08,2024-07-19T12:00:00,Ramesh
bf56fd4a-380b-44dc-bc10-0b57f49a59b9,Tata Nexon,Karthik Shetty,+91 9345230046,tata_nexon_3105,2025-12-19T12:00:00,General Service,Standard service with air filter cleaning and washing.,115434,5299.03,2026-07-23T12:00:00,Shiva
da6f86e6-2ad0-4276-abbd-d418a103fc2b,Maruti Swift,Arjun Kumar,+91 9438697416,maruti_swift_3823,2023-12-28T12:00:00,General Service,"Engine oil and oil filter changed, general inspection done.",64663,2992.89,2024-06-04T12:00:00,Manoj
4e06daf5-d4ac-4bf8-8331-b3f7d7886cfe,Hyundai i20,Praveen Shetty,+91 8598258487,hyundai_i20_4787,2025-01-09T12:00:00,General Service,"Periodic service, fluids checked and topped up.",61904,2882.46,2025-08-16T12:00:00,Deepak
74d3e290-145b-4ac5-808b-56a20b2c5f4a,Maruti Swift,Rahul Verma,+91 8149159010,maruti_swift_6551,2024-12-21T12:00:00,AC Repair,AC gas refilled and compressor checked.,82794,1969.91,2025-06-27T12:00:00,Shiva
0398b09d-99e5-421c-91d1-5652883f0b64,Hyundai i20,Arjun Mehta,+91 7408148127,hyundai_i20_9837,2023-08-25T12:00:00,Brake Service,Front brake pads and discs inspected and replaced.,127565,3338.02,2024-01-16T12:00:00,Irfan
c2088bcf-f12f-447c-8ff3-24cfa96a57a9,Maruti Swift,Nisha Kumar,+91 7971223708,maruti_swift_5815,2024-04-15T12:00:00,Engine Repair,Engine overhaul and major internal components serviced.,70544,17854.9,2025-06-14T12:00:00,Ramesh
29f1f8fb-3fd4-467d-ac73-8eec504a5282,Hyundai Creta,Rahul Patel,+91 8429538375,hyundai_creta_1088,2023-05-31T12:00:00,Wheel Alignment & Balancing,Tyre rotation and balancing performed.,77090,2192.28,2023-12-15T12:00:00,Anil
9cf58e5e-f793-4baf-9f90-a5af9c9866e4,Honda City,Amit Reddy,+91 9206679540,honda_city_9977,2025-10-28T12:00:00,General Service,"Periodic service, fluids checked and topped up.",32307,3021.44,2026-05-16T12:00:00,Anil
2d782c9f-7876-41c4-b2c8-ed73cb14b8a7,Maruti Swift,Rahul Reddy,+91 7145986735,maruti_swift_2503,2024-02-17T12:00:00,General Service,Standard service with air filter cleaning and washing.,30680,4432.09,2024-09-16T12:00:00,Irfan
1e6ded72-c33d-45c0-ba21-317d035f5aa4,Mahindra XUV300,Praveen Kumar,+91 7751831638,mahindra_xuv300_8492,2025-08-03T12:00:00,Wheel Alignment & Balancing,Steering pull corrected by wheel alignment.,10345,1340.73,2026-01-28T12:00:00,Sameer
5de45b31-ab0e-4f06-8025-2e7bc1d9af5c,Hyundai i20,Praveen Verma,+91 8094185156,hyundai_i20_9013,2024-01-01T12:00:00,General Service,"Engine oil and oil filter changed, general inspection done.",40072,2764.36,2024-08-02T12:00:00,Shiva
2425fe90-4338-4d58-8361-d1d77a9cb5b4,Honda City,Rahul Reddy,+91 7596879107,honda_city_7195,2023-03-24T12:00:00,AC Repair,"Cooling issue fixed, condenser cleaned.",27031,3238.93,2023-11-25T12:00:00,Manoj
4b1f5869-e163-4c79-afdf-859635b6a0d9,Kia Seltos,Sneha Gupta,+91 7120730076,kia_seltos_4863,2023-02-28T12:00:00,Brake Service,"Brake noise complaint resolved, pads adjusted.",143672,5449.99,2023-08-11T12:00:00,Shiva
4514a97c-4a62-4819-81d3-cdd24f4e20d0,Tata Nexon,Rahul Gupta,+91 9214604659,tata_nexon_2645,2024-11-26T12:00:00,General Service,Standard service with air filter cleaning and washing.,13099,3765.14,2025-06-15T12:00:00,Anil
32e84f96-04a1-4f5c-9e64-4337f55ba8b3,Maruti Baleno,Nisha Mehta,+91 7559992002,maruti_baleno_8322,2024-11-25T12:00:00,Battery Replacement,Old battery replaced with new 60Ah unit.,12898,3235.14,2026-02-05T12:00:00,Anil
2da84e6f-cc96-4289-a8df-720c14b337c9,Tata Nexon,Rahul Naik,+91 8613602543,tata_nexon_3845,2025-10-28T12:00:00,Wheel Alignment & Balancing,Tyre rotation and balancing performed.,111214,2088.5,2026-04-20T12:00:00,Shiva
92363779-c5bf-4b2a-9e60-bec044146e9e,Mahindra XUV300,Varsha Sharma,+91 7362985081,mahindra_xuv300_5384,2025-07-19T12:00:00,Engine Repair,"Misfiring issue fixed, spark plugs replaced.",165303,22255.7,2026-04-01T12:00:00,Kiran
fa5f5e27-ef04-4547-a938-ee58946a8abf,Hyundai Creta,Amit Patel,+91 8519218997,hyundai_creta_1837,2023-11-12T12:00:00,Wheel Alignment & Balancing,4-wheel alignment and balancing done.,122423,1878.96,2024-04-13T12:00:00,Ramesh
fa8659ed-388c-4c5a-ba76-1c5b716bf703,Hyundai Creta,Praveen Patel,+91 9660140522,hyundai_creta_2254,2025-06-21T12:00:00,AC Repair,AC vents cleaned and cabin filter replaced.,57400,2962.52,2025-12-18T12:00:00,Anil
93459c21-c4a6-4967-8782-bd196280c9ab,Kia Seltos,Amit Kumar,+91 8103446363,kia_seltos_9805,2024-05-13T12:00:00,Brake Service,Front brake pads and discs inspected and replaced.,29251,2769.79,2024-12-16T12:00:00,Kiran
4eaa4ff6-6f47-4dee-9830-0357c3b9eaf5,Hyundai Creta,Shreya Patel,+91 9209058364,hyundai_creta_4347,2025-10-09T12:00:00,Battery Replacement,No-start issue fixed with new battery.,174898,8049.68,2026-12-21T12:00:00,Irfan
4ee3f48a-7735-4030-ac5c-711bf9297121,Kia Seltos,Amit Rao,+91 7338309902,kia_seltos_4257,2025-09-09T12:00:00,Battery Replacement,No-start issue fixed with new battery.,36637,8788.22,2027-01-07T12:00:00,Deepak
24cac7ef-46f9-4ba6-bbba-2830b3baad37,Hyundai i20,Varsha Rao,+91 7077766686,hyundai_i20_1641,2024-05-01T12:00:00,Brake Service,"Brake noise complaint resolved, pads adjusted.",140995,4461.95,2024-12-30T12:00:00,Manoj
67a2d7d1-ceec-4950-aa74-fb714347a08b,Maruti Baleno,Praveen Gupta,+91 7337443810,maruti_baleno_6021,2024-06-09T12:00:00,Battery Replacement,Battery terminals cleaned and new battery installed.,161584,7186.07,2025-09-16T12:00:00,Manoj
3b6b4120-743b-4b58-9cb3-80e8f6cd558f,Hyundai Creta,Karthik Verma,+91 7356287373,hyundai_creta_6411,2024-07-03T12:00:00,Wheel Alignment & Balancing,Tyre rotation and balancing performed.,75385,1843.46,2024-11-21T12:00:00,Deepak
2f0ab592-e678-4a07-822e-4ec9817c7cbb,Maruti Swift,Varsha Kumar,+91 8597234589,maruti_swift_1550,2024-10-15T12:00:00,General Service,Standard service with air filter cleaning and washing.,161367,4793.0,2025-03-26T12:00:00,Deepak
35cc49a3-2f81-452e-8c9d-4df793ab65ae,Hyundai Creta,Rahul Patel,+91 9046514468,hyundai_creta_4531,2024-03-31T12:00:00,Clutch Overhaul,"Clutch slip issue fixed, release bearing replaced.",120269,16703.09,2025-04-28T12:00:00,Manoj
c476f65c-f7fd-4bac-b805-ec5c4c11cbdf,Maruti Swift,Karthik Shetty,+91 7123692553,maruti_swift_4071,2024-08-15T12:00:00,General Service,Standard service with air filter cleaning and washing.,50305,3774.37,2025-03-08T12:00:00,Ramesh
33163be3-d46b-4eb0-94fa-3474393d6886,Tata Nexon,Rohan Shetty,+91 8109186431,tata_nexon_9127,2025-01-09T12:00:00,Brake Service,"Brake noise complaint resolved, pads adjusted.",119547,3918.57,2025-08-05T12:00:00,Deepak
a44f2200-89ab-4cfd-896c-42902374526d,Maruti Baleno,Nisha Shetty,+91 8560680256,maruti_baleno_7523,2023-03-21T12:00:00,General Service,"Engine oil and oil filter changed, general inspection done.",100685,5712.61,2023-09-22T12:00:00,Anil
0ca028e7-aafb-4979-9bc3-bbc4009f38d1,Hyundai i20,Praveen Rao,+91 8448019696,hyundai_i20_4857,2025-10-11T12:00:00,Engine Repair,"Misfiring issue fixed, spark plugs replaced.",99517,24121.42,2026-07-03T12:00:00,Ramesh
8083013a-efab-4373-833b-a64d69d670ec,Tata Nexon,Nisha Gupta,+91 9337058044,tata_nexon_8433,2024-09-27T12:00:00,Brake Service,Rear brake pads replaced and brake fluid topped up.,27728,1910.8,2025-01-13T12:00:00,Kiran
733bb01a-e4b3-47af-ba1e-9548edf038c2,Tata Nexon,Arjun Kumar,+91 9977813830,tata_nexon_7569,2023-07-06T12:00:00,AC Repair,"Cooling issue fixed, condenser cleaned.",10794,2725.37,2024-02-09T12:00:00,Manoj
21ace59d-3f8e-4016-befa-fa47e9715da0,Honda City,Rohan Verma,+91 7051802107,honda_city_6069,2023-04-20T12:00:00,General Service,"Periodic service, fluids checked and topped up.",46050,3418.05,2023-11-12T12:00:00,Shiva
5363c546-c608-4981-a675-169e0fcc19fa,Mahindra XUV300,Rohan Reddy,+91 7375217850,mahindra_xuv300_3682,2023-08-31T12:00:00,AC Repair,"Cooling issue fixed, condenser cleaned.",86611,3598.22,2024-03-26T12:00:00,Anil
a5f764c6-c660-4927-84f1-179d8254ed72,Maruti Baleno,Amit Patel,+91 9740311920,maruti_baleno_7066,2025-08-09T12:00:00,Wheel Alignment & Balancing,Steering pull corrected by wheel alignment.,59090,1860.56,2025-12-24T12:00:00,Ramesh
a2f33d0b-8df8-4869-a31e-cce7bea717f6,Hyundai i20,Karthik Shetty,+91 8803355892,hyundai_i20_6651,2025-09-12T12:00:00,Wheel Alignment & Balancing,Tyre rotation and balancing performed.,113402,1570.42,2026-04-11T12:00:00,Shiva
429efa0c-3777-4f58-82da-15fe4b99c692,Tata Nexon,Rahul Kumar,+91 8736378540,tata_nexon_3398,2025-09-30T12:00:00,Clutch Overhaul,Clutch plate and pressure plate changed.,43212,18305.44,2027-01-08T12:00:00,Irfan
e9442ba9-ca04-4019-8db4-4201d3f577d8,Mahindra XUV300,Nisha Sharma,+91 7737991563,mahindra_xuv300_2616,2024-09-02T12:00:00,General Service,Standard service with air filter cleaning and washing.,23553,3956.63,2025-03-08T12:00:00,Manoj
36444e03-a85c-4e44-8b71-666eb75a03ec,Hyundai Creta,Sneha Reddy,+91 9413951498,hyundai_creta_2758,2024-12-22T12:00:00,Wheel Alignment & Balancing,Tyre rotation and balancing performed.,146685,2529.09,2025-08-14T12:00:00,Ramesh
1ba78816-fe51-4ad2-84e6-8f41056f4f6c,Mahindra XUV300,Praveen Reddy,+91 7654835124,mahindra_xuv300_9791,2023-02-28T12:00:00,Clutch Overhaul,Clutch plate and pressure plate changed.,175586,27119.62,2023-10-29T12:00:00,Ramesh
9ce7773b-c521-47f9-8eb6-54781047f4fe,Mahindra XUV300,Rahul Verma,+91 7001619970,mahindra_xuv300_1672,2024-08-18T12:00:00,General Service,"Periodic service, fluids checked and topped up.",141122,3576.12,2025-01-19T12:00:00,Anil
093de5cb-0cc5-46e3-82bc-9e0371ac624c,Kia Seltos,Sneha Kumar,+91 7241655742,kia_seltos_8493,2024-09-09T12:00:00,Engine Repair,"Misfiring issue fixed, spark plugs replaced.",49815,17375.12,2026-01-31T12:00:00,Shiva
042111b8-9f78-44c7-9f89-8721e9dcfe9c,Mahindra XUV300,Sneha Naik,+91 7738742032,mahindra_xuv300_3134,2025-09-14T12:00:00,Brake Service,Rear brake pads replaced and brake fluid topped up.,79762,2110.35,2026-05-20T12:00:00,Ramesh
2718fb94-76c4-4420-af8a-06610610cb5a,Tata Nexon,Rohan Reddy,+91 8377926065,tata_nexon_7152,2024-10-19T12:00:00,Wheel Alignment & Balancing,4-wheel alignment and balancing done.,15690,1064.84,2025-04-12T12:00:00,Shiva
925fcb5d-a1be-4bc5-a823-7eb0bbc9f1fc,Hyundai i20,Rahul Kumar,+91 7794215580,hyundai_i20_1139,2024-01-28T12:00:00,General Service,"Periodic service, fluids checked and topped up.",75251,4139.84,2024-07-04T12:00:00,Ramesh
12c8b33a-45a0-404b-bfba-01d79611b30b,Maruti Baleno,Rahul Mehta,+91 7891668687,maruti_baleno_6883,2024-08-24T12:00:00,General Service,"Engine oil and oil filter changed, general inspection done.",11600,1841.74,2025-02-24T12:00:00,Ramesh
3a367a81-1c32-4878-8dc4-b0b47ecf7559,Maruti Baleno,Varsha Gupta,+91 8648377356,maruti_baleno_1693,2024-08-04T12:00:00,Wheel Alignment & Balancing,4-wheel alignment and balancing done.,77919,1153.9,2024-12-17T12:00:00,Irfan
2fe6dedb-5346-48dd-aa84-8b9051967f95,Maruti Baleno,Karthik Shetty,+91 8066271464,maruti_baleno_9934,2024-04-13T12:00:00,General Service,Standard service with air filter cleaning and washing.,26426,2328.38,2024-11-05T12:00:00,Ramesh
ad44eb45-bfae-4445-8c3c-a57b9ce2bc3a,Hyundai i20,Nisha Patel,+91 7617820376,hyundai_i20_6023,2023-07-11T12:00:00,Wheel Alignment & Balancing,Steering pull corrected by wheel alignment.,148379,2655.48,2023-12-18T12:00:00,Anil
46e6b8a0-e87c-4da6-888f-a68c56ff0eb7,Kia Seltos,Rohan Shetty,+91 7801657100,kia_seltos_5435,2025-09-19T12:00:00,Brake Service,Rear brake pads replaced and brake fluid topped up.,71845,3095.41,2026-05-14T12:00:00,Kiran
0e4d079c-dd6d-4a6a-a55e-64df461572ca,Tata Nexon,Arjun Patel,+91 7456055270,tata_nexon_6353,2024-10-08T12:00:00,Clutch Overhaul,"Clutch slip issue fixed, release bearing replaced.",52696,14033.24,2025-08-17T12:00:00,Ramesh
f4107968-f3d3-4ebc-9859-24518e361292,Maruti Baleno,Sneha Mehta,+91 8956325007,maruti_baleno_1931,2023-11-02T12:00:00,Wheel Alignment & Balancing,Steering pull corrected by wheel alignment.,14232,827.77,2024-04-08T12:00:00,Kiran
25e35c39-e5c9-47cb-a10f-ed33edbe521a,Maruti Baleno,Sneha Reddy,+91 7350251369,maruti_baleno_3322,2024-02-29T12:00:00,General Service,"Periodic service, fluids checked and topped up.",96730,5535.16,2024-07-30T12:00:00,Manoj
568fa4e0-07dd-4d8b-b429-baabc1bb03e1,Hyundai i20,Shreya Sharma,+91 7933732034,hyundai_i20_9419,2024-02-13T12:00:00,Engine Repair,"Misfiring issue fixed, spark plugs replaced.",132654,16740.44,2025-05-31T12:00:00,Anil
4f4255cf-0397-448f-8cc6-6b2f8174eb5d,Maruti Baleno,Nisha Shetty,+91 7114684294,maruti_baleno_1940,2024-05-21T12:00:00,General Service,Standard service with air filter cleaning and washing.,174808,4503.59,2024-11-03T12:00:00,Shiva
4ef500f2-fca7-4460-b7ea-438baf2e7d00,Maruti Swift,Rahul Shetty,+91 9216750888,maruti_swift_2909,2024-02-27T12:00:00,AC Repair,AC vents cleaned and cabin filter replaced.,47423,2075.55,2024-06-11T12:00:00,Anil
a783f9e2-17bb-4452-ba97-6283a8c21a85,Mahindra XUV300,Praveen Patel,+91 7780946518,mahindra_xuv300_5097,2023-02-11T12:00:00,Wheel Alignment & Balancing,Tyre rotation and balancing performed.,62064,1651.86,2023-06-01T12:00:00,Kiran
648c45fe-0d54-4a1a-96bf-6ca4d5e693a0,Tata Nexon,Arjun Mehta,+91 7575725667,tata_nexon_3425,2024-01-29T12:00:00,General Service,"Periodic service, fluids checked and topped up.",149591,5058.04,2024-09-09T12:00:00,Irfan
cf2bbb80-bb98-464b-a62e-7006ff4573eb,Maruti Swift,Rahul Rao,+91 7063671654,maruti_swift_2407,2025-08-24T12:00:00,Engine Repair,Engine overhaul and major internal components serviced.,40604,11614.57,2026-08-15T12:00:00,Irfan
ef148a84-b39c-4b75-b018-9721362a53bc,Hyundai Creta,Varsha Mehta,+91 8837563813,hyundai_creta_7187,2025-09-20T12:00:00,Engine Repair,Timing belt replaced and engine tuned.,156047,26707.46,2026-11-18T12:00:00,Manoj
1ef849c1-61b7-49b7-90cb-daa9840e70e0,Tata Nexon,Sneha Sharma,+91 7510168871,tata_nexon_1400,2025-05-11T12:00:00,General Service,Standard service with air filter cleaning and washing.,175745,8260.15,2025-10-31T12:00:00,Sameer
f51d4021-6fc3-422b-8a1d-992740301b25,Maruti Swift,Varsha Mehta,+91 7009920513,maruti_swift_4042,2025-05-06T12:00:00,General Service,"Engine oil and oil filter changed, general inspection done.",134295,7410.52,2025-10-29T12:00:00,Irfan
3a8f3358-430c-4787-af0c-acb1cac361f2,Mahindra XUV300,Rahul Reddy,+91 7158874373,mahindra_xuv300_9542,2025-03-20T12:00:00,Engine Repair,Timing belt replaced and engine tuned.,25310,11050.63,2026-02-28T12:00:00,Kiran
e60c1d44-2ac2-4453-839f-0bf2db4485fb,Maruti Baleno,Rahul Gupta,+91 7606083157,maruti_baleno_6476,2023-12-04T12:00:00,General Service,Standard service with air filter cleaning and washing.,118060,3111.82,2024-06-25T12:00:00,Sameer
9e83c0ec-150e-4226-a5b5-6937dbb09569,Maruti Swift,Shreya Patel,+91 8841100689,maruti_swift_4127,2024-04-22T12:00:00,AC Repair,AC vents cleaned and cabin filter replaced.,86513,3204.87,2024-09-11T12:00:00,Manoj
5c122c71-6f33-438e-ac91-0e16b9db55ed,Mahindra XUV300,Varsha Rao,+91 7536578991,mahindra_xuv300_9163,2023-11-24T12:00:00,Wheel Alignment & Balancing,Steering pull corrected by wheel alignment.,115352,2261.8,2024-06-14T12:00:00,Anil
ffb53d03-e1f8-4d9b-aab5-915811fef2e6,Kia Seltos,Amit Shetty,+91 8437059547,kia_seltos_4898,2023-06-19T12:00:00,Clutch Overhaul,Clutch plate and pressure plate changed.,39757,16987.92,2024-05-29T12:00:00,Kiran
371cfffa-ee8c-4da3-ab5b-725ec550f741,Kia Seltos,Amit Shetty,+91 7203870172,kia_seltos_2428,2024-05-23T12:00:00,Brake Service,Front brake pads and discs inspected and replaced.,77377,3348.07,2024-10-29T12:00:00,Manoj
0ef0e022-bff8-40a5-82af-b241b703cb94,Kia Seltos,Sneha Shetty,+91 7050581075,kia_seltos_2222,2024-07-16T12:00:00,AC Repair,AC vents cleaned and cabin filter replaced.,34865,3068.71,2024-11-03T12:00:00,Anil
d2225f4e-d998-4c07-a7d3-562ac40ce9c1,Honda City,Sneha Kumar,+91 8360600710,honda_city_8314,2025-11-20T12:00:00,Brake Service,"Brake noise complaint resolved, pads adjusted.",84026,2933.37,2026-06-19T12:00:00,Kiran
3ae554a5-ca10-4b32-90f3-9585596dd9cb,Kia Seltos,Praveen Gupta,+91 8622924750,kia_seltos_9593,2025-12-08T12:00:00,General Service,"Engine oil and oil filter changed, general inspection done.",40929,5479.95,2026-04-23T12:00:00,Kiran
40efd402-5047-4096-a4a6-3265428b16a5,Honda City,Rahul Gupta,+91 9187550671,honda_city_6789,2025-05-18T12:00:00,General Service,"Engine oil and oil filter changed, general inspection done.",162851,5918.37,2025-12-04T12:00:00,Kiran
e0488641-8a0a-41a4-96ab-fa9303a9cf56,Kia Seltos,Shreya Patel,+91 8785112260,kia_seltos_7926,2025-05-15T12:00:00,Wheel Alignment & Balancing,Tyre rotation and balancing performed.,96862,1669.44,2025-10-03T12:00:00,Kiran
80288e62-7d56-4e90-9d85-187b1535ec3f,Kia Seltos,Amit Verma,+91 7052076541,kia_seltos_5383,2024-06-15T12:00:00,AC Repair,AC vents cleaned and cabin filter replaced.,125495,3415.34,2025-02-10T12:00:00,Kiran
78201546-ebe1-4aa3-94e0-076046601992,Tata Nexon,Praveen Kumar,+91 9145447228,tata_nexon_6026,2025-06-17T12:00:00,Brake Service,"Brake noise complaint resolved, pads adjusted.",109686,3397.06,2026-01-25T12:00:00,Ramesh
c0f77227-3d33-46ed-ac10-5c07d1a39e82,Kia Seltos,Praveen Rao,+91 9376726777,kia_seltos_6831,2023-05-04T12:00:00,General Service,"Periodic service, fluids checked and topped up.",19047,3544.16,2023-09-24T12:00:00,Shiva
197e3e6a-9b19-4402-baa4-c6fabcc9f8c0,Mahindra XUV300,Karthik Kumar,+91 7254640735,mahindra_xuv300_7138,2024-10-02T12:00:00,Brake Service,"Brake noise complaint resolved, pads adjusted.",177850,4123.74,2025-03-02T12:00:00,Kiran
42b2f92d-e9ba-4433-8f8d-3b93f6a0bb3e,Kia Seltos,Nisha Patel,+91 8880662563,kia_seltos_7178,2024-07-28T12:00:00,General Service,"Engine oil and oil filter changed, general inspection done.",51520,3101.48,2024-12-22T12:00:00,Ramesh
0943d477-367e-4667-9ba4-ba87a25068ef,Mahindra XUV300,Shreya Mehta,+91 9434451442,mahindra_xuv300_2154,2024-03-17T12:00:00,Battery Replacement,Old battery replaced with new 60Ah unit.,163868,14434.38,2025-01-25T12:00:00,Anil
a6177e7c-fc16-4157-850c-28855dbd6db6,Mahindra XUV300,Nisha Verma,+91 9571458789,mahindra_xuv300_7263,2025-01-28T12:00:00,General Service,Standard service with air filter cleaning and washing.,104315,7367.58,2025-07-16T12:00:00,Anil
92717989-c6db-4bf5-940b-7f0cc58d018a,Maruti Baleno,Varsha Rao,+91 8243841591,maruti_baleno_8554,2023-07-24T12:00:00,Clutch Overhaul,"Clutch slip issue fixed, release bearing replaced.",165906,27065.47,2024-03-08T12:00:00,Ramesh
5a0f08d2-f527-4329-83ae-f53996df1d8d,Tata Nexon,Shreya Sharma,+91 9625670327,tata_nexon_8058,2023-12-30T12:00:00,Clutch Overhaul,"Clutch slip issue fixed, release bearing replaced.",50796,16444.59,2025-06-18T12:00:00,Kiran
9d58e2ef-64b4-488a-8a40-f7238b185b3b,Honda City,Karthik Verma,+91 8754124164,honda_city_2297,2023-10-08T12:00:00,Wheel Alignment & Balancing,4-wheel alignment and balancing done.,79022,1230.59,2024-01-27T12:00:00,Sameer
57c6ed0c-9773-40fe-9b79-8fa442d509ee,Honda City,Arjun Reddy,+91 7972701196,honda_city_7710,2024-05-11T12:00:00,Brake Service,Front brake pads and discs inspected and replaced.,28951,3309.1,2025-01-20T12:00:00,Manoj
c1395332-44f0-4aea-a4d3-bd1b1d54a105,Hyundai Creta,Praveen Kumar,+91 7090452017,hyundai_creta_5724,2025-08-19T12:00:00,AC Repair,AC gas refilled and compressor checked.,35547,3371.18,2025-12-23T12:00:00,Shiva
ec06deb0-479c-40db-af52-cb4156a28e01,Hyundai i20,Nisha Rao,+91 8019593939,hyundai_i20_5693,2024-03-30T12:00:00,Brake Service,Front brake pads and discs inspected and replaced.,68779,2664.16,2024-07-17T12:00:00,Sameer
21a06d04-9f12-4b93-83a6-e57d238ea160,Tata Nexon,Amit Kumar,+91 7710137767,tata_nexon_4212,2025-03-10T12:00:00,Clutch Overhaul,Clutch plate and pressure plate changed.,70453,15712.68,2025-11-05T12:00:00,Ramesh
5bee9c47-90b7-4e7b-a06b-5749e08bc363,Maruti Baleno,Shreya Kumar,+91 7333214855,maruti_baleno_2481,2023-04-06T12:00:00,General Service,"Engine oil and oil filter changed, general inspection done.",155375,4059.45,2023-08-19T12:00:00,Manoj
c946aca7-d351-41cb-9a6d-65990103f389,Honda City,Karthik Kumar,+91 9328782734,honda_city_6010,2025-11-26T12:00:00,General Service,"Periodic service, fluids checked and topped up.",48214,3165.62,2026-05-08T12:00:00,Sameer
c5f312fe-ed42-4973-861f-15e661b4c023,Hyundai i20,Rahul Sharma,+91 7546648179,hyundai_i20_2440,2024-10-21T12:00:00,Clutch Overhaul,"Clutch slip issue fixed, release bearing replaced.",103529,16728.62,2026-03-28T12:00:00,Irfan
22e81163-dc99-4148-8938-1e86a3c7e27f,Tata Nexon,Varsha Naik,+91 9875467582,tata_nexon_3047,2024-01-21T12:00:00,General Service,"Engine oil and oil filter changed, general inspection done.",161930,4228.04,2024-06-04T12:00:00,Kiran
5369722f-26d0-4b44-8891-7e25e76894c6,Kia Seltos,Rahul Rao,+91 8569507707,kia_seltos_7478,2025-06-17T12:00:00,Brake Service,"Brake noise complaint resolved, pads adjusted.",123969,4989.4,2026-01-08T12:00:00,Manoj
0cd2d5c1-6241-4ccc-937a-8c6966841b12,Hyundai Creta,Arjun Mehta,+91 8487438788,hyundai_creta_3451,2023-08-09T12:00:00,General Service,Standard service with air filter cleaning and washing.,76082,3880.03,2024-03-02T12:00:00,Shiva
390eb0af-7248-4a3f-bc4b-cf4bfcdbc417,Kia Seltos,Praveen Kumar,+91 9488161359,kia_seltos_2862,2024-02-22T12:00:00,General Service,"Engine oil and oil filter changed, general inspection done.",64299,3593.69,2024-07-18T12:00:00,Ramesh
e6351330-317b-4288-906c-f85a62f04c5e,Hyundai Creta,Rahul Gupta,+91 8927135433,hyundai_creta_5178,2023-05-03T12:00:00,General Service,Standard service with air filter cleaning and washing.,141899,8377.15,2023-11-30T12:00:00,Irfan
5305fcc7-0853-4856-bd54-b9e851da8123,Kia Seltos,Rahul Shetty,+91 9639650222,kia_seltos_6830,2025-07-27T12:00:00,AC Repair,AC vents cleaned and cabin filter replaced.,176968,5862.81,2025-12-07T12:00:00,Sameer
043bcf33-643b-477b-af54-7ca040ac42a9,Tata Nexon,Praveen Patel,+91 8224548847,tata_nexon_2132,2025-04-27T12:00:00,General Service,Standard service with air filter cleaning and washing.,17028,3455.58,2025-10-09T12:00:00,Kiran
9446e714-2d23-4522-80af-cd0d59e1be1b,Maruti Baleno,Rohan Sharma,+91 7031018342,maruti_baleno_1893,2023-02-28T12:00:00,Battery Replacement,Old battery replaced with new 60Ah unit.,8750,5630.79,2024-04-09T12:00:00,Shiva
6c871ecb-246f-416a-aed5-9d8f795f2956,Mahindra XUV300,Shreya Patel,+91 8141187159,mahindra_xuv300_7420,2025-12-13T12:00:00,General Service,"Engine oil and oil filter changed, general inspection done.",175494,6747.88,2026-06-19T12:00:00,Deepak
38b80d8f-aaa5-41db-ac19-67f05889df42,Honda City,Sneha Naik,+91 8458141559,honda_city_7210,2025-09-20T12:00:00,General Service,Standard service with air filter cleaning and washing.,28936,3646.25,2026-03-24T12:00:00,Manoj
09d81da1-2f9c-4a90-80cf-6596892e532a,Maruti Swift,Amit Reddy,+91 8734506122,maruti_swift_7544,2025-12-31T12:00:00,AC Repair,AC vents cleaned and cabin filter replaced.,52249,1986.67,2026-08-08T12:00:00,Irfan
2081657a-bbea-44db-9a42-897e687408de,Maruti Swift,Sneha Sharma,+91 8515628113,maruti_swift_4317,2025-02-27T12:00:00,Brake Service,Front brake pads and discs inspected and replaced.,100892,3446.99,2025-07-13T12:00:00,Sameer
24681367-865b-4396-b9d7-9ccb76d76e49,Maruti Baleno,Nisha Verma,+91 9484157802,maruti_baleno_3125,2025-09-11T12:00:00,Clutch Overhaul,"Clutch slip issue fixed, release bearing replaced.",137223,24646.83,2027-02-10T12:00:00,Deepak
612f753f-51ae-4db1-b1b0-03ff212ecb02,Hyundai i20,Sneha Shetty,+91 9521453918,hyundai_i20_5966,2023-12-27T12:00:00,Wheel Alignment & Balancing,4-wheel alignment and balancing done.,53302,2164.57,2024-05-31T12:00:00,Deepak
51351586-b723-4d6d-beb7-73327b74c8b6,Tata Nexon,Nisha Verma,+91 8301847929,tata_nexon_1392,2023-04-17T12:00:00,Wheel Alignment & Balancing,Tyre rotation and balancing performed.,22512,1244.89,2023-08-21T12:00:00,Deepak
adf8a6a7-de3d-4c02-8a6c-75333f8ad405,Mahindra XUV300,Praveen Reddy,+91 9700560459,mahindra_xuv300_3602,2025-07-12T12:00:00,General Service,"Engine oil and oil filter changed, general inspection done.",53261,5101.21,2025-12-02T12:00:00,Anil
2b88da62-f807-443c-a759-ff2dcf1dae8e,Mahindra XUV300,Amit Rao,+91 8583599229,mahindra_xuv300_8472,2024-06-18T12:00:00,General Service,"Engine oil and oil filter changed, general inspection done.",159334,8351.68,2024-12-11T12:00:00,Shiva
af5c1f14-42ec-4903-83bf-fff6c389b768,Hyundai i20,Karthik Rao,+91 8077260669,hyundai_i20_4991,2024-08-26T12:00:00,Engine Repair,Engine overhaul and major internal components serviced.,137183,16732.41,2025-10-16T12:00:00,Kiran
91e0c01d-898d-47c6-9cf7-d8eb4dc3a342,Maruti Baleno,Shreya Sharma,+91 9680462121,maruti_baleno_2219,2023-11-09T12:00:00,Wheel Alignment & Balancing,Steering pull corrected by wheel alignment.,161384,3066.33,2024-05-30T12:00:00,Ramesh
00ce14c0-7769-4e9a-b184-bee09c5f4d2f,Tata Nexon,Shreya Sharma,+91 8864676154,tata_nexon_3801,2023-02-14T12:00:00,Clutch Overhaul,Clutch plate and pressure plate changed.,5666,16324.05,2023-10-22T12:00:00,Manoj
ad5836f9-16e6-42fe-94ee-e30e8ab17db8,Maruti Swift,Nisha Sharma,+91 8983816730,maruti_swift_6050,2025-07-24T12:00:00,Wheel Alignment & Balancing,4-wheel alignment and balancing done.,175867,2103.05,2026-02-04T12:00:00,Irfan
4c339752-40e4-47ea-bca4-51d6e493cfb5,Maruti Swift,Arjun Mehta,+91 7229614498,maruti_swift_6640,2025-04-04T12:00:00,Brake Service,Front brake pads and discs inspected and replaced.,47690,2181.76,2025-09-24T12:00:00,Deepak
f63aea14-e326-4ebd-b8cb-0af467a471e6,Hyundai Creta,Sneha Shetty,+91 7436542289,hyundai_creta_9173,2023-10-17T12:00:00,General Service,"Periodic service, fluids checked and topped up.",123847,3737.83,2024-05-10T12:00:00,Kiran
097bf2c4-2f48-402a-b82b-d7e0579cf4bd,Hyundai Creta,Karthik Verma,+91 8211477624,hyundai_creta_7772,2024-08-30T12:00:00,General Service,"Engine oil and oil filter changed, general inspection done.",43004,2441.46,2025-04-10T12:00:00,Ramesh
9f3669cf-a305-44e0-a2a9-ef140cdb1ee0,Maruti Baleno,Sneha Reddy,+91 7275543586,maruti_baleno_6021,2024-12-01T12:00:00,Wheel Alignment & Balancing,4-wheel alignment and balancing done.,22813,995.33,2025-05-07T12:00:00,Deepak
6679d4c7-dfc4-47e2-b010-e4d65a39d3a1,Honda City,Rahul Patel,+91 8196902176,honda_city_8931,2024-05-20T12:00:00,Clutch Overhaul,Clutch plate and pressure plate changed.,150392,24493.73,2025-03-16T12:00:00,Deepak
5efe538d-d3ee-4d11-aae0-f8c3c4afe75b,Mahindra XUV300,Praveen Verma,+91 7965003534,mahindra_xuv300_2258,2025-04-07T12:00:00,General Service,Standard service with air filter cleaning and washing.,95926,4541.74,2025-10-28T12:00:00,Kiran
7c4acf9a-ebf3-4a09-9764-58c67e6b89b7,Maruti Baleno,Arjun Reddy,+91 8423549532,maruti_baleno_6312,2025-01-07T12:00:00,Wheel Alignment & Balancing,4-wheel alignment and balancing done.,58393,1173.67,2025-09-08T12:00:00,Kiran
1421a733-da95-4593-b70c-bf9261202f00,Tata Nexon,Rohan Rao,+91 8056283945,tata_nexon_5094,2024-10-19T12:00:00,General Service,"Engine oil and oil filter changed, general inspection done.",129350,6967.81,2025-05-30T12:00:00,Manoj
c6deb8b1-f1fd-48d4-a475-c19bca6d0009,Hyundai Creta,Rahul Sharma,+91 8135982121,hyundai_creta_9807,2025-09-14T12:00:00,General Service,"Periodic service, fluids checked and topped up.",71965,3335.07,2026-03-01T12:00:00,Manoj
1554cdb5-54fb-4687-b5c7-79e759c66b4d,Hyundai Creta,Shreya Verma,+91 8576666317,hyundai_creta_6820,2024-09-10T12:00:00,Clutch Overhaul,Clutch plate and pressure plate changed.,26786,19631.06,2026-02-16T12:00:00,Kiran
2c21b08d-6ca5-44cf-a492-40c18367a922,Hyundai i20,Varsha Kumar,+91 8341022300,hyundai_i20_5896,2024-09-15T12:00:00,Brake Service,"Brake noise complaint resolved, pads adjusted.",89228,2087.19,2025-01-26T12:00:00,Anil
366fd768-b194-4474-9591-4fa29b57bb30,Mahindra XUV300,Arjun Patel,+91 9771498339,mahindra_xuv300_9961,2025-03-17T12:00:00,AC Repair,AC vents cleaned and cabin filter replaced.,29713,3676.6,2025-11-01T12:00:00,Shiva
13fb2205-652f-4385-9998-a457b733e4ac,Maruti Swift,Nisha Rao,+91 8570730155,maruti_swift_8388,2025-02-20T12:00:00,Brake Service,Rear brake pads replaced and brake fluid topped up.,146329,2954.67,2025-07-04T12:00:00,Kiran
95c2269e-21b1-4c34-aceb-b27a384fbf5b,Tata Nexon,Shreya Verma,+91 7194221460,tata_nexon_8785,2024-06-15T12:00:00,General Service,Standard service with air filter cleaning and washing.,172037,5953.06,2024-12-20T12:00:00,Kiran
0d6e7c39-e0e4-483a-91fa-88d4aef6323a,Tata Nexon,Praveen Kumar,+91 8643693774,tata_nexon_3249,2023-03-12T12:00:00,Clutch Overhaul,"Clutch slip issue fixed, release bearing replaced.",69548,18400.94,2024-05-15T12:00:00,Manoj
82a1cb83-db19-44fc-8845-c4ed224e86fb,Hyundai i20,Sneha Reddy,+91 8838967602,hyundai_i20_8133,2025-01-19T12:00:00,Brake Service,Rear brake pads replaced and brake fluid topped up.,158238,4065.89,2025-07-07T12:00:00,Shiva
4ec92323-24f0-40dd-8b68-234b760aa135,Kia Seltos,Varsha Gupta,+91 9990280167,kia_seltos_4241,2025-08-12T12:00:00,Wheel Alignment & Balancing,Tyre rotation and balancing performed.,6771,1382.55,2026-03-24T12:00:00,Irfan
87fa5344-0fb4-43c6-8163-61b9cc1f765b,Maruti Swift,Sneha Reddy,+91 8767632550,maruti_swift_5340,2024-07-15T12:00:00,AC Repair,"Cooling issue fixed, condenser cleaned.",122613,3684.72,2025-01-22T12:00:00,Manoj
a1335087-a467-42b1-b39c-6e9f816b5e79,Mahindra XUV300,Sneha Naik,+91 7669042641,mahindra_xuv300_1048,2025-01-29T12:00:00,Clutch Overhaul,Clutch plate and pressure plate changed.,82371,20776.44,2025-11-12T12:00:00,Irfan
1962be69-c090-44a5-9e4d-c4d8d84c3b31,Mahindra XUV300,Rahul Shetty,+91 8490531159,mahindra_xuv300_5248,2024-06-25T12:00:00,Brake Service,Rear brake pads replaced and brake fluid topped up.,149217,4619.67,2025-02-13T12:00:00,Manoj
3157e86f-e498-44a5-80fa-64f4fba676c5,Honda City,Arjun Mehta,+91 8758717226,honda_city_5713,2025-08-20T12:00:00,Brake Service,"Brake noise complaint resolved, pads adjusted.",48034,2082.1,2026-04-03T12:00:00,Sameer
